district,schoolName,schoolAddress,medianResult,unit,lead,status,city,county,latitude,longitude,maxResult
Southern Humboldt Joint Unified,Agnes J. Johnson  Elementary,73 School Road Weott CA 95571-0280,,,False,tested,,Humboldt County,40.321362,-123.925004,
Eureka City Schools,Alice Birney Elementary,717 South Avenue Eureka CA 95503-5041,,,False,tested,Eureka,Humboldt County,40.777503,-124.17911000000001,
Private,Arcata Christian,1700 Union Street Arcata CA 95521,,,False,tested,Arcata,Humboldt County,40.874009,-124.075295,
Arcata Elementary,Arcata Elementary,2400 Baldwin Street Arcata CA 95521-5168,,,False,tested,Arcata,Humboldt County,40.882387,-124.08633200000001,
Northern Humboldt Union High,Arcata High,1720 M Street Arcata CA 95521-5741,,,False,tested,Arcata,Humboldt County,40.875587,-124.089782,
Big Lagoon Union Elementary,Big Lagoon Elementary,269 Big Lagoon Park Road Trinidad CA 95570-9622,8.9,ppb,True,tested,Trinidad,Humboldt County,41.157909000000004,-124.130928,8.9
Blue Lake Union Elementary,Blue Lake Elementary,631 Greenwood Avenue Blue Lake CA 95525-0268,,,False,tested,Blue Lake,Humboldt County,40.885068,-123.9919,
Eureka City Schools,Catherine L. Zane Middle,2155 S Street Eureka CA 95501-3140,,,False,tested,Eureka,Humboldt County,40.787817,-124.14895600000001,
Arcata Elementary,Coastal Grove Charter,1897 S Street Arcata CA 95521-5474,,,False,tested,Arcata,Humboldt County,40.876965999999996,-124.09863,
Cutten Elementary,Cutten Elementary,4182 Walnut Drive Eureka CA 95503-6223,,,False,tested,Eureka,Humboldt County,40.766511,-124.14308,
McKinleyville Union Elementary,Dow's Prairie Elementary,3940 Dows Prairie Road McKinleyville CA 95519-9444,,,False,tested,,Humboldt County,40.976905,-124.095949,
Rio Dell Elementary,Eagle Prairie Elementary,95 Center Street Rio Dell CA 95562-1323,,,,not tested,Rio Dell,Humboldt County,40.501647999999996,-124.105873,
Humboldt County Office of Education,Eel River Community,2292 Newburg Road Fortuna CA 95540-2814,,,,not tested,,Humboldt County,40.589423,-124.142016,
Eureka City Schools,Eureka Senior High,1915 J Street Eureka CA 95501-3052,,,False,tested,Eureka,Humboldt County,40.789770000000004,-124.158786,
Ferndale Unified,Ferndale Elementary,164 Shaw Avenue Ferndale CA 95536-9781,,,False,tested,Ferndale,Humboldt County,40.577958,-124.266706,
Ferndale Unified,Ferndale High,1231 Main Street Ferndale CA 95536-9416,,,False,tested,Ferndale,Humboldt County,40.584493,-124.25976999999999,
Fieldbrook Elementary,Fieldbrook Elementary,4070 Fieldbrook Road McKinleyville CA 95519-9709,,,False,tested,McKinleyville,Humboldt County,40.9562,-124.034916,
Fortuna Union High,Fortuna Adult Education,379 12th Street Fortuna CA 95540-2357,,,,not tested,,Humboldt County,40.594398,-124.154375,
Fortuna Elementary,Fortuna Middle,843 L Street Fortuna CA 95540-1921,,,,not tested,,Humboldt County,40.597082,-124.1583,
Fortuna Union High,Fortuna Union High,379 12th Street Fortuna CA 95540-2398,,,,not tested,,Humboldt County,40.594398,-124.154375,
Freshwater Elementary,Freshwater Charter Middle,75 Greenwood Heights Drive Eureka CA 95503-9569,,,False,tested,Eureka,Humboldt County,40.786017,-124.082047,
Freshwater Elementary,Freshwater Elementary,75 Greenwood Heights Dr. Eureka CA 95503-9569,,,False,tested,Eureka,Humboldt County,40.786017,-124.082047,
Arcata Elementary,Fuente Nueva Charter,1730 Janes Road Arcata CA 95521-9623,,,False,tested,Arcata,Humboldt County,40.880507,-124.100576,
Garfield Elementary,Garfield Elementary,2200 Freshwater Road Eureka CA 95503-9562,,,False,tested,,Humboldt County,40.761519,-124.061724,
Eureka City Schools,Grant Elementary,3901 G Street Eureka CA 95503-6009,,,False,tested,Eureka,Humboldt County,40.771025,-124.16238999999999,
Hydesville Elementary,Hydesville Elementary,3050 Johnson Road Hydesville CA 95547-0551,7.5,ppb,True,tested,,Humboldt County,40.549679,-124.092624,7.5
Jacoby Creek Elementary,Jacoby Creek,1617 Old Arcata Road Bayside CA 95524-9301,,,False,tested,Bayside,Humboldt County,40.84659,-124.06833799999998,
Eureka City Schools,Lafayette Elementary,3100 Park Street Eureka CA 95501-1544,,,False,tested,Eureka,Humboldt County,40.79439,-124.13209099999999,
Northern Humboldt Union High,Laurel Tree Charter,4555 Valley West Boulevard Arcata CA 95521-4683,,,False,tested,Arcata,Humboldt County,40.898709999999994,-124.081544,
Loleta Union Elementary,Loleta Elementary,700 Loleta Drive Loleta CA 95551-0547,5.6,ppb,True,tested,,Humboldt County,40.641844,-124.21025300000001,5.6
Northern Humboldt Union High,McKinleyville High,1300 Murray Road McKinleyville CA 95519-3503,,,False,tested,,Humboldt County,40.956315000000004,-124.10663799999999,
McKinleyville Union Elementary,McKinleyville Middle,2285 Central Avenue McKinleyville CA 95519-3685,,,False,tested,,Humboldt County,40.951671000000005,-124.100936,
Rio Dell Elementary,Monument Middle,95 Center Street Rio Dell CA 95562-1323,,,,not tested,Rio Dell,Humboldt County,40.501647999999996,-124.105873,
McKinleyville Union Elementary,Morris Elementary,2395 McKinleyville Avenue McKinleyville CA 95519-3479,,,False,tested,,Humboldt County,40.948754,-124.110492,
Fortuna Elementary,Norman G. Ambrosini Elementary,3850 Rohnerville Road Fortuna CA 95540-3122,,,False,tested,,Humboldt County,40.580490999999995,-124.132674,
Humboldt County Office of Education,Northcoast Performing Arts and Preparatory Academy Middle,285 Bayside Road Arcata CA 95521,,,False,tested,Arcata,Humboldt County,40.856032,-124.071069,
Humboldt County Office of Education,Northcoast Preparatory and Performing Arts Academy,1761 11th Street Arcata CA 95521-5403,,,False,tested,Arcata,Humboldt County,40.872745,-124.096423,
Humboldt County Office of Education,Northern United Charter School Arcata Learning Center,1539 F Street Arcata CA 95521,,,False,tested,Arcata,Humboldt County,40.873682,-124.08291000000001,
Orick Elementary,Orick Elementary,120918 Highway 101 Orick CA 95555-0128,,,,not tested,Orick,Humboldt County,41.286788,-124.058508,
Klamath-Trinity Joint Unified,Orleans Elementary,38016 Highway 96 Orleans CA 95556-0130,,,,not tested,Orleans,Humboldt County,41.300956,-123.54189299999999,
Northern Humboldt Union High,Pacific Coast High (Continuation),1720 M Street B Arcata CA 95521-5741,,,False,tested,Arcata,Humboldt County,40.875587,-124.089782,
Pacific Union Elementary,Pacific Union Elementary,3001 Janes Road Arcata CA 95521-4701,,,False,tested,Arcata,Humboldt County,40.894707000000004,-124.092478,
Peninsula Union,Peninsula Union Elementary,909 Vance Avenue Samoa CA 95564,,,False,tested,Samoa,Humboldt County,40.822026,-124.182608,
South Bay Union Elementary,Pine Hill Elementary,5230 Vance Avenue Eureka CA 95503-6351,,,False,tested,Eureka,Humboldt County,40.758287,-124.181643,
Southern Humboldt Joint Unified,Redway Elementary,344 Humboldt Avenue Redway CA 95560-0369,8.5,ppb,True,tested,,Humboldt County,40.120006,-123.82526100000001,8.5
Arcata Elementary,Redwood Coast Montessori,1611 Peninsula Drive Arcata CA 95521-9658,,,False,tested,Arcata,Humboldt County,40.845518,-124.16933600000002,
Fortuna Elementary,Redwood Preparatory Charter,1355 Ross Hill Road Fortuna CA 95540-3463,,,,not tested,,Humboldt County,40.576254,-124.145723,
Cutten Elementary,Ridgewood Elementary,2060 Ridgewood Drive Eureka CA 95503-6687,5.6,ppb,True,tested,Eureka,Humboldt County,40.732436,-124.14707800000001,5.6
Scotia Union School District,Scotia Union School District,417 Church Street (PO BOX 217-Mailing only through PO) Scotia CA 95565,,,,not tested,Scotia,Humboldt County,40.483411,-124.10140700000001,
Northern Humboldt Union High,Six Rivers Charter High,1720 M St. Arcata CA 95521-5741,,,False,tested,Arcata,Humboldt County,40.875587,-124.089782,
Private,Six Rivers Montessori,1222 Hallen Drive Arcata CA 95521,5.9,ppb,True,tested,Arcata,Humboldt County,40.900746000000005,-124.07982,5.9
South Bay Union Elementary,South Bay Elementary,6077 Loma Avenue Eureka CA 95503-6869,,,False,tested,Eureka,Humboldt County,40.73465,-124.207291,
Fortuna Elementary,South Fortuna Elementary,2089 Newburg Road Fortuna CA 95540-2706,,,False,tested,,Humboldt County,40.588691,-124.14548899999998,
Arcata Elementary,Sunny Brae Middle,1430 Buttermilk Lane Arcata CA 95521-6910,,,False,tested,Arcata,Humboldt County,40.857432,-124.066797,
Fortuna Elementary,Toddy Thomas Elementary,2800 Thomas Street Fortuna CA 95540-3539,,,False,tested,,Humboldt County,40.568525,-124.136316,
Pacific Union Elementary,Trillium Charter,1464 Spear Avenue Arcata CA 95521-4882,,,False,tested,Arcata,Humboldt County,40.890111,-124.086858,
Trinidad Union Elementary,Trinidad Elementary,300 Trinity Street Trinidad CA 95570-3030,7.199999999999998,ppb,True,tested,Trinidad,Humboldt County,41.060978999999996,-124.14326899999999,9.2
Klamath-Trinity Joint Unified,Trinity Valley Elementary,730 North Highway 96 Willow Creek CA 95573-1229,,,False,tested,Willow Creek,Humboldt County,40.948925,-123.639404,
Arcata Elementary,Union Street Charter,470 Union Street Arcata CA 95521-6429,5.4,ppb,True,tested,Arcata,Humboldt County,40.862904,-124.07694199999999,5.4
Eureka City Schools,Washington Elementary,3322 Dolbeer Street Eureka CA 95503-5633,,,False,tested,Eureka,Humboldt County,40.778213,-124.142129,
Eureka City Schools,Winship Middle,2500 Cypress Avenue Eureka CA 95503-6213,,,False,tested,Eureka,Humboldt County,40.765001,-124.138222,
Eureka City Schools,Zoe Barnum High,216 West Harris Street Eureka CA 95501-4074,,,False,tested,Eureka,Humboldt County,40.780565,-124.17327900000001,
