district,schoolName,schoolAddress,medianResult,unit,lead,status,city,county,latitude,longitude,maxResult
Calexico Unified,Aurora High (Continuation),641 Rockwood Avenue Calexico CA 92231-2700,,,False,tested,Calexico,Imperial County,32.671336,-115.496374,
El Centro Elementary,Ballington Academy for the Arts and Sciences,1525 West Main Street El Centro CA 92243-2211,,,,not tested,El Centro,Imperial County,32.792757,-115.57154799999999,
Brawley Elementary,Barbara Worth Junior High,385 D Street Brawley CA 92227-1912,,,,not tested,Brawley,Imperial County,32.980959000000006,-115.535835,
Imperial Unified,Ben Hulse Elementary,303 South D Street Imperial CA 92251-1433,,,False,tested,Imperial,Imperial County,32.844559999999994,-115.576181,
Calipatria Unified,Bill E. Young Jr. Middle,220 South International Boulevard Calipatria CA 92233-9724,,,False,tested,Calipatria,Imperial County,33.123896,-115.518988,
Calexico Unified,Blanche Charles Elementary,1201 Kloke Road Calexico CA 92231-3491,,,False,tested,Calexico,Imperial County,32.682481,-115.516172,
Brawley Union High,Brawley High,480 North Imperial Avenue Brawley CA 92227-1625,,,,not tested,Brawley,Imperial County,32.982799,-115.534861,
Calexico Unified,Calexico High,1030 Encinas Avenue Calexico CA 92231-2560,,,False,tested,Calexico,Imperial County,32.678336,-115.488417,
Calexico Unified,Calexico High School 9th Grade Campus,824 Blair Ave. Calexico CA 92231,,,False,tested,Calexico,Imperial County,32.673275,-115.49080900000001,
Calipatria Unified,Calipatria High,601 West Main Street Calipatria CA 92233-9787,,,False,tested,Calipatria,Imperial County,33.125679999999996,-115.525085,
Central Union High,Central Union High,1001 Brighton Avenue El Centro CA 92243-3110,,,False,tested,El Centro,Imperial County,32.788121999999994,-115.56489499999999,
Central Union High,Central Union High School District Office,351 W Ross Ave El Centro CA 92243,,,,not tested,El Centro,Imperial County,32.781407,-115.551372,
Calexico Unified,Cesar Chavez Elementary,1251 East Zapata Street Calexico CA 92231-9677,,,False,tested,Calexico,Imperial County,32.689876,-115.47588600000002,
El Centro Elementary,De Anza Magnet,1530 South Waterman Avenue El Centro CA 92243-4142,,,False,tested,El Centro,Imperial County,32.778481,-115.575131,
El Centro Elementary,Desert Garden Elementary,1900 South Sixth Street El Centro CA 92243-4463,,,False,tested,El Centro,Imperial County,32.777018,-115.55740800000001,
Central Union High,Desert Oasis High (Continuation),1302 South Third St El Centro CA 92243-6604,,,False,tested,El Centro,Imperial County,32.781424,-115.548852,
Brawley Union High,Desert Valley High (Continuation),104 West Magnolia Street Brawley CA 92227-1583,,,,not tested,Brawley,Imperial County,32.984724,-115.550618,
Calexico Unified,Dool Elementary,800 Encinas Avenue Calexico CA 92231-2559,17.0,ppb,True,tested,Calexico,Imperial County,32.673626,-115.487218,17.0
El Centro Elementary,El Centro Elementary School District Office,1256 Broadwy El Centro CA 92243,6.6,ppb,True,tested,El Centro,Imperial County,32.794081,-115.566969,6.6
Holtville Unified,Emmett S. Finley Elementary,627 East Sixth Street Holtville CA 92250-1450,,,,not tested,Holtville,Imperial County,32.813793,-115.37101000000001,
Calexico Unified,Enrique Camarena Jr. High,800 East Rivera Avenue Calexico CA 92231-3387,7.5,ppb,True,tested,Calexico,Imperial County,32.673326,-115.474088,7.5
Private,Faith Academy,320 South J Street Imperial CA 92251,,,False,tested,Imperial,Imperial County,32.845245,-115.568247,
Imperial Unified,Frank M. Wright Middle,885 North Imperial Avenue Imperial CA 92251-1105,,,False,tested,El Centro,Imperial County,32.800345,-115.56982099999999,
Calipatria Unified,Fremont Primary,401 West Main Street Calipatria CA 92233-9787,,,False,tested,Calipatria,Imperial County,33.125774,-115.51901000000001,
Calipatria Unified,Grace Smith Elementary,9 East Fourth Street Niland CA 92257-1005,,,False,tested,Niland,Imperial County,33.237924,-115.51714199999999,
El Centro Elementary,Harding Elementary,950 South Seventh Street El Centro CA 92243-3919,,,False,tested,El Centro,Imperial County,32.7846,-115.559458,
Heber Elementary,Heber Elementary,1052 Heber Avenue Heber CA 92249-9759,,,False,tested,,Imperial County,32.727092999999996,-115.530129,
El Centro Elementary,Hedrick Elementary School,550 South Waterman Avenue El Centro CA 92243-3139,,,,not tested,El Centro,Imperial County,32.787991999999996,-115.575493,
Heber Elementary,Herber Dogwood Elementary,44 E Correll Rd Herber CA 92249,,,False,tested,Heber,Imperial County,32.738964,-115.53196200000001,
Holtville Unified,Holtville High,755 Olive Avenue Holtville CA 92250-1015,,,,not tested,Holtville,Imperial County,32.815699,-115.38525800000001,
Holtville Unified,Holtville Junior High,800 Beale Avenue Holtville CA 92250-1404,,,,not tested,Holtville,Imperial County,32.816697,-115.37017800000001,
El Centro Elementary,Home School Science Center,2370 W Main St El Centro CA 92243,,,,not tested,El Centro,Imperial County,32.792936,-115.582206,
El Centro Elementary,Imagine Schools at Imperial Valley,1150 North Imperial Avenue El Centro CA 92243-1740,,,,not tested,El Centro,Imperial County,32.803118,-115.569768,
Imperial Unified,Imperial Ave. Holbrook High,322 North Imperial Avenue Imperial CA 92251-1267,,,False,tested,Imperial,Imperial County,32.849821,-115.569873,
Private,Imperial County Office of Education,1398 Sperber RD El Centro CA 92243,,,,not tested,,Imperial County,32.751406,-115.56451299999999,
Imperial Unified,Imperial High,517 West Barioni Boulevard Imperial CA 92251-1452,,,False,tested,Imperial,Imperial County,32.847402,-115.57515500000001,
Brawley Elementary,J. W. Oakley Elementary,1401 B Street Brawley CA 92227-1912,,,,not tested,Brawley,Imperial County,32.982981,-115.51881100000001,
Calexico Unified,Jefferson Elementary,1120 East Seventh Street Calexico CA 92231-2956,6.65,ppb,True,tested,Calexico,Imperial County,32.671658,-115.482076,65.0
Calexico Unified,Kennedy Gardens Elementary,2300 Rockwood Avenue Calexico CA 92231-1726,,,False,tested,Calexico,Imperial County,32.69368,-115.49616599999999,
El Centro Elementary,Kennedy Middle,900 North Sixth Street El Centro CA 92243-1803,14.5,ppb,True,tested,El Centro,Imperial County,32.801303999999995,-115.55819699999999,16.0
El Centro Elementary,Lincoln Elementary,200 North Twelfth Street El Centro CA 92243-2346,,,False,tested,El Centro,Imperial County,32.794552,-115.56593400000001,
Calexico Unified,Mains Elementary,655 Sheridan Ave Calexico CA 92231-2096,,,False,tested,Calexico,Imperial County,32.678027,-115.510058,
El Centro Elementary,Margaret Hedrick Elementary,550 South Waterman Avenue El Centro CA 92243,,,False,tested,El Centro,Imperial County,32.787991999999996,-115.575493,
El Centro Elementary,Martin Luther King Jr. Elementary,1950 Villa Avenue El Centro CA 92243-1268,,,False,tested,El Centro,Imperial County,32.804895,-115.577454,
McCabe Union Elementary,McCabe Elementary,701 West McCabe Road El Centro CA 92243-9507,,,,not tested,,Imperial County,32.752562,-115.59515800000001,
El Centro Elementary,McKinley Elementary,1177 North Eighth Street El Centro CA 92243-1721,,,False,tested,El Centro,Imperial County,32.802664,-115.55972299999999,
Meadows Union Elementary,Meadows Elementary,2059 Bowker Road El Centro CA 92243-9724,,,,not tested,,Imperial County,32.801387,-115.47386599999999,
Brawley Elementary,Miguel Hidalgo Elementary,615 South Cesar Chavez Street Brawley CA 92227-1912,,,,not tested,Brawley,Imperial County,32.972807,-115.526471,
Brawley Elementary,Myron D. Witter Elementary,150 K Street Brawley CA 92227-1912,,,,not tested,Brawley,Imperial County,32.973034999999996,-115.540529,
Brawley Elementary,Phil D. Swing Elementary,245 West A Street Brawley CA 92227-1912,,,,not tested,Brawley,Imperial County,32.984248,-115.54475900000001,
Central Union High,Phoenix Rising High,351 1/2 Ross Ave. El Centro CA 92243-6604,,,False,tested,El Centro,Imperial County,32.781237,-115.535242,
Brawley Union High,Renaissance,104 Magnolia Avenue Brawley CA 92227-1583,,,,not tested,Brawley,Imperial County,32.984718,-115.547975,
Calexico Unified,Rockwood Elementary,1000 Rockwood Avenue Calexico CA 92231-2333,,,False,tested,Calexico,Imperial County,32.677662,-115.496169,
Coachella Valley Unified,Sea View Elementary,2467 Sea Shore Avenue Salton City CA 92275,,,False,tested,,Imperial County,33.307189,-115.957388,
Seeley Union Elementary,Seeley Elementary,1812 West Rio Vista Street Seeley CA 92273-0868,,,,not tested,,Imperial County,32.794551,-115.693277,
Central Union High,Southwest High,2001 Ocotillo Drive El Centro CA 92243-9451,,,False,tested,El Centro,Imperial County,32.777308000000005,-115.57851699999999,
Imperial Unified,T. L. Waggoner Elementary,627 Joshua Tree Street Imperial CA 92251-8917,,,False,tested,Imperial,Imperial County,32.822155,-115.591876,
El Centro Elementary,Washington Elementary,223 South First Street El Centro CA 92243-2799,7.3,ppb,True,tested,El Centro,Imperial County,32.791544,-115.54382199999999,15.0
Coachella Valley Unified,West Shores High,2381 Shore Hawk Avenue Salton City CA 92275,,,False,tested,,Imperial County,33.299562,-115.956855,
Westmorland Union Elementary,Westmorland Elementary,200 South C Street Westmorland CA 92281-0088,,,False,tested,Westmorland,Imperial County,33.035109999999996,-115.618703,
Calexico Unified,William Moreno Junior High,1202 Kloke Road Calexico CA 92231-3490,,,False,tested,Calexico,Imperial County,32.682473,-115.516171,
El Centro Elementary,Wilson Jr. High,600 South Wilson El Centro CA 92243-2799,16.5,ppb,True,tested,El Centro,Imperial County,32.786875,-115.56685900000001,21.0
