district,schoolName,schoolAddress,medianResult,unit,lead,status,city,county,latitude,longitude
Beaumont Unified,21st Century Learning Institute,939 Michigan Avenue Beaumont CA 92223,NA,NA,NA,not tested,Beaumont,Riverside County,33.934655,-116.968962
Temecula Valley Unified,Abby Reinke Elementary,43799 Sunny Meadows Drive Temecula CA 92592-4337,NA,NA,FALSE,tested,Temecula,Riverside County,33.491678,-117.086232
Riverside Unified,Abraham Lincoln Continuation,4341 Victoria Avenue Riverside CA 92507-5009,7.6,ppb,TRUE,tested,Riverside,Riverside County,33.971175,-117.36604
Desert Sands Unified,Abraham Lincoln Elementary,74-100 Rutledge Way Palm Desert CA 92260-2644,NA,NA,NA,not tested,Palm Desert,Riverside County,33.73331,-116.373773
Hemet Unified,Acacia Middle,1200 East Acacia Avenue Hemet CA 92543-4521,NA,NA,NA,not tested,Hemet,Riverside County,33.744067,-116.959753
Riverside Unified,Adams Elementary,8362 Colorado Avenue Riverside CA 92504-2305,NA,NA,FALSE,tested,Riverside,Riverside County,33.944723,-117.435559
Jurupa Unified,Adult Alternative Education,4041 Pacific Avenue Jurupa Valley CA 92509-7251,NA,NA,NA,not tested,Riverside,Riverside County,34.001233,-117.422245
Palm Springs Unified,Agua Caliente Elementary,30-800 San Luis Rey Plaza Cathedral City CA 92234-6045,NA,NA,NA,not tested,Cathedral City,Riverside County,33.825088,-116.489606
Temecula Valley Unified,Alamos Elementary,38200 Pacific Park Drive Murrieta CA 92563-3242,NA,NA,FALSE,tested,NA,Riverside County,33.564441,-117.111116
Riverside Unified,Alcott Elementary,2433 Central Avenue Riverside CA 92506-3408,5.55,ppb,TRUE,tested,Riverside,Riverside County,33.95384,-117.364638
Moreno Valley Unified,Alessandro,23311 Dracaea Avenue Moreno Valley CA 92553-3201,NA,NA,FALSE,tested,Moreno Valley,Riverside County,33.928065,-117.256035
Hemet Unified,Alessandro High,831 East Devonshire Avenue Hemet CA 92543-3052,NA,NA,NA,not tested,Hemet,Riverside County,33.750853,-116.963913
Alvord Unified,Allan Orrenmaa Elementary,3350 Fillmore Street Riverside CA 92503-5135,NA,NA,FALSE,tested,Riverside,Riverside County,33.892855,-117.478252
Murrieta Valley Unified,Alta Murrieta Elementary,39475 Whitewood Road Murrieta CA 92563-6512,11,ppb,TRUE,tested,Murrieta,Riverside County,33.568703,-117.167169
Alvord Unified,Alvord Adult Education,3606 Pierce St. Riverside CA 92503-4925,NA,NA,NA,not tested,Riverside,Riverside County,33.891633,-117.488358
Alvord Unified,Alvord Alternative Continuation High,10368 Campbell Avenue Riverside CA 92505-1308,NA,NA,FALSE,tested,Riverside,Riverside County,33.935938,-117.481256
Alvord Unified,Alvord Continuation High,3606 Pierce Street Riverside CA 92503-4925,NA,NA,NA,not tested,Riverside,Riverside County,33.891633,-117.488358
Desert Sands Unified,Amelia Earhart Elementary School of International Studies,45-250 Dune Palms Road Indio CA 92201-0901,NA,NA,NA,not tested,Indio,Riverside County,33.720694,-116.2766
Riverside Unified,Amelia Earhart Middle,20202 Aptos Street Riverside CA 92508-3256,NA,NA,FALSE,tested,Riverside,Riverside County,33.889461,-117.311529
Desert Sands Unified,Amistad High (Continuation),83-501 Dillon Avenue Indio CA 92201-3325,NA,NA,NA,not tested,Indio,Riverside County,33.725527,-116.209606
Desert Sands Unified,Andrew Jackson Elementary,82-850 Kenner Avenue Indio CA 92201-2469,NA,NA,FALSE,tested,Indio,Riverside County,33.733096,-116.217974
Beaumont Unified,Anna Hause Elementary,1015 Carnation Lane Beaumont CA 92223-7827,NA,NA,FALSE,tested,Beaumont,Riverside County,33.934947,-116.959714
Murrieta Valley Unified,Antelope Hills Elementary,36105 Murrieta Oaks Avenue Murrieta CA 92562-2311,NA,NA,FALSE,tested,Murrieta,Riverside County,33.591811,-117.181984
Alvord Unified,Arizona Middle,11045 Arizona Avenue Riverside CA 92503-5903,NA,NA,FALSE,tested,Riverside,Riverside County,33.891354,-117.465702
Alvord Unified,Arlanza Elementary,5891 Rutland Avenue Riverside CA 92503-1741,9,ppb,TRUE,tested,Riverside,Riverside County,33.941676,-117.468642
Riverside Unified,Arlington High,2951 Jackson Street Riverside CA 92503-5732,10.25,ppb,TRUE,tested,Riverside,Riverside County,33.914356,-117.43064
Moreno Valley Unified,Armada Elementary,25201 John F. Kennedy Drive Moreno Valley CA 92551-7138,NA,NA,FALSE,tested,Moreno Valley,Riverside County,33.902243,-117.223629
Hemet Unified,Aspire Community Day,26866 San Jacinto Street Hemet CA 92544-7293,NA,NA,FALSE,tested,Hemet,Riverside County,33.748512,-116.95865
Corona-Norco Unified,Auburndale Intermediate,1255 River Road Corona CA 92880-1350,5.2,ppb,TRUE,tested,Corona,Riverside County,33.903704,-117.576615
Val Verde Unified,Avalon Elementary,1815 East Rider Street Perris CA 92571-7700,NA,NA,FALSE,tested,Perris,Riverside County,33.830351,-117.241402
Murrieta Valley Unified,Avaxat Elementary,24300 Rancho Las Brisas Drive Murrieta CA 92562,NA,NA,FALSE,tested,Murrieta,Riverside County,33.568589,-117.185439
Moreno Valley Unified,Badger Springs Middle,24750 Delphinium Avenue Moreno Valley CA 92553-5812,NA,NA,FALSE,tested,Moreno Valley,Riverside County,33.906509,-117.232249
Banning Unified,Banning Adult,1151 West Wilson Street Banning CA 92220-5529,NA,NA,FALSE,tested,Banning,Riverside County,33.933243,-116.889511
Banning Unified,Banning Headstart Preschool,671 North Florida St Banning CA 92220,NA,NA,FALSE,tested,Banning,Riverside County,33.931473,-116.870251
Banning Unified,Banning High,100 West Westward Banning CA 92220-4922,NA,NA,FALSE,tested,Banning,Riverside County,33.917996,-116.882912
Banning Unified,Banning Independent Study,1151 West Wilson St Banning CA 92220-5529,NA,NA,FALSE,tested,Banning,Riverside County,33.933243,-116.889511
Hemet Unified,Bautista Creek Elementary,441 Lake Street Hemet CA 92544-3314,NA,NA,FALSE,tested,Hemet,Riverside County,33.754133,-116.915025
SBE - Baypoint Preparatory Academy,Baypoint Preparatory Academy,26089 Girard Street Hemet CA 92544-8701,NA,NA,FALSE,tested,NA,Riverside County,33.742466,-116.954375
Moreno Valley Unified,Bayside Community Day,24501 Cactus Avenue Moreno Valley CA 92553,NA,NA,FALSE,tested,Moreno Valley,Riverside County,33.909958,-117.23486
Moreno Valley Unified,Bear Valley Elementary,26125 Fir Avenue Moreno Valley CA 92553-2203,NA,NA,FALSE,tested,Moreno Valley,Riverside County,33.935397,-117.206727
Beaumont Unified,Beaumont Adult,1575 Cherry Avenue Beaumont CA 92223,NA,NA,FALSE,tested,Beaumont,Riverside County,33.937105,-116.964393
Beaumont Unified,Beaumont Senior High,39139 Cherry Valley Blvd Beaumont CA 92223-4484,NA,NA,FALSE,tested,Calimesa,Riverside County,33.96167,-117.036723
Beaumont Unified,Beaumont USD Preschool,715 Wellwood Avenue Beaumont CA 92223-2122,NA,NA,FALSE,tested,Beaumont,Riverside County,33.931716,-116.98287
Menifee Union Elementary,Bell Mountain Middle,28525 La Piedra Drive Menifee CA 92584-8498,NA,NA,NA,not tested,Menifee,Riverside County,33.675357,-117.162228
Palm Springs Unified,Bella Vista Elementary,65750 Avenida Jalisco Desert Hot Springs CA 92240-1674,NA,NA,FALSE,tested,Desert Hot Springs,Riverside County,33.981446,-116.512132
Temecula Valley Unified,Bella Vista Middle,31650 Browning Street Murrieta CA 92563-3243,NA,NA,FALSE,tested,NA,Riverside County,33.562079,-117.107258
Corona-Norco Unified,Benjamin Franklin Elementary,2650 Oak Avenue Corona CA 92882-7569,NA,NA,FALSE,tested,Corona,Riverside County,33.852245,-117.594127
Riverside Unified,Benjamin Franklin Elementary,19661 Orange Terrace Parkway Riverside CA 92508-3256,NA,NA,FALSE,tested,Riverside,Riverside County,33.894763,-117.321872
Riverside County Office Of Education ROP,Betty Gibbel RLC,1251 Eagle Drive San Jacinto CA 92583,NA,NA,FALSE,tested,San Jacinto,Riverside County,33.801786,-116.96773
Coachella Valley Unified,Bobby Duke Middle,85-358 Bagdad Avenue Coachella CA 92236-1853,NA,NA,FALSE,tested,NA,Riverside County,33.674712,-116.179458
Romoland Elementary,Boulder Ridge Elementary,27327 Juniper Road Menifee CA 92585-9812,NA,NA,FALSE,tested,Menifee,Riverside County,33.723683,-117.159567
Moreno Valley Unified,Box Springs Elementary,11900 Athens Drive Moreno Valley CA 92557-5934,NA,NA,FALSE,tested,Moreno Valley,Riverside County,33.948739,-117.276343
Beaumont Unified,Brookside Elementary,38755 Brookside Avenue Beaumont CA 92223-4244,NA,NA,FALSE,tested,Calimesa,Riverside County,33.961375,-116.985504
Riverside Unified,Bryant Elementary,4324 Third Street Riverside CA 92501-2699,NA,NA,FALSE,tested,NA,Riverside County,33.680934,-116.178389
Palm Springs Unified,Bubbling Wells Elementary,67501 Camino Campanero Desert Hot Springs CA 92240-6869,NA,NA,FALSE,tested,Desert Hot Springs,Riverside County,33.939466,-116.490941
Moreno Valley Unified,Butterfield Elementary,13400 Kitching Street Moreno Valley CA 92553-6807,5.93,ppb,TRUE,tested,Moreno Valley,Riverside County,33.926033,-117.217536
Banning Unified,Cabazon Elementary,50575 Carmen Avenue Cabazon CA 92230-4101,NA,NA,NA,not tested,NA,Riverside County,33.910593,-116.782737
Palm Springs Unified,Cabot Yerxa Elementary,67067 Desert View Desert Hot Springs CA 92240-4103,NA,NA,FALSE,tested,Desert Hot Springs,Riverside County,33.957195,-116.491406
Coachella Valley Unified,Cahuilla Desert Academy Junior High,82-489 Avenue 52 Coachella CA 92236-9718,NA,NA,FALSE,tested,Coachella,Riverside County,33.669177,-116.224069
Palm Springs Unified,Cahuilla Elementary,833 East Mesquite Avenue Palm Springs CA 92264-8414,NA,NA,FALSE,tested,Palm Springs,Riverside County,33.808163,-116.538469
Perris Union High,California Military Institute,755 North A Street Perris CA 92570-1958,NA,NA,FALSE,tested,Perris,Riverside County,33.79336,-117.234714
California School for the Deaf-Riverside (State Special Schl),California School for the Deaf-Riverside,3044 Horace Street Riverside CA 92506-4498,9.3,ppb,TRUE,tested,Riverside,Riverside County,33.942907,-117.378232
Menifee Union Elementary,Callie Kirkpatrick Elementary,28800 Reviere Drive Menifee CA 92584-8972,NA,NA,NA,not tested,Menifee,Riverside County,33.681817,-117.155472
Menifee Union Elementary,Callie Kirkpatrick Elementary,"28800 Reviere Drive, Menifee 92584",NA,NA,NA,exempt,Menifee,Riverside County,33.681817,-117.155472
Jurupa Unified,Camino Real Elementary,4655 Camino Real Jurupa Valley CA 92509-5419,NA,NA,NA,not tested,Jurupa Valley,Riverside County,33.980553,-117.452263
Lake Elsinore Unified,Canyon Lake Middle,33005 Canyon Hills Road Lake Elsinore CA 92532-2534,NA,NA,FALSE,tested,NA,Riverside County,33.668827,-117.231413
Moreno Valley Unified,Canyon Springs High,23100 Cougar Canyon Drive Moreno Valley CA 92557-3801,NA,NA,FALSE,tested,Moreno Valley,Riverside County,33.961199,-117.260701
Desert Sands Unified,Carrillo Ranch Elementary,43-775 Madison Street Indio CA 92201-8626,NA,NA,NA,not tested,Indio,Riverside County,33.732213,-116.25208
Private,Casa Blanca Head Start,7711 Casa Blanca St Riverside CA 92504,NA,NA,FALSE,tested,Riverside,Riverside County,33.931737,-117.40761
Riverside Unified,Casa Blanca Pre School / Elem. School,3020 Madison St. Riverside CA 92503,NA,NA,NA,not tested,Riverside,Riverside County,33.930752,-117.400806
Riverside Unified,Castle View Elementary,6201 Shaker Drive Riverside CA 92506-4716,9.5,ppb,TRUE,tested,Riverside,Riverside County,33.937949,-117.343137
Palm Springs Unified,Cathedral City Elementary,69300 Converse Road Cathedral City CA 92234-7040,NA,NA,NA,not tested,NA,Riverside County,33.790675,-116.453292
Palm Springs Unified,Cathedral City High,69250 Dinah Shore Drive Cathedral City CA 92234-4713,NA,NA,NA,not tested,NA,Riverside County,33.801556,-116.453114
Hemet Unified,Cawston Elementary,4000 West Menlo Avenue Hemet CA 92545-6320,NA,NA,FALSE,tested,Hemet,Riverside County,33.758403,-116.980478
Corona-Norco Unified,Centennial High,1820 Rimpau Avenue Corona CA 92881-3228,NA,NA,FALSE,tested,Corona,Riverside County,33.858166,-117.545482
Banning Unified,Central Elementary,295 North San Gorgonio Avenue Banning CA 92220-5519,8.3,ppb,TRUE,tested,Banning,Riverside County,33.945244,-116.876906
Riverside Unified,Central Middle,4795 Magnolia Avenue Riverside CA 92506-0155,NA,NA,FALSE,tested,Riverside,Riverside County,33.971338,-117.384937
Corona-Norco Unified,Cesar Chavez Academy,1150 Paseo Grande Corona CA 92882-6440,NA,NA,FALSE,tested,Corona,Riverside County,33.871729,-117.610481
Coachella Valley Unified,Cesar Chavez Elementary,49-601 Avenida de Oro Coachella CA 92236-1326,NA,NA,FALSE,tested,Coachella,Riverside County,33.688843,-116.186516
Temecula Valley Unified,Chaparral High,27215 Nicolas Road Temecula CA 92591-7348,NA,NA,FALSE,tested,Temecula,Riverside County,33.538404,-117.141217
Moreno Valley Unified,Chaparral Hills Elementary,24850 Delphinium  Avenue Moreno Valley CA 92553-5876,NA,NA,FALSE,tested,Moreno Valley,Riverside County,33.906509,-117.229222
Riverside Unified,Chemawa Middle,8830 Magnolia Avenue Riverside CA 92503-4414,9.8,ppb,TRUE,tested,Riverside,Riverside County,33.925831,-117.432877
Menifee Union Elementary,Chester W. Morrison Elementary,"30250 Bradley Road, Menifee 92584",NA,NA,NA,exempt,Menifee,Riverside County,33.683857,-117.188504
Menifee Union Elementary,Chester W. Morrison Elementary,30250 Bradley Road Menifee CA 92584-9257,NA,NA,NA,not tested,Menifee,Riverside County,33.683857,-117.188504
Palm Springs Unified,Cielo Vista Charter,650 South Paseo Dorotea Palm Springs CA 92264-1406,NA,NA,FALSE,tested,Palm Springs,Riverside County,33.812954,-116.501403
Val Verde Unified,Citrus Hill High,18150 Wood Road Perris CA 92570-9486,NA,NA,FALSE,tested,Perris,Riverside County,33.856205,-117.328593
Corona-Norco Unified,Citrus Hills Intermediate,3211 South Main Street Corona CA 92882-6313,NA,NA,FALSE,tested,Corona,Riverside County,33.8392,-117.570797
Corona-Norco Unified,Clara Barton Elementary,7437 Corona Valley Avenue Eastvale CA 92880-8700,NA,NA,FALSE,tested,Eastvale,Riverside County,33.951898,-117.587966
San Jacinto Unified,"Clayton A. Record, Jr., Elementary",1600 Malaga Drive San Jacinto CA 92583-2369,NA,NA,FALSE,tested,San Jacinto,Riverside County,33.806359,-116.975655
Perris Elementary,Clearwater Elementary,1640 Murrieta Road Perris CA 92571,NA,NA,NA,not tested,Perris,Riverside County,33.802722,-117.208992
Moreno Valley Unified,Cloverdale Elementary,12050 Kitching Street Moreno Valley CA 92557-7623,NA,NA,FALSE,tested,Moreno Valley,Riverside County,33.945497,-117.217577
Coachella Valley Unified,Coachella Valley Adult,1099 Orchard Avenue Coachella CA 92236,NA,NA,NA,not tested,NA,Riverside County,33.677268,-116.175319
Coachella Valley Unified,Coachella Valley High,83-800 Airport Boulevard Thermal CA 92274-9367,NA,NA,FALSE,tested,Thermal,Riverside County,33.647499,-116.201067
Murrieta Valley Unified,Cole Canyon Elementary,23750 Via Alisol Murrietta CA 92562-5092,NA,NA,FALSE,tested,Murrieta,Riverside County,33.57443,-117.245685
Alvord Unified,Collett Elementary,10850 Collett Avenue Riverside CA 92505-2926,NA,NA,FALSE,tested,Riverside,Riverside County,33.913945,-117.479154
Desert Sands Unified,Colonel Mitchell Paige Middle,43-495 Palm Royale Drive La Quinta CA 92253-8178,NA,NA,NA,not tested,La Quinta,Riverside County,33.732107,-116.301506
Val Verde Unified,Columbia Elementary,21350 Rider Street Perris CA 92570-8879,NA,NA,FALSE,tested,Perris,Riverside County,33.830253,-117.234789
Riverside County Office of Education,Come Back Kids,3939 13th Street Riverside CA 92501-3505,NA,NA,NA,not tested,Riverside,Riverside County,33.978547,-117.380547
Coachella Valley Unified,Coral Mountain Academy,51 375 Van Buren Street Coachella CA 92236-9751,NA,NA,FALSE,tested,Coachella,Riverside County,33.67548,-116.199215
Moreno Valley Unified,Cornerstone Fellowship Academy,12407 Yuma Court Moreno Valley CA 92557,NA,NA,NA,not tested,Moreno Valley,Riverside County,33.940687,-117.214142
Corona-Norco Unified,Corona Fundamental Intermediate,1230 South Main Street Corona CA 92882-4464,9.1,ppb,TRUE,tested,Corona,Riverside County,33.868195,-117.567781
Corona-Norco Unified,Corona High,1150 West Tenth Street Corona CA 92882-3901,NA,NA,FALSE,tested,Corona,Riverside County,33.872588,-117.585448
Corona-Norco Unified,Corona Ranch Elementary,785 Village Loop Drive Corona CA 92879-8835,NA,NA,FALSE,tested,Corona,Riverside County,33.893881,-117.541915
Corona-Norco Unified,Corona Vista High,1154 Tenth Street Corona CA 92882-3901,NA,NA,NA,not tested,Corona,Riverside County,33.872594,-117.585494
Corona-Norco Unified,Corona-Norco Adult,300  Buena Vista Avenue Corona CA 92882-1937,NA,NA,NA,not tested,Corona,Riverside County,33.850365,-117.581681
Corona-Norco Unified,Corona-Norco Alternative,185 Magnolia Avenue Corona CA 92879-3329,NA,NA,NA,not tested,Corona,Riverside County,33.863492,-117.546616
Corona-Norco Unified,Coronita Elementary,1757 Via Del Rio Corona CA 92882-3741,NA,NA,FALSE,tested,Corona,Riverside County,33.872605,-117.602122
Lake Elsinore Unified,Cottonwood Canyon Elementary,32100 Lost Road Lake Elsinore CA 92532-2502,NA,NA,FALSE,tested,NA,Riverside County,33.649802,-117.259144
Moreno Valley Unified,Creekside Elementary,13563 Heacock Street Moreno Valley CA 92553-3300,NA,NA,NA,not tested,Moreno Valley,Riverside County,33.923622,-117.243842
Temecula Valley Unified,Crowne Hill Elementary,33535 Old Kent Road Temecula CA 92592-7129,NA,NA,FALSE,tested,Temecula,Riverside County,33.497768,-117.076851
Murrieta Valley Unified,Daniel N. Buchanan Elementary,40121 Torrey Pines Road Murrieta CA 92563-6384,NA,NA,FALSE,tested,Murrieta,Riverside County,33.544991,-117.161978
Hemet Unified,Dartmouth Middle,41535 Mayberry Avenue Hemet CA 92544-6389,NA,NA,FALSE,tested,Hemet,Riverside County,33.739608,-116.936337
Lake Elsinore Unified,David A. Brown Middle,21861 Grand Avenue Wildomar CA 92595-9632,NA,NA,FALSE,tested,NA,Riverside County,33.595298,-117.274274
San Jacinto Unified,De Anza Elementary,1089 DeAnza Drive San Jacinto CA 92582-2568,NA,NA,FALSE,tested,San Jacinto,Riverside County,33.795309,-116.978022
Palm Springs Unified,Della S. Lindley Elementary,31-495 Robert Road Thousand Palms CA 92276-3343,NA,NA,NA,not tested,Thousand Palms,Riverside County,33.821009,-116.397662
Palm Springs Unified,Desert Hot Springs High,65850 Pierson Boulevard Desert Hot Springs CA 92240-3000,NA,NA,FALSE,tested,Desert Hot Springs,Riverside County,33.964513,-116.517586
Coachella Valley Unified,Desert Mirage High,86-150 Ave 66 Thermal CA 92274,NA,NA,NA,not tested,Thermal,Riverside County,33.569234,-116.138444
Desert Sands Unified,Desert Ridge Academy,79-767 Avenue 39 Indio CA 92203-9647,NA,NA,NA,not tested,Indio,Riverside County,33.764505,-116.274017
Palm Springs Unified,Desert Springs Middle,66 755 Two Bunch Palms Trail Desert Hot Springs CA 92240-5775,NA,NA,FALSE,tested,Desert Hot Springs,Riverside County,33.945008,-116.496948
Hemet Unified,Diamond Valley Middle,291 West Chambers Street Hemet CA 92543-9658,NA,NA,FALSE,tested,Hemet,Riverside County,33.722049,-116.981756
Private,Don F. Kenny Regional Learning Center,47 336 Oasis Street Indio CA 92201,NA,NA,FALSE,tested,Indio,Riverside County,33.704823,-116.219761
Lake Elsinore Unified,Donald Graham Elementary,35450 Frederick Street Wildomar CA 92595-9686,NA,NA,FALSE,tested,NA,Riverside County,33.605408,-117.258091
Murrieta Valley Unified,Dorothy McElhinney Middle,35185 Briggs Rd. Murrieta CA 92563-2346,NA,NA,FALSE,tested,Murrieta,Riverside County,33.62648,-117.136837
Corona-Norco Unified,Dr. Augustine Ramirez Intermediate,6905 Harrison Avenue Eastvale CA 92880-9324,NA,NA,FALSE,tested,Eastvale,Riverside County,33.963254,-117.586086
Corona-Norco Unified,Dr. Bernice Jameson Todd Academy,25105 Mayhew Canyon Road Corona CA 92883-3166,NA,NA,FALSE,tested,Corona,Riverside County,33.754992,-117.470064
Desert Sands Unified,Dr. Reynaldo J. Carreon Jr. Academy,47-368 Monroe Street Indio CA 92201-6702,NA,NA,FALSE,tested,Indio,Riverside County,33.704758,-116.232703
Corona-Norco Unified,Dwight D. Eisenhower Elementary,3355 Mountain Gate Drive Corona CA 92882-8858,NA,NA,FALSE,tested,Corona,Riverside County,33.841397,-117.583035
Desert Sands Unified,Dwight Eisenhower Elementary,83-391 Dillon Avenue Indio CA 92201-3321,NA,NA,NA,not tested,Indio,Riverside County,33.725833,-116.210856
Murrieta Valley Unified,E. Hale Curran Elementary,40855 Chaco Canyon Road Murrieta CA 92562-1903,9.3,ppb,TRUE,tested,Murrieta,Riverside County,33.577492,-117.216586
Lake Elsinore Unified,Earl Warren Elementary,41221 Rosetta Canyon Road Lake Elsinore CA 92532-1648,6.5,ppb,TRUE,tested,Lake Elsinore,Riverside County,33.696939,-117.317223
Corona-Norco Unified,Eastvale Elementary,13031 Orange Street Eastvale CA 92880-9743,NA,NA,FALSE,tested,Eastvale,Riverside County,33.959641,-117.56799
Moreno Valley Unified,Edgemont Elementary,21790 Eucalyptus Avenue Moreno Valley CA 92553-8141,NA,NA,NA,not tested,Moreno Valley,Riverside County,33.931472,-117.282665
Riverside Unified,Educational Options Center State Preschool,6401 Lincoln Ave Riverside CA 92506-4424,NA,NA,FALSE,tested,Riverside,Riverside County,33.94065,-117.378956
Palm Springs Unified,Edward L. Wenzlaff Education Center (Alternative School),11625 West Dr.  Desert Hot Springs CA 92240,NA,NA,FALSE,tested,Desert Hot Springs,Riverside County,33.96396,-116.510336
Palm Springs Unified,Edward L. Wenzlaff Education Center (Alternative School),11625 West Dr. Desert Hot Springs CA 92240,NA,NA,NA,not tested,Desert Hot Springs,Riverside County,33.963585,-116.510251
Corona-Norco Unified,El Cerrito Middle,7610 El Cerrito Road Corona CA 92881-4296,NA,NA,FALSE,tested,Corona,Riverside County,33.834824,-117.526469
Val Verde Unified,El Potrero Pre-School,16820 Via Pamplona Drive Moreno Valley CA 92551-2146,NA,NA,FALSE,tested,Moreno Valley,Riverside County,33.875891,-117.21509
Corona-Norco Unified,Eleanor Roosevelt High,7447 Scholar Way Eastvale CA 92880-9750,NA,NA,FALSE,tested,Eastvale,Riverside County,33.953064,-117.568594
Lake Elsinore Unified,Elsinore Elementary,512 West Sumner Avenue Lake Elsinore CA 92530-3648,NA,NA,NA,not tested,NA,Riverside County,33.672968,-117.331476
Lake Elsinore Unified,Elsinore High,21800 Canyon Drive Wildomar CA 92595-9181,NA,NA,FALSE,tested,NA,Riverside County,33.623364,-117.275562
Lake Elsinore Unified,Elsinore Middle,1203 West Graham Avenue Lake Elsinore CA 92530-3318,NA,NA,NA,not tested,NA,Riverside County,33.671452,-117.33946
Riverside Unified,Emerson Elementary,4660 Ottawa Avenue Riverside CA 92507-5823,6.65,ppb,TRUE,tested,Riverside,Riverside County,33.965856,-117.352766
Perris Elementary,Enchanted Hills Elementary,1357 Mount Baldy Street Perris CA 92570-1884,NA,NA,FALSE,tested,Perris,Riverside County,33.784683,-117.256481
Riverside Unified,Encore High School for the Arts - Riverside,3460 Orange Street Riverside CA 92501-2864,NA,NA,NA,not tested,Riverside,Riverside County,33.984711,-117.370951
Temecula Valley Unified,Erle Stanley Gardner Middle,45125 Via Del Coronado Temecula CA 92592-4400,NA,NA,FALSE,tested,Temecula,Riverside County,33.470106,-117.109012
San Jacinto Unified,Estudillo Elementary,900 Las Rosas Drive San Jacinto CA 92583-4420,NA,NA,FALSE,tested,San Jacinto,Riverside County,33.779635,-116.941748
Romoland Elementary,Ethan A Chase Middle,28100 Calm Horizon Drive Menifee CA 92585-9289,NA,NA,FALSE,tested,Menifee,Riverside County,33.713444,-117.142903
Menifee Union Elementary,Evans Ranch Elementary,"30465 Evans Road, Menifee 92584",NA,NA,NA,exempt,Menifee,Riverside County,33.678256,-117.199272
Menifee Union Elementary,Evans Ranch Elementary,30465 Evans Road Menifee CA 92584-7342,NA,NA,NA,not tested,Menifee,Riverside County,33.678256,-117.199272
Nuview Union,Excel Prep Charter - IE,25560 Alessandro Boulevard Moreno Valley CA 92583-3236,NA,NA,NA,not tested,Moreno Valley,Riverside County,33.917422,-117.216387
Perris Union High,Extended Learning Center,755 North A Street Perris CA 92570-1958,NA,NA,NA,not tested,Perris,Riverside County,33.79336,-117.234714
Hemet Unified,Family Tree Learning Center,26400 Dartmouth St Hemet CA 92544-6302,NA,NA,FALSE,tested,NA,Riverside County,33.738082,-116.936751
Palo Verde Unified,Felix J. Appleby Elementary,10321 Vernon Ave Blythe CA 92225-3113,NA,NA,NA,not tested,Blythe,Riverside County,33.598621,-114.594041
Banning Unified,Florida Street Discovery Center,671 North Florida Street Banning CA 92220-5678,NA,NA,FALSE,tested,Banning,Riverside County,33.931473,-116.870251
Corona-Norco Unified,Foothill Elementary,2601 South Buena Vista Avenue Corona CA 92882-7562,NA,NA,FALSE,tested,Corona,Riverside County,33.851323,-117.580446
Alvord Unified,Foothill Elementary,8230 Wells Avenue Riverside CA 92503-2559,NA,NA,FALSE,tested,Riverside,Riverside County,33.935259,-117.461944
Riverside Unified,Frank Augustus Miller Middle,17925 Krameria Avenue Riverside CA 92504-6022,NA,NA,FALSE,tested,Riverside,Riverside County,33.879851,-117.35016
Menifee Union Elementary,Freedom Crest Elementary,"29282 Menifee Road, Menifee 92584",NA,NA,NA,exempt,Menifee,Riverside County,33.698534,-117.154528
Menifee Union Elementary,Freedom Crest Elementary,29282 Menifee Road Menifee CA 92584-7766,NA,NA,NA,not tested,Menifee,Riverside County,33.698534,-117.154528
Riverside Unified,Fremont Elementary,1925 Orange Street Riverside CA 92501-1938,6.050000000000001,ppb,TRUE,tested,Riverside,Riverside County,33.996462,-117.363195
Temecula Valley Unified,French Valley Elementary,36680 Cady Road Winchester CA 92596-9041,NA,NA,FALSE,tested,Winchester,Riverside County,33.58864,-117.095221
Hemet Unified,Fruitvale Elementary,2800 West Fruitvale Avenue Hemet CA 92545-1541,NA,NA,FALSE,tested,Hemet,Riverside County,33.762289,-117.001476
Corona-Norco Unified,Garretson Elementary,1650 Garretson Avenue Corona CA 92879-2428,NA,NA,FALSE,tested,Corona,Riverside County,33.863253,-117.562138
Riverside County Office of Education,Gateway College and Career Academy,4800 Magnolia Avenue Riverside CA 92506-1201,NA,NA,NA,not tested,Riverside,Riverside County,33.971585,-117.384569
Desert Sands Unified,George Washington Charter,45-768 Portola Avenue Palm Desert CA 92260-4861,NA,NA,NA,not tested,Palm Desert,Riverside County,33.716541,-116.37337
Corona-Norco Unified,George Washington Elementary,1220 West Parkridge Avenue Norco CA 92860-2864,NA,NA,FALSE,tested,Corona,Riverside County,33.904827,-117.575317
Desert Sands Unified,Gerald R. Ford Elementary,44-210 Warner Trail Indian Wells CA 92210-7598,NA,NA,NA,not tested,Indian Wells,Riverside County,33.727937,-116.311982
Jurupa Unified,Glen Avon Elementary,4352 Pyrite Street Jurupa Valley CA 92509-3338,NA,NA,NA,not tested,Jurupa Valley,Riverside County,34.02265,-117.46008
Beaumont Unified,Glen View High,905 Michigan Avenue Beaumont CA 92223,NA,NA,FALSE,tested,Beaumont,Riverside County,33.934202,-116.968964
Perris Elementary,Good Hope Elementary,24050 Theda Street Perris CA 92570-7526,NA,NA,FALSE,tested,Perris,Riverside County,33.771233,-117.274372
Jurupa Unified,Granite Hill Elementary,9371 Granite Hill Jurupa Valley CA 92509-1024,NA,NA,NA,not tested,Jurupa Valley,Riverside County,34.020786,-117.489194
Temecula Valley Unified,Great Oak High,32555 Deer Hollow Way Temecula CA 92592-1283,NA,NA,FALSE,tested,Temecula,Riverside County,33.450213,-117.096097
Riverside County Office of Education,Grindstaff School (RCOE),9825 County Farm Rd. Riverside CA Riverside,NA,NA,FALSE,tested,Riverside,Riverside County,33.920068,-117.454501
Menifee Union Elementary,Hans Christensen Middle,27625 Sherman Road Menifee 92586,NA,NA,NA,exempt,Menifee,Riverside County,33.655994,-117.180039
Menifee Union Elementary,Hans Christensen Middle,27625 Sherman Road Menifee CA 92586-9291,NA,NA,NA,not tested,Menifee,Riverside County,33.655994,-117.180039
Corona-Norco Unified,Harada Elementary,12884 Oakdale Street Eastvale CA 92880-8547,NA,NA,FALSE,tested,Corona,Riverside County,33.971292,-117.564924
Hemet Unified,Harmony Elementary,1500 South Cawston Street Hemet CA 92545-7056,NA,NA,FALSE,tested,Hemet,Riverside County,33.721734,-117.016124
Riverside Unified,Harrison Elementary,2901 Harrison Street Riverside CA 92503-5505,7.8,ppb,TRUE,tested,Riverside,Riverside County,33.903712,-117.443665
Desert Sands Unified,Harry S. Truman Elementary,78-870 Avenue 50 La Quinta CA 92253-2400,NA,NA,FALSE,tested,La Quinta,Riverside County,33.686987,-116.28789
Menifee Union Elementary,Harvest Hill S.T.E.A.M. Academy,"31600 Pat Road, Menifee",NA,NA,NA,exempt,Winchester,Riverside County,33.620658,-117.107552
Menifee Union Elementary,Harvest Hill S.T.E.A.M. Academy,31600 Pat Road Winchester CA 92596,NA,NA,NA,not tested,Winchester,Riverside County,33.620658,-117.107552
Romoland Elementary,Harvest Valley Elementary,29955 Watson Road Romoland CA 92585-9767,NA,NA,FALSE,tested,NA,Riverside County,33.750335,-117.137597
Riverside Unified,Hawthorne Elementary,2700 Irving Street Riverside CA 92503-5628,NA,NA,FALSE,tested,Riverside,Riverside County,33.91114,-117.422799
Lake Elsinore Unified,Heald Academy Child Development Center,601 W Heald Ave Lake Elsinore CA 92530,6,ppb,TRUE,tested,NA,Riverside County,33.671638,-117.333134
Hemet Unified,Helen Hunt Jackson College Prep High School,26400 Dartmouth Ave Hemet CA 92544-6302,NA,NA,FALSE,tested,Hemet,Riverside County,33.737498,-116.936678
Temecula Valley Unified,Helen Hunt Jackson Elementary,32400 Camino San Dimas Temecula CA 92592-1259,NA,NA,FALSE,tested,Temecula,Riverside County,33.458703,-117.092407
Hemet Unified,Hemet Elementary,633 E Kimball Ave Hemet CA 92543,NA,NA,NA,not tested,Hemet,Riverside County,33.745663,-116.965812
Hemet Unified,Hemet High,41701 Stetson Avenue Hemet CA 92544-7518,6.1,ppb,TRUE,tested,Hemet,Riverside County,33.729229,-117.032699
Banning Unified,Hemmerling Elementary,1928 West Nicolet Street Banning CA 92220-4032,NA,NA,FALSE,tested,Banning,Riverside County,33.928813,-116.897941
Moreno Valley Unified,Hendrick Ranch Elementary,25570 Brodiaea Avenue Moreno Valley CA 92553-2902,NA,NA,FALSE,tested,Moreno Valley,Riverside County,33.913786,-117.216434
Desert Sands Unified,Herbert Hoover Elementary,44-300 Monroe Street Indio CA 92201-3011,NA,NA,NA,not tested,Indio,Riverside County,33.726051,-116.233276
Perris Union High,Heritage High,26000 Briggs Road Romoland CA 92585-3230,NA,NA,FALSE,tested,Menifee,Riverside County,33.750379,-117.136537
Menifee Union Elementary,Herk Bouris Elementary,34257 Kalanchoe Road Lake Elsinore CA 92532-2996,NA,NA,NA,not tested,NA,Riverside County,33.66246,-117.234892
Menifee Union Elementary,Herk Bouris Elementary,"34257 Kalanchoe Rd, Lake Elsinore, CA 92532",NA,NA,NA,exempt,NA,Riverside County,33.66246,-117.234892
Moreno Valley Unified,Hidden Springs Elementary,9801 Hidden Springs Drive Moreno Valley CA 92557-1825,6.57,ppb,TRUE,tested,Moreno Valley,Riverside County,33.976871,-117.266847
Riverside Unified,Highgrove Elementary,690 Center Street Riverside CA 92507-1499,NA,NA,FALSE,tested,NA,Riverside County,34.015622,-117.326276
Beaumont Unified,Highland Academy,715 Wellwood Avenue Beaumont CA 92223-7442,NA,NA,NA,not tested,Beaumont,Riverside County,33.931716,-116.98287
Corona-Norco Unified,Highland Elementary,2301 Alhambra Street Norco CA 92860-1109,36.55,ppb,TRUE,tested,Norco,Riverside County,33.940202,-117.565583
Riverside Unified,Highland Elementary,700 Highlander Drive Riverside CA 92507-3064,NA,NA,FALSE,tested,Riverside,Riverside County,33.984868,-117.326704
Alvord Unified,Hillcrest High,11800 Indiana Avenue Riverside CA 92503-5172,NA,NA,FALSE,tested,Riverside,Riverside County,33.913545,-117.442454
Banning Unified,Hoffer Elementary,1115 East Hoffer Street Banning CA 92220-2723,NA,NA,FALSE,tested,Banning,Riverside County,33.934517,-116.863364
Corona-Norco Unified,Home Gardens Academy,13550 Tolton Avenue Corona CA 92879-2059,NA,NA,FALSE,tested,Corona,Riverside County,33.876625,-117.520507
Moreno Valley Unified,Honey Hollow Elementary,11765 Honey Hollow Drive Moreno Valley CA 92557-6104,7.755,ppb,TRUE,tested,Moreno Valley,Riverside County,33.949151,-117.255246
Desert Sands Unified,Horizon,43-330 Palm Royale Dr. La Quinta CA 92253-8170,NA,NA,NA,not tested,La Quinta,Riverside County,33.7336,-116.300141
San Jacinto Unified,Hyatt Elementary,400 East Shaver Street San Jacinto CA 92583-4724,10,ppb,TRUE,tested,San Jacinto,Riverside County,33.777551,-116.953542
Hemet Unified,Idyllwild,26700 State Highway 243 Idyllwild CA 92549-0097,NA,NA,NA,not tested,Idyllwild-Pine Cove,Riverside County,33.738234,-116.7205
Riverside County Office of Education,"Imagine Schools, Riverside County",84-090 Avenue 50 Coachella CA 92236-9663,NA,NA,FALSE,tested,Coachella,Riverside County,33.686648,-116.197744
Jurupa Unified,Ina Arbuckle Elementary,3600 Packard Street Jurupa Valley CA 92509-4519,NA,NA,NA,not tested,Jurupa Valley,Riverside County,33.998126,-117.4037
Jurupa Unified,Indian Hills Elementary,7750 Linares Avenue Jurupa Valley CA 92509-0140,NA,NA,NA,not tested,Jurupa Valley,Riverside County,33.975322,-117.45371
Desert Sands Unified,Indio High,81-750 Avenue 46 Indio CA 92201-3911,NA,NA,FALSE,tested,Indio,Riverside County,33.714238,-116.238836
Desert Sands Unified,Indio Middle,81-195 Miles Avenue Indio CA 92201-5639,NA,NA,FALSE,tested,Indio,Riverside County,33.721428,-116.249055
Perris Elementary,Innovative Horizons Charter,1461 North A Street Perris CA 92570-1968,7.2,ppb,TRUE,tested,Perris,Riverside County,33.799661,-117.234697
Riverside Unified,Jackson Elementary,4585 Jackson Street Riverside CA 92503-2758,6.3,ppb,TRUE,tested,Riverside,Riverside County,33.936617,-117.447597
Hemet Unified,Jacob Wiens Elementary,935 East Campus Way Hemet CA 92543-3121,NA,NA,NA,not tested,Hemet,Riverside County,33.754026,-116.962522
Desert Sands Unified,James Earl Carter Elementary,74-251 Hovley Lane East Palm Desert CA 92260-1700,NA,NA,NA,not tested,Palm Desert,Riverside County,33.746546,-116.370188
Temecula Valley Unified,James L. Day Middle,40775 Camino Campos Verdes Temecula CA 92591-1849,NA,NA,FALSE,tested,Temecula,Riverside County,33.527372,-117.145134
Desert Sands Unified,James Madison Elementary,80-845 Avenue 46 Indio CA 92201-5059,NA,NA,FALSE,tested,Indio,Riverside County,33.713907,-116.254132
Desert Sands Unified,James Monroe Elementary,42-100 Yucca Lane Bermuda Dunes CA 92203-8100,NA,NA,NA,not tested,Bermuda Dunes,Riverside County,33.741849,-116.299381
Palm Springs Unified,James Workman Middle,69 300 30th Avenue Cathedral City CA 92234-4921,NA,NA,NA,not tested,Cathedral City,Riverside County,33.831397,-116.452539
Lake Elsinore Unified,Jeannette Ellis Center,411 W Heald Ave Lake Elsinore CA 92530,NA,NA,FALSE,tested,NA,Riverside County,33.67105,-117.330973
Corona-Norco Unified,Jefferson Elementary,1040 South Vicentia Avenue Corona CA 92882-4124,NA,NA,FALSE,tested,Corona,Riverside County,33.872066,-117.576342
Riverside Unified,Jefferson Elementary,4285 Jefferson Street Riverside CA 92504-2423,6.65,ppb,TRUE,tested,Riverside,Riverside County,33.944638,-117.4228
Corona-Norco Unified,John Adams Elementary,2350 Border Avenue Corona CA 92882-5608,NA,NA,FALSE,tested,Corona,Riverside County,33.858583,-117.604268
Desert Sands Unified,John F. Kennedy Elementary,45-100 Clinton Street Indio CA 92201-3807,NA,NA,FALSE,tested,Indio,Riverside County,33.720865,-116.242136
Riverside Unified,John F. Kennedy Elementary,19125 Schoolhouse Lane Riverside CA 92508-7147,NA,NA,FALSE,tested,Riverside,Riverside County,33.897625,-117.330196
Corona-Norco Unified,John F. Kennedy High,1951 Third Street Norco CA 92860-2643,NA,NA,FALSE,tested,Norco,Riverside County,33.917047,-117.564535
Desert Sands Unified,John Glenn Middle School of International Studies,79-655 Miles Ave. Indio CA 92201,NA,NA,NA,not tested,Indio,Riverside County,33.720811,-116.274864
Coachella Valley Unified,John Kelley Elementary,87-163 Center Street Thermal CA 92274-8753,NA,NA,FALSE,tested,Thermal,Riverside County,33.639808,-116.144704
Corona-Norco Unified,John Stallings Elementary,1980 Fullerton Avenue Corona CA 92881-3105,NA,NA,FALSE,tested,Corona,Riverside County,33.856228,-117.551465
Riverside Unified,John W. North High,1550 West Third Street Riverside CA 92507-3404,NA,NA,FALSE,tested,Riverside,Riverside County,33.981629,-117.345317
Private,Julian Charter School,27235 Madison Ave # 101 Temecula CA 92590,NA,NA,FALSE,tested,Temecula,Riverside County,33.52658,-117.168478
Private,Julian Charter School,29141 Vallejo Ave Temecula CA 92592,NA,NA,FALSE,tested,Temecula,Riverside County,33.483087,-117.139686
Palm Springs Unified,Julius Corsini Elementary,68750 Hacienda Drive Desert Hot Springs CA 92240-6551,NA,NA,FALSE,tested,Desert Hot Springs,Riverside County,33.950192,-116.460684
Jurupa Unified,Jurupa Middle,8700 Galena Street Jurupa Valley CA 92509-3228,NA,NA,NA,not tested,Jurupa Valley,Riverside County,34.004506,-117.50555
Jurupa Unified,Jurupa Unified School District Pre-K School Readiness Center,5960 Mustang Lane Jurupa Valley CA 92509-4259,NA,NA,NA,not tested,Riverside,Riverside County,34.003653,-117.417043
Jurupa Unified,Jurupa Valley High,10551 Bellegrave Avenue Jurupa Valley CA 91752-1800,NA,NA,NA,not tested,Eastvale,Riverside County,34.002287,-117.515233
Palm Springs Unified,Katherine Finchy Elementary,777 East Tachevah Drive Palm Springs CA 92262-4903,NA,NA,FALSE,tested,Palm Springs,Riverside County,33.837531,-116.538991
Lake Elsinore Unified,Keith McCarthy Academy,4305 Education Way Lake Elsinore CA 92530-2711,NA,NA,FALSE,tested,Lake Elsinore,Riverside County,33.682888,-117.336291
Coachella Valley Unified,La Familia Continuation High,56 615 Olive Street Thermal CA 92274,NA,NA,NA,not tested,Thermal,Riverside County,33.640172,-116.142235
Alvord Unified,La Granada Elementary,10346 Keller Avenue Riverside CA 92505-1350,NA,NA,FALSE,tested,Riverside,Riverside County,33.933472,-117.479246
Moreno Valley Unified,La Jolla Elementary,14745 Willowgrove Place Moreno Valley CA 92555-5746,NA,NA,FALSE,tested,Moreno Valley,Riverside County,33.905964,-117.181297
Desert Sands Unified,La Quinta High,79-255 Westward Ho Drive La Quinta CA 92253-4244,NA,NA,NA,not tested,La Quinta,Riverside County,33.713392,-116.281286
Desert Sands Unified,La Quinta Middle,78-900 Avenue 50 La Quinta CA 92253-2400,NA,NA,FALSE,tested,La Quinta,Riverside County,33.687811,-116.286614
Alvord Unified,La Sierra High,4145 La Sierra Avenue Riverside CA 92505-2938,NA,NA,FALSE,tested,Riverside,Riverside County,33.921537,-117.490132
Alvord Unified,Lake Hills Elementary,16346 Village Meadow Drive Riverside CA 92503-0229,NA,NA,FALSE,tested,NA,Riverside County,33.872065,-117.484023
Riverside Unified,Lake Mathews Elementary,12252 Blackburn Road Riverside CA 92503-7083,NA,NA,FALSE,tested,Jurupa Valley,Riverside County,33.862643,-117.453513
Lake Elsinore Unified,Lakeland Village,18730 Grand Avenue Lake Elsinore CA 92530-6256,NA,NA,FALSE,tested,NA,Riverside County,33.658839,-117.376661
Lake Elsinore Unified,Lakeside High,32593 Riverside Drive Lake Elsinore CA 92530-7802,NA,NA,FALSE,tested,Lake Elsinore,Riverside County,33.670122,-117.380601
Val Verde Unified,Lakeside Middle,27720 Walnut Street Perris CA 92571-7520,NA,NA,FALSE,tested,Perris,Riverside County,33.82657,-117.229555
Palm Springs Unified,Landau Elementary,30310 Landau Boulevard Cathedral City CA 92234-5200,NA,NA,NA,not tested,NA,Riverside County,33.828776,-116.475493
Moreno Valley Unified,Landmark Middle,15261 Legendary Drive Moreno Valley CA 92555-5801,NA,NA,FALSE,tested,Moreno Valley,Riverside County,33.899,-117.181043
Coachella Valley Unified,Las Palmitas Elementary,86-150 Ave. 66 Thermal CA 92274,NA,NA,FALSE,tested,Thermal,Riverside County,33.569234,-116.138444
Val Verde Unified,Lasselle Elementary,26446 Krameria Avenue Moreno Valley CA 92555,NA,NA,FALSE,tested,Moreno Valley,Riverside County,33.881101,-117.2264
Corona-Norco Unified,Lee V. Pollard High,185 Magnolia Ave Corona CA 92879-3329,NA,NA,FALSE,tested,Corona,Riverside County,33.853376,-117.568453
Corona-Norco Unified,Letha Raney Intermediate,1010 West Citron Street Corona CA 92882-4051,NA,NA,FALSE,tested,Corona,Riverside County,33.863159,-117.583093
Riverside Unified,Liberty Elementary,9631 Hayes Street Riverside CA 92503-3660,NA,NA,FALSE,tested,Riverside,Riverside County,33.920302,-117.450836
Corona-Norco Unified,Lincoln Alternative Elementary,1041 Fullerton Avenue Corona CA 92879-2518,5.1,ppb,TRUE,tested,Corona,Riverside County,33.869458,-117.556051
Murrieta Valley Unified,Lisa J. Mails Elementary,35185 Briggs Road Murrieta CA 92563-2346,NA,NA,FALSE,tested,Murrieta,Riverside County,33.62648,-117.136837
Hemet Unified,Little Lake Elementary,26091 South Meridian Street Hemet CA 92544-6401,NA,NA,FALSE,tested,Hemet,Riverside County,33.742918,-116.928757
Alvord Unified,Loma Vista Middle,11050 Arlington Avenue Riverside CA 92505-2204,NA,NA,FALSE,tested,Riverside,Riverside County,33.944743,-117.49992
Riverside Unified,Longfellow Elementary,3610 Eucalyptus Avenue Riverside CA 92507-4161,7.8,ppb,TRUE,tested,Riverside,Riverside County,33.978341,-117.359545
Corona-Norco Unified,Louis VanderMolen Fundamental Elementary,6744 Carnelian Street Jurupa Valley CA 91752-4005,NA,NA,FALSE,tested,Jurupa Valley,Riverside County,33.965369,-117.542319
Lake Elsinore Unified,Luiseno,13500 Mountain Road Corona CA 92883-6227,NA,NA,FALSE,tested,Corona,Riverside County,33.725017,-117.424488
Desert Sands Unified,Lyndon B. Johnson Elementary,44-640 Clinton Street Indio CA 92201-2908,NA,NA,NA,not tested,Indio,Riverside County,33.725059,-116.242671
Lake Elsinore Unified,Machado Elementary,15150 Joy Street Lake Elsinore CA 92530-7912,NA,NA,FALSE,tested,NA,Riverside County,33.681088,-117.372476
Riverside Unified,Madison Elementary,3635 Madison Street Riverside CA 92504-3718,6.6,ppb,TRUE,tested,Riverside,Riverside County,33.938572,-117.40721
Riverside Unified,Magnolia Elementary,3975 Maplewood Place Riverside CA 92506-1848,NA,NA,FALSE,tested,Riverside,Riverside County,33.962336,-117.392991
Val Verde Unified,Manuel L. Real Elementary,19150 Clark Street Perris CA 92570-9363,NA,NA,FALSE,tested,Perris,Riverside County,33.841878,-117.28639
Val Verde Unified,March Middle,15800 Indian Avenue Moreno Valley CA 92551-7307,NA,NA,FALSE,tested,Moreno Valley,Riverside County,33.951686,-117.23524
Moreno Valley Unified,March Mountain High,24551 Dracaea Avenue Moreno Valley CA 92553-3745,NA,NA,FALSE,tested,Moreno Valley,Riverside County,33.928114,-117.234001
Moreno Valley Unified,March Valley,24551 Dracaea Ave Moreno Valley CA 92553-3745,NA,NA,FALSE,tested,Moreno Valley,Riverside County,33.928114,-117.234001
Palo Verde Unified,Margaret White Elementary,610 North Broadway Blythe CA 92225-1331,NA,NA,NA,not tested,NA,Riverside County,33.620344,-114.596904
Temecula Valley Unified,Margarita Middle,30600 Margarita Road Temecula CA 92591-1528,NA,NA,FALSE,tested,Temecula,Riverside County,33.514312,-117.135148
Riverside Unified,Mark Twain Elementary,19411 Krameria Avenue Riverside CA 92508-9602,NA,NA,FALSE,tested,Riverside,Riverside County,33.880075,-117.325151
Riverside Unified,Martin Luther King Jr. High,9301 Wood Road Riverside CA 92508-9459,NA,NA,FALSE,tested,Riverside,Riverside County,33.881676,-117.331245
Desert Sands Unified,Martin Van Buren Elementary,47-733 Van Buren Street Indio CA 92201-7144,NA,NA,NA,not tested,Indio,Riverside County,33.702386,-116.199861
Val Verde Unified,Mary McLeod Bethune Elementary,25390 Krameria Street Moreno Valley CA 92551-2567,NA,NA,FALSE,tested,Moreno Valley,Riverside County,33.880501,-117.21873
Riverside Unified,Matthew Gage Middle,6400 Lincoln Avenue Riverside CA 92506-4423,NA,NA,FALSE,tested,Riverside,Riverside County,33.940513,-117.378846
Val Verde Unified,May Ranch Elementary,900 East Morgan Perris CA 92571-7815,NA,NA,FALSE,tested,Perris,Riverside County,33.837803,-117.243969
Hemet Unified,McSweeny Elementary,451 West Chambers Avenue Hemet CA 92543-9661,NA,NA,FALSE,tested,Hemet,Riverside County,33.722027,-116.974624
Val Verde Unified,Mead Valley Elementary,21 100 Oleander Avenue Perris CA 92570-9415,5.44,ppb,TRUE,tested,Perris,Riverside County,33.862113,-117.255137
Coachella Valley Unified,Mecca Elementary,65250 Cahuilla Street Mecca CA 92254-6602,NA,NA,FALSE,tested,Mecca,Riverside County,33.576356,-116.075858
San Jacinto Unified,Megan Cope Elementary,2550 Via La Sierra Lane San Jacinto CA 92582-4700,NA,NA,FALSE,tested,San Jacinto,Riverside County,33.786362,-117.012761
Menifee Union Elementary,Menifee Preschool,26350 La Piedra Road Menifee CA 92584-7368,NA,NA,FALSE,tested,Menifee,Riverside County,33.677279,-117.199982
Menifee Union Elementary,Menifee Valley Middle,"26255 Garbani Road, Menifee 92584",NA,NA,NA,exempt,Menifee,Riverside County,33.655919,-117.202529
Menifee Union Elementary,Menifee Valley Middle,26255 Garbani Road Menifee CA 92584-9197,NA,NA,NA,not tested,Menifee,Riverside County,33.655919,-117.202529
Romoland Elementary,Mesa View Elementary,27227 Heritage Lake Drive Romoland CA 92585-2628,NA,NA,FALSE,tested,Menifee,Riverside County,33.712046,-117.140105
Yucaipa-Calimesa Joint Unified,Mesa View Middle,800 Mustang Way Calimesa CA 92399-1080,NA,NA,FALSE,tested,Calimesa,Riverside County,33.99741,-117.069558
Moreno Valley Unified,Midland Elementary,11440 Davis Street Moreno Valley CA 92557-5524,NA,NA,FALSE,tested,Moreno Valley,Riverside County,33.956297,-117.239479
Banning Unified,Milo P Johnson Center for Learning,671 N Florida St Banning CA 92220,NA,NA,FALSE,tested,Banning,Riverside County,33.931473,-116.870251
Jurupa Unified,Mira Loma Middle,5051 Steve Street Jurupa Valley CA 92509-3548,NA,NA,NA,not tested,Jurupa Valley,Riverside County,33.979137,-117.501538
Jurupa Unified,Mission Bell Elementary,4020 Conning Street Jurupa Valley CA 92509-2599,NA,NA,NA,not tested,Jurupa Valley,Riverside County,34.01642,-117.50266
Jurupa Unified,Mission Middle,5961 Mustang LN Jurupa Valley CA 92509-4260,NA,NA,NA,not tested,Jurupa Valley,Riverside County,34.00441,-117.416179
Riverside Unified,Monroe Elementary,8535 Garfield Avenue Riverside CA 92504-2906,5.5,ppb,TRUE,tested,NA,Riverside County,34.013,-117.326543
Murrieta Valley Unified,Monte Vista Elementary,37420 Via Mira Mosa Murrieta CA 92563-2753,NA,NA,FALSE,tested,Murrieta,Riverside County,33.578593,-117.142445
San Jacinto Unified,Monte Vista Middle,181 North Ramona Boulevard San Jacinto CA 92583-3324,9.3,ppb,TRUE,tested,San Jacinto,Riverside County,33.788302,-116.964041
Moreno Valley Unified,Moreno Elementary,26700 Cottonwood Avenue Moreno Valley CA 92555-3802,NA,NA,FALSE,tested,Moreno Valley,Riverside County,33.92471,-117.196766
Moreno Valley Unified,Moreno Valley Adult Education,24551 Dracaea Moreno Valley CA 92553-3745,NA,NA,NA,not tested,Moreno Valley,Riverside County,33.928114,-117.234001
Moreno Valley Unified,Moreno Valley Community Learning Center,24511 Cactus Avenue Moreno Valley CA 92553,NA,NA,FALSE,tested,Moreno Valley,Riverside County,33.909959,-117.234719
Moreno Valley Unified,Moreno Valley High,23300 Cottonwood Avenue Moreno Valley CA 92553-3437,NA,NA,FALSE,tested,Moreno Valley,Riverside County,33.924617,-117.25548
Moreno Valley Unified,Moreno Valley Online Academy,24521 Cactus Avenue Moreno Valley CA 92553,NA,NA,FALSE,tested,Moreno Valley,Riverside County,33.909961,-117.234578
San Jacinto Unified,Mountain Heights Academy,1000 Ramona Boulevard San Jacinto CA 92582-2552,NA,NA,FALSE,tested,San Jacinto,Riverside County,33.797636,-116.975642
Nuview Union,Mountain Shadows Middle,30401 Reservoir Avenue Nuevo CA 92567-9361,NA,NA,NA,not tested,NA,Riverside County,33.807678,-117.147397
Riverside Unified,Mountain View Elementary,6180 Streeter Avenue Riverside CA 92504-1253,NA,NA,FALSE,tested,Riverside,Riverside County,33.959523,-117.418721
Moreno Valley Unified,Mountain View Middle,13130 Morrison Street Moreno Valley CA 92555-3700,NA,NA,FALSE,tested,Moreno Valley,Riverside County,33.930569,-117.200139
Beaumont Unified,Mountain View Middle,200 Cougar Way Beaumont CA 92223-8634,NA,NA,FALSE,tested,Beaumont,Riverside County,33.954914,-116.980551
Coachella Valley Unified,Mountain Vista Elementary,49-750 Hjorth Street Indio CA 92201-6417,NA,NA,FALSE,tested,Indio,Riverside County,33.6875,-116.246126
Palm Springs Unified,Mt. San Jacinto High,30800 Landau Boulevard Cathedral City CA 92234-5159,NA,NA,NA,not tested,NA,Riverside County,33.826061,-116.475498
Murrieta Valley Unified,Murrieta Canyon Academy,24150 Hayes Ave Murrieta CA 92563-9461,NA,NA,FALSE,tested,Murrieta,Riverside County,33.558721,-117.231392
Private,Murrieta Elementary School,24725 Adams Avenue Murrieta CA 92562-9172,NA,NA,FALSE,tested,Murrieta,Riverside County,33.556779,-117.213594
Murrieta Valley Unified,Murrieta Mesa High,24801 Monroe Avenue Murrieta CA 92562-9018,NA,NA,FALSE,tested,Murrieta,Riverside County,33.565742,-117.200044
Murrieta Valley Unified,Murrieta Valley Adult Education,24150 Hayes Avenue II Murrieta CA 92562,NA,NA,NA,not tested,Murrieta,Riverside County,33.560522,-117.231951
Murrieta Valley Unified,Murrieta Valley High,42200 Nighthawk Way Murrieta CA 92562-6235,NA,NA,FALSE,tested,Murrieta,Riverside County,33.56464,-117.232084
Alvord Unified,Myra Linn Elementary,10435 Branigan Way Riverside CA 92505-1515,NA,NA,FALSE,tested,Riverside,Riverside County,33.919531,-117.472273
Palm Springs Unified,Nellie N. Coffman Middle,34-603 Plumley Road Cathedral City CA 92234-6326,NA,NA,NA,not tested,Cathedral City,Riverside County,33.797179,-116.449853
Banning Unified,New Horizon High,1151 West Wilson Street B Banning CA 92220-4378,NA,NA,FALSE,tested,Banning,Riverside County,33.933243,-116.889511
Temecula Valley Unified,Nicolas Valley Elementary,39600 North General Kearney Road Temecula CA 92591-7302,NA,NA,FALSE,tested,Murrieta,Riverside County,33.546389,-117.12539
Banning Unified,Nicolet Middle,101 East Nicolet Street Banning CA 92220-5551,NA,NA,FALSE,tested,Banning,Riverside County,33.92899,-116.875522
Corona-Norco Unified,Norco Elementary,1700 Temescal Avenue Norco CA 92860-3038,NA,NA,FALSE,tested,Norco,Riverside County,33.90666,-117.549218
Corona-Norco Unified,Norco High,2065 Temescal Avenue Norco CA 92860-2726,NA,NA,FALSE,tested,Norco,Riverside County,33.911832,-117.546691
Corona-Norco Unified,Norco Intermediate,2711 Temescal Avenue Norco CA 92860-2392,13,ppb,TRUE,tested,Norco,Riverside County,33.921717,-117.543549
Alvord Unified,Norte Vista High,6585 Crest Avenue Riverside CA 92503-1102,NA,NA,FALSE,tested,Riverside,Riverside County,33.95001,-117.47253
San Jacinto Unified,North Mountain Middle,1202 East Seventh Street San Jacinto CA 92583-4437,NA,NA,FALSE,tested,San Jacinto,Riverside County,33.779529,-116.939339
Moreno Valley Unified,North Ridge Elementary,25101 Kalmia Avenue Moreno Valley CA 92557-5731,NA,NA,FALSE,tested,Moreno Valley,Riverside County,33.953894,-117.224513
Coachella Valley Unified,NOVA Academy - Coachella,52 780 Frederick Street Coachella CA 92236-7319,NA,NA,NA,not tested,Coachella,Riverside County,33.664853,-116.190436
Jurupa Unified,Nueva Vista Continuation High,6836 34th Street Jurupa Valley CA 92509-1301,NA,NA,NA,not tested,Jurupa Valley,Riverside County,33.998057,-117.398514
Nuview Union,Nuview Bridge Early College High,30401 Reservoir Ave Nuevo CA 92567-9361,NA,NA,NA,not tested,NA,Riverside County,33.807678,-117.147397
Nuview Union,Nuview Elementary,29680 Lakeview Avenue Nuevo CA 92567-9140,NA,NA,NA,not tested,NA,Riverside County,33.819347,-117.13131
Private,Oak Grove Center / Jack Weaver,24275 Jefferson Avenue Murrieta CA 92562,NA,NA,FALSE,tested,Murrieta,Riverside County,33.567469,-117.217461
Menifee Union Elementary,Oak Meadows Elementary,28600 Poinsettia Street Murrieta CA 92563-7429,NA,NA,NA,not tested,Murrieta,Riverside County,33.629643,-117.164619
Menifee Union Elementary,Oak Meadows Elementary,"28600 Poinsettia Street, Menifee 92563",NA,NA,NA,exempt,Murrieta,Riverside County,33.628801,-117.16206
Coachella Valley Unified,Oasis Elementary,88175 74th Avenue Thermal CA 92274-9618,NA,NA,FALSE,tested,Thermal,Riverside County,33.50991,-116.12775
Riverside Unified,Opportunity Program,6401 Lincoln Avenue A Riverside CA 92506-4424,NA,NA,NA,not tested,Riverside,Riverside County,33.94065,-117.378956
Corona-Norco Unified,Orange Elementary,1350 Valencia Road Corona CA 92881-0739,NA,NA,FALSE,tested,Corona,Riverside County,33.829755,-117.549304
Corona-Norco Unified,Orange Grove High,300 Buena Vista Avenue Corona CA 92882-1937,NA,NA,FALSE,tested,Corona,Riverside County,33.879042,-117.577731
Val Verde Unified,Orange Vista High School,1400 East Orange Avenue Perris CA 92571,NA,NA,FALSE,tested,Perris,Riverside County,33.814682,-117.198059
Lake Elsinore Unified,Ortega High,520 Chaney Street Building 100 Lake Elsinore CA 92530-1230,NA,NA,FALSE,tested,Lake Elsinore,Riverside County,33.681031,-117.336154
Riverside Unified,Pachappa Elementary,6200 Riverside Avenue Riverside CA 92506-2147,NA,NA,FALSE,tested,Riverside,Riverside County,33.956475,-117.387824
Palm Springs Unified,Painted Hills Middle,9250 Sonora Drive Desert Hot Springs CA 92240-1585,NA,NA,FALSE,tested,Desert Hot Springs,Riverside County,33.982803,-116.521439
Desert Sands Unified,Palm Desert Charter Middle,74-200 Rutledge Way Palm Desert CA 92260-2646,NA,NA,NA,not tested,Palm Desert,Riverside County,33.73417,-116.370511
Desert Sands Unified,Palm Desert High,74-910 Aztec Road Palm Desert CA 92260-5639,NA,NA,NA,not tested,Palm Desert,Riverside County,33.733203,-116.358059
Beaumont Unified,Palm Elementary,751 Palm Avenue Beaumont CA 92223-0187,NA,NA,FALSE,tested,Beaumont,Riverside County,33.931732,-116.971722
Moreno Valley Unified,Palm Middle,11900 Slawson Avenue Moreno Valley CA 92557-6642,5.58,ppb,TRUE,tested,Moreno Valley,Riverside County,33.953813,-117.21324
Private,Palm Springs Community School,1800 E. Vista Chino Palm Springs CA 92262,NA,NA,FALSE,tested,Palm Springs,Riverside County,33.844939,-116.526885
Palm Springs Unified,Palm Springs High,2401 East Baristo Road Palm Springs CA 92262-7217,6.1,ppb,TRUE,tested,Palm Springs,Riverside County,33.818077,-116.521209
Coachella Valley Unified,Palm View Elementary,1390 Seventh Street Coachella CA 92236-1722,NA,NA,FALSE,tested,NA,Riverside County,33.677157,-116.176802
Perris Elementary,Palms Elementary,255 East Jarvis Perris CA 92571-2825,NA,NA,FALSE,tested,Perris,Riverside County,33.791951,-117.225516
Palo Verde Unified,Palo Verde High,667 North Lovekin Boulevard Blythe CA 92225-1136,NA,NA,NA,not tested,NA,Riverside County,33.621112,-114.605658
Temecula Valley Unified,Paloma Elementary,42940 Via Rami Temecula CA 92592-3648,NA,NA,FALSE,tested,Temecula,Riverside County,33.501102,-117.106676
Perris Union High,Paloma Valley High,31375 Bradley Road Menifee CA 92584-9368,NA,NA,FALSE,tested,Menifee,Riverside County,33.665056,-117.192036
San Jacinto Unified,Park Hill Elementary,1157 East Commonwealth Avenue San Jacinto CA 92583-6842,NA,NA,FALSE,tested,San Jacinto,Riverside County,33.769463,-116.942277
Corona-Norco Unified,Parkridge Elementary,750 Corona Avenue Corona CA 92879-1074,NA,NA,FALSE,tested,Corona,Riverside County,33.892047,-117.55983
Riverside Unified,Patricia Beatty Elementary,4261 Latham Road Riverside CA 92501-1712,NA,NA,FALSE,tested,Riverside,Riverside County,34.002002,-117.372557
Jurupa Unified,Patriot High,4355 Camino Real Jurupa Valley CA 92509-3455,NA,NA,NA,not tested,Jurupa Valley,Riverside County,33.980553,-117.452263
Temecula Valley Unified,Pauba Valley Elementary,33125 Regina Drive Temecula CA 92592-1473,NA,NA,FALSE,tested,Temecula,Riverside County,33.472561,-117.08466
Jurupa Unified,Pedley Elementary,5871 Hudson Street Jurupa Valley CA 92509-5012,NA,NA,NA,not tested,Jurupa Valley,Riverside County,33.981534,-117.47986
Jurupa Unified,Peralta Elementary,6450 Peralta Place Jurupa Valley CA 92509-6352,NA,NA,NA,not tested,Jurupa Valley,Riverside County,33.976483,-117.430799
Perris Elementary,Perris Elementary,500 A Street Perris CA 92571-1956,5.2,ppb,TRUE,tested,Perris,Riverside County,33.78144,-117.234862
Riverside County Office Of Education ROP,Perris Head Start,148 Avocado Avenu Perris CA 92571,NA,NA,FALSE,tested,Perris,Riverside County,33.810917,-117.222552
Perris Union High,Perris High,175 East Nuevo Road Perris CA 92571-2910,NA,NA,NA,not tested,Perris,Riverside County,33.801035,-117.22495
Perris Union High,Perris Lake High (Continuation),418 West Ellis Perris CA 92570-4544,6,ppb,TRUE,tested,NA,Riverside County,33.771964,-117.219203
Coachella Valley Unified,Peter Pendleton Elementary,84-750 Calle Rojo Coachella CA 92236-2837,NA,NA,FALSE,tested,Coachella,Riverside County,33.668707,-116.187988
Alvord Unified,Phillip M. Stokoe Elementary,4501 Ambs Drive Riverside CA 92505-3758,NA,NA,FALSE,tested,Riverside,Riverside County,33.907106,-117.500237
Perris Union High,Pinacate Middle,1990 South A Street Perris CA 92570-4507,NA,NA,FALSE,tested,Perris,Riverside County,33.765628,-117.235383
Riverside Unified,Polytechnic High,5450 Victoria Avenue Riverside CA 92506-3362,NA,NA,FALSE,tested,Riverside,Riverside County,33.95191,-117.368112
Corona-Norco Unified,Prado View Elementary,2800 Ridgeline Drive Corona CA 92882-8734,NA,NA,FALSE,tested,Corona,Riverside County,33.872962,-117.625029
Riverside County Office of Education,Preschool Grasp,3939 13th Street B Riverside CA 92502-0868,NA,NA,NA,not tested,Riverside,Riverside County,33.978547,-117.380547
Alvord Unified,Promenade Elementary,550 Hamilton Drive Corona CA 91719-5851,NA,NA,FALSE,tested,Corona,Riverside County,33.894519,-117.514533
Menifee Union Elementary,Quail Valley Elementary,23757 Canyon Heights Drive Quail Valley CA 92587-7267,NA,NA,NA,not tested,Menifee,Riverside County,33.698123,-117.243246
Menifee Union Elementary,Quail Valley Elementary,"23757 Canyon Heights Drive, Menifee 92587",NA,NA,NA,exempt,Menifee,Riverside County,33.698123,-117.243246
Murrieta Valley Unified,Rail Ranch Elementary,25030 Via Santee Road Murrieta CA 92563-5020,NA,NA,FALSE,tested,Murrieta,Riverside County,33.578052,-117.173708
Lake Elsinore Unified,Railroad Canyon Elementary,1300 Mill Street Lake Elsinore CA 92530-4377,NA,NA,FALSE,tested,NA,Riverside County,33.665164,-117.310756
Perris Elementary,Railway Elementary,555 Alpine Drive Perris CA 92570-6216,NA,NA,FALSE,tested,Perris,Riverside County,33.761142,-117.233836
Val Verde Unified,Rainbow Ridge Elementary,15950 Indian Avenue Moreno Valley CA 92551-7302,7.11,ppb,TRUE,tested,Moreno Valley,Riverside County,33.951686,-117.23524
Moreno Valley Unified,Rainbow Springs,23990 Eucalyptus Avenue Moreno Valley CA 92553-5504,7.71,ppb,TRUE,tested,Moreno Valley,Riverside County,33.931873,-117.244057
Riverside Unified,Raincross High (Continuation),6401 Lincoln Avenue Riverside CA 92506-4424,NA,NA,NA,not tested,Riverside,Riverside County,33.94065,-117.378956
Hemet Unified,Ramona Elementary,41051 Whittier Avenue Hemet CA 92544-6312,NA,NA,FALSE,tested,Hemet,Riverside County,33.73674,-116.944651
Moreno Valley Unified,Ramona Elementary,24801 Bay Avenue Moreno Valley CA 92553-3861,NA,NA,FALSE,tested,Moreno Valley,Riverside County,33.920865,-117.230038
Riverside Unified,Ramona High,7675 Magnolia Avenue Riverside CA 92504-3627,NA,NA,FALSE,tested,Riverside,Riverside County,33.939591,-117.412933
Temecula Valley Unified,Rancho Elementary,31530 La Serena Way Temecula CA 92591-5080,NA,NA,FALSE,tested,Temecula,Riverside County,33.518479,-117.121875
Palm Springs Unified,Rancho Mirage Elementary,42-985 Indian Trail Road Rancho Mirage CA 92270-4104,NA,NA,NA,not tested,Rancho Mirage,Riverside County,33.74068,-116.421454
Palm Springs Unified,Rancho Mirage High,31001 Rattler Road Rancho Mirage CA 92270-2702,NA,NA,NA,not tested,NA,Riverside County,33.826166,-116.43216
Val Verde Unified,Rancho Verde High,17750 Lasselle Street Moreno Valley CA 92551-6300,NA,NA,FALSE,tested,Moreno Valley,Riverside County,33.862614,-117.207455
Hemet Unified,Rancho Viejo Middle,985 North Cawston Avenue Hemet CA 92545-1551,NA,NA,FALSE,tested,Hemet,Riverside County,33.752694,-117.015409
Temecula Valley Unified,Rancho Vista High,32225 Pio Pico Road Temecula CA 92592-6200,NA,NA,FALSE,tested,Temecula,Riverside County,33.490649,-117.103688
Palm Springs Unified,Raymond Cree Middle,1011 Vista Chino Palm Springs CA 92262-3207,NA,NA,FALSE,tested,Palm Springs,Riverside County,33.844915,-116.501953
Riverside Unified,REACH Leadership STEAM Academy,4850 Jurupa Avenue Riverside CA 92504-1709,NA,NA,NA,not tested,Riverside,Riverside County,33.96141,-117.408951
Temecula Valley Unified,Red Hawk Elementary,32045 Camino San Jose Temecula CA 92592-1025,NA,NA,FALSE,tested,Temecula,Riverside County,33.469332,-117.099184
Riverside County Office of Education,Regional Learning Center,6511 Arlington Avenue Riverside CA 92504,NA,NA,FALSE,tested,Riverside,Riverside County,33.945983,-117.440818
Banning Unified,Renu Hope Preschool,771 West Williams Banning CA 92220-4758,NA,NA,FALSE,tested,Banning,Riverside County,33.927349,-116.885201
Lake Elsinore Unified,Rice Canyon Elementary,29535 Westwind Drive Lake Elsinore CA 92530-1242,6,ppb,TRUE,tested,NA,Riverside County,33.696451,-117.401609
Desert Sands Unified,Richard R. Oliphant Elementary,41-633 Gore St. Indio CA 92203-3178,NA,NA,NA,not tested,Indio,Riverside County,33.746736,-116.226718
Moreno Valley Unified,Ridge Crest Elementary,28500 John F Kennedy Drive Moreno Valley CA 92555-6308,9.2,ppb,TRUE,tested,Moreno Valley,Riverside County,33.905472,-117.166207
Menifee Union Elementary,Ridgemoor Elementary,"25455 Ridgemoor Road, Menifee CA 92586",NA,NA,NA,exempt,Menifee,Riverside County,33.699053,-117.215318
Menifee Union Elementary,Ridgemoor Elementary,25455 Ridgemoor Road Sun City CA 92586-2790,NA,NA,NA,not tested,Menifee,Riverside County,33.699053,-117.215318
Palm Springs Unified,Rio Vista Elementary,67 700 Verona Road Cathedral City CA 92234-5508,NA,NA,NA,not tested,Cathedral City,Riverside County,33.852654,-116.48121
Corona-Norco Unified,River Heights Intermediate,7227 Scholar Way Eastvale CA 92880-4018,NA,NA,FALSE,tested,Corona,Riverside County,33.958517,-117.567651
Riverside County Office of Education,River Springs Charter,43466 Business Park Drive Temecula CA 92590-5526,NA,NA,NA,not tested,Temecula,Riverside County,33.497809,-117.16159
Riverside Unified,Riverside Adult,6735 Magnolia Avenue Riverside CA 92506-2910,10,ppb,TRUE,tested,Riverside,Riverside County,33.951506,-117.39783
Private,Riverside Community College Early Childhood Center,4800 Magnolia Ave. Riverside CA 92506,NA,NA,NA,not tested,Riverside,Riverside County,33.971585,-117.384569
Riverside County Office of Education,Riverside County Community,3939 13th Street C Riverside CA 92501-3505,NA,NA,NA,not tested,Riverside,Riverside County,33.978547,-117.380547
Riverside County Office of Education,Riverside County Education Academy,13730 Perris Boulevard Moreno Valley CA 92553-4302,NA,NA,FALSE,tested,Moreno Valley,Riverside County,33.921755,-117.226298
Riverside County Office of Education,Riverside County Juvenile Court,3939 13th Street D Riverside CA 92502-0868,NA,NA,NA,not tested,Riverside,Riverside County,33.978547,-117.380547
Riverside County Office of Education,Riverside County Office of Education,1193 W. Wilson Street Banning CA 92220,28,ppb,TRUE,tested,Banning,Riverside County,33.932556,-116.889256
Riverside County Office Of Education ROP,Riverside County ROP,3939 13th Street F Riverside CA 92502-3505,NA,NA,NA,not tested,Riverside,Riverside County,33.978547,-117.380547
Riverside County Office of Education,Riverside County Special Education,3939 13th Street E Riverside CA 92502-0868,NA,NA,NA,not tested,Riverside,Riverside County,33.978547,-117.380547
Riverside Unified,Riverside STEM Academy,4466 Mount Vernon Avenue Riverside CA 92507-4864,5.1,ppb,TRUE,tested,Riverside,Riverside County,33.968424,-117.313696
Riverside Unified,Riverside Virtual,4011 Fourteenth Street Riverside CA 92506-4002,NA,NA,NA,not tested,Riverside,Riverside County,33.978268,-117.382074
Corona-Norco Unified,Riverview Elementary,4600 Pedley Avenue Norco CA 92860-1533,NA,NA,FALSE,tested,Norco,Riverside County,33.949138,-117.533487
Perris Elementary,Rob Reiner Children & Families Center,2221 South A Street Perris CA 92570-9318,NA,NA,FALSE,tested,Perris,Riverside County,33.758847,-117.234679
Romoland Elementary,Romoland Elementary,25890 Antelope Road Romoland CA 92585-9660,NA,NA,FALSE,tested,NA,Riverside County,33.747039,-117.17167
Lake Elsinore Unified,Ronald Reagan Elementary,35445 Porras Road Wildomar CA 92595-7683,NA,NA,FALSE,tested,NA,Riverside County,33.607397,-117.240712
Corona-Norco Unified,Ronald Reagan Elementary,8300 Fieldmaster Street Eastvale CA 92880,NA,NA,FALSE,tested,Corona,Riverside County,33.937475,-117.598191
Corona-Norco Unified,Rosa Parks Elementary,13830 Whispering Hills Drive Corona CA 92880-3792,NA,NA,FALSE,tested,Eastvale,Riverside County,33.964874,-117.585109
Alvord Unified,Rosemary Kennedy Elementary,6411 Mitchell Avenue Riverside CA 92505-2055,NA,NA,FALSE,tested,Riverside,Riverside County,33.944964,-117.491447
Jurupa Unified,Rubidoux High,4250 Opal Street Jurupa Valley CA 92509-7251,NA,NA,NA,not tested,Jurupa Valley,Riverside County,33.999064,-117.426841
Palo Verde Unified,Ruth Brown Elementary,241 North Seventh Avenue Blythe CA 92225-1825,NA,NA,NA,not tested,Blythe,Riverside County,33.612952,-114.588924
Alvord Unified,S. Christa McAuliffe Elementary,4100 Golden Avenue Riverside CA 92505-3403,NA,NA,FALSE,tested,Riverside,Riverside County,33.905706,-117.484801
Beaumont Unified,San Gorgonio Middle,1591 Cherry Ave Beaumont CA 92223-5121,NA,NA,FALSE,tested,Beaumont,Riverside County,33.937105,-116.964393
San Jacinto Unified,San Jacinto Elementary,136  North Ramona Boulevard San Jacinto CA 92583-3325,NA,NA,FALSE,tested,San Jacinto,Riverside County,33.787541,-116.963349
San Jacinto Unified,San Jacinto High,500 Idyllwild Drive San Jacinto CA 92583-2615,NA,NA,FALSE,tested,San Jacinto,Riverside County,33.797116,-116.968881
San Jacinto Unified,San Jacinto Leadership Academy - Magnet,1599 Malaga Drive San Jacinto CA 92583-2369,NA,NA,NA,not tested,San Jacinto,Riverside County,33.806359,-116.975655
Menifee Union Elementary,Santa Rosa Academy,27587 La Piedra Road Menifee CA 92584-8376,NA,NA,NA,not tested,Menifee,Riverside County,33.677625,-117.176665
Corona-Norco Unified,Santiago High,1395 Foothill Parkway Corona CA 92881-0996,NA,NA,FALSE,tested,Corona,Riverside County,33.835839,-117.545928
Coachella Valley Unified,Saul Martinez Elementary,65 705 Johnson Street Mecca CA 92254-9367,NA,NA,FALSE,tested,Mecca,Riverside County,33.572437,-116.061556
Moreno Valley Unified,Seneca Elementary,11615 Wordsworth Road Moreno Valley CA 92557-8451,NA,NA,FALSE,tested,Moreno Valley,Riverside County,33.952681,-117.294902
Moreno Valley Unified,Serrano Elementary,24100 Delphinium Avenue Moreno Valley CA 92553-3521,NA,NA,FALSE,tested,Moreno Valley,Riverside County,33.906496,-117.242039
Desert Sands Unified,Shadow Hills High,39-225 Jefferson Street Indio CA 92201-9482,NA,NA,NA,not tested,Indio,Riverside County,33.764456,-116.270082
Murrieta Valley Unified,Shivela Middle,24515 Lincoln Avenue Murrieta CA 92562-5807,NA,NA,FALSE,tested,Murrieta,Riverside County,33.571618,-117.197748
Riverside Unified,Sierra Middle,4950 Central Avenue Riverside CA 92504-1819,NA,NA,FALSE,tested,Riverside,Riverside County,33.953354,-117.41122
Val Verde Unified,Sierra Vista Elementary,20300 Sherman Road Perris CA 92571-7522,NA,NA,FALSE,tested,Perris,Riverside County,33.83028,-117.182573
Corona-Norco Unified,Sierra Vista Elementary,3560 Corona Avenue Norco CA 92860-1407,9,ppb,TRUE,tested,Norco,Riverside County,33.933663,-117.546237
Jurupa Unified,Sky Country Elementary,5520 Lucretia Avenue Jurupa Valley CA 91752-2060,NA,NA,NA,not tested,Jurupa Valley,Riverside County,33.988277,-117.528644
Perris Elementary,Sky View Elementary,625 Mildred Street Perris CA 92570-3930,NA,NA,FALSE,tested,Perris,Riverside County,33.795639,-117.221682
Menifee Union Elementary,Southshore Elementary,30975 Southshore Drive Menifee CA 92584-7377,NA,NA,NA,not tested,Menifee,Riverside County,33.672528,-117.145383
Menifee Union Elementary,Southshore Elementary,"30975 Southshore Drive, Menifee  CA 92584",NA,NA,NA,exempt,Menifee,Riverside County,33.672528,-117.145383
Private,Springs Charter Schools,43040 Margarita Road Temecula CA 92592,NA,NA,FALSE,tested,Temecula,Riverside County,33.497792,-117.115428
Private,Springs Charter Schools Lyndie Lane Campus,42145 Lyndie Lane Temecula CA 92591,NA,NA,FALSE,tested,Temecula,Riverside County,33.507362,-117.142849
Garden Grove Unified,Stanford Elementary,12721 Magnolia Avenue Garden Grove CA 92841-4739,NA,NA,FALSE,tested,Riverside,Riverside County,33.886469,-117.507033
Jurupa Unified,Steps Community Day,4041 Pacific Avenue Jurupa Valley CA 92509-5853,NA,NA,NA,not tested,Riverside,Riverside County,34.001233,-117.422245
Jurupa Unified,Stone Avenue Elementary,5111 Stone Avenue Jurupa Valley CA 92509-4090,NA,NA,NA,not tested,Jurupa Valley,Riverside County,33.995235,-117.466748
Moreno Valley Unified,Sugar Hill Elementary,24455 Old Country Road Moreno Valley CA 92557-4011,NA,NA,FALSE,tested,Moreno Valley,Riverside County,33.965475,-117.236972
Alvord Unified,Summit Elementary,10368 Campbell Ave Riverside CA 92505-1308,NA,NA,NA,not tested,Riverside,Riverside County,33.935938,-117.481256
Desert Sands Unified,Summit High (Continuation) and Horizon,43-330 Palm Royale Drive La Quinta CA 92253-8170,NA,NA,NA,not tested,La Quinta,Riverside County,33.7336,-116.300141
Alvord Unified,Summit Secondary,10368 Campbell Ave B Riverside CA 92505-1308,NA,NA,NA,not tested,Riverside,Riverside County,33.935938,-117.481256
Riverside Unified,Summit View Independent Study,6401 Lincoln Avenue B Riverside CA 92506-4413,NA,NA,NA,not tested,Riverside,Riverside County,33.94065,-117.378956
Beaumont Unified,Sundance Elementary,1520 East Eighth Street Beaumont CA 92223-2416,NA,NA,FALSE,tested,Beaumont,Riverside County,33.933469,-116.954126
Palm Springs Unified,Sunny Sands Elementary,69 310 McCallum Way Cathedral City CA 92234-2997,NA,NA,NA,not tested,Cathedral City,Riverside County,33.824142,-116.453402
Moreno Valley Unified,Sunnymead Elementary,24050 Dracaea Avenue Moreno Valley CA 92553-2813,NA,NA,NA,not tested,Moreno Valley,Riverside County,33.928264,-117.24243
Moreno Valley Unified,Sunnymead Middle,23996 Eucalyptus Ave Moreno Valley CA 92553-5509,NA,NA,NA,not tested,Moreno Valley,Riverside County,33.931873,-117.243949
Moreno Valley Unified,Sunnymeadows Elementary,23200 Eucalyptus Avenue Moreno Valley CA 92553-5937,NA,NA,FALSE,tested,Moreno Valley,Riverside County,33.931687,-117.258683
Jurupa Unified,Sunnyslope Elementary,7050 38th Street Jurupa Valley CA 92509-1334,NA,NA,NA,not tested,Riverside,Riverside County,34.015474,-117.438902
Riverside Unified,Sunshine Special Education,9390 California Avenue Riverside CA 92503-3217,6.5,ppb,TRUE,tested,Riverside,Riverside County,33.927782,-117.449391
Banning Unified,Susan B Coombs Intermediate School,1151 W Wilson St Banning CA 92220,NA,NA,FALSE,tested,Banning,Riverside County,33.933243,-116.889511
Corona-Norco Unified,Susan B. Anthony Elementary,2665 Gilbert Avenue Corona CA 92881-8677,NA,NA,FALSE,tested,Corona,Riverside County,33.843368,-117.549116
Temecula Valley Unified,Susan H. Nelson,32225 Pio Pico Rd Temecula CA 92592-2772,NA,NA,FALSE,tested,Temecula,Riverside County,33.490649,-117.103688
Temecula Valley Unified,Susan La Vorgna Elementary,31777 Algarve Avenue Winchester CA 92596-8788,NA,NA,FALSE,tested,Winchester,Riverside County,33.604185,-117.104506
Lake Elsinore Unified,Sycamore Academy of Science and Cultural Arts,23151 Palomar Street Wildomar CA 92595-7317,NA,NA,NA,not tested,Murrieta,Riverside County,33.587508,-117.249564
Hemet Unified,Tahquitz High,4425 Titan Trail Hemet CA 92545-6224,NA,NA,FALSE,tested,Hemet,Riverside County,33.768242,-117.018734
Temecula Valley Unified,Temecula Elementary,41951 Moraga Road Temecula CA 92591-4789,NA,NA,FALSE,tested,Temecula,Riverside County,33.510021,-117.140871
Temecula Valley Unified,Temecula Luiseno Elementary,45754 Wolf Creek Drive North Temecula CA 92592-2895,NA,NA,FALSE,tested,Temecula,Riverside County,33.46402,-117.107524
Temecula Valley Unified,Temecula Middle,42075 Meadows Parkway Temecula CA 92592-3800,NA,NA,FALSE,tested,Temecula,Riverside County,33.506148,-117.096197
Temecula Valley Unified,Temecula Preparatory,35777 Abelia Street Winchester CA 92596-8450,NA,NA,FALSE,tested,Winchester,Riverside County,33.604295,-117.085671
Temecula Valley Unified,Temecula Valley Adult,43000 Margarita Road Temecula CA 92591,NA,NA,NA,not tested,Temecula,Riverside County,33.514312,-117.135148
Temecula Valley Unified,Temecula Valley Charter,35755 Abelia St. Winchester CA 92596-8450,NA,NA,FALSE,tested,Winchester,Riverside County,33.604142,-117.085324
Temecula Valley Unified,Temecula Valley High,31555 Rancho Vista Road Temecula CA 92592-3516,5.9,ppb,TRUE,tested,Temecula,Riverside County,33.504992,-117.110204
Lake Elsinore Unified,Temescal Canyon High,28755 El Toro Road Lake Elsinore CA 92532-1912,NA,NA,FALSE,tested,NA,Riverside County,33.741734,-117.336418
Corona-Norco Unified,Temescal Valley Elementary,22950 Claystone Avenue Corona CA 92883-7151,NA,NA,FALSE,tested,Corona,Riverside County,33.78611,-117.49776
Lake Elsinore Unified,Terra Cotta Middle,29291 Lake Street Lake Elsinore CA 92530-1801,NA,NA,FALSE,tested,NA,Riverside County,33.697963,-117.390147
Alvord Unified,Terrace Elementary,6601 Rutland Street Riverside CA 92503-1299,11,ppb,TRUE,tested,Indio,Riverside County,33.777306,-116.2684
Desert Sands Unified,Theodore Roosevelt Elementary,83-200 Drive Carreon Boulevard Indio CA 92201-6951,NA,NA,FALSE,tested,Indio,Riverside County,33.708544,-116.240447
Desert Sands Unified,Thomas Jefferson Middle,83-089 Highway 111 Indio CA 92201-5643,NA,NA,FALSE,tested,Indio,Riverside County,33.71479,-116.226749
Murrieta Valley Unified,Thompson Middle,24040 Hayes Avenue Murrietta CA 92562-9198,NA,NA,FALSE,tested,Murrieta,Riverside County,33.562349,-117.233573
Beaumont Unified,Three Rings Ranch Elementary,1040 Claiborne Avenue Beaumont CA 92223-7200,NA,NA,FALSE,tested,Beaumont,Riverside County,33.93689,-116.994811
Riverside Unified,Tomas Rivera Elementary,20440 Red Poppy Lane Riverside CA 92508-3256,NA,NA,FALSE,tested,Riverside,Riverside County,33.888092,-117.304884
Val Verde Unified,Tomas Rivera Middle,21675 Martin Street Perris CA 92570-7314,NA,NA,FALSE,tested,Perris,Riverside County,33.844037,-117.284475
Temecula Valley Unified,Tony Tobin Elementary,45200 Morgan Hill Drive Temecula CA 92592-5557,NA,NA,FALSE,tested,Temecula,Riverside County,33.470034,-117.068562
Coachella Valley Unified,Toro Canyon Middle,86-150 Avenue 66 Thermal CA 92274,NA,NA,FALSE,tested,Thermal,Riverside County,33.569234,-116.138444
Beaumont Unified,Tournament Hills Elementary,36611 Champions Drive Beaumont CA 92223-9712,NA,NA,FALSE,tested,Calimesa,Riverside County,33.954064,-117.026232
Murrieta Valley Unified,Tovashal Elementary,23801 Via Santee Murrieta CA 92563,NA,NA,FALSE,tested,Murrieta,Riverside County,33.578233,-117.174091
Moreno Valley Unified,TownGate Elementary,22480 Dracaea Avenue Moreno Valley CA 92553-6992,NA,NA,FALSE,tested,Moreno Valley,Riverside County,33.928531,-117.273813
Val Verde Unified,Triple Crown Elementary,530 Orange Avenue Perris CA 92571-4027,NA,NA,FALSE,tested,Perris,Riverside County,33.815716,-117.214282
Jurupa Unified,Troth Street Elementary,5565 Troth Street Jurupa Valley CA 91752-2204,NA,NA,NA,not tested,Eastvale,Riverside County,33.984983,-117.515029
Lake Elsinore Unified,Tuscany Hills Elementary,23 Ponte Russo Lake Elsinore CA 92532-0500,NA,NA,FALSE,tested,Lake Elsinore,Riverside County,33.687163,-117.29043
Palo Verde Unified,Twin Palms Continuation,811 West Chanslor Way Blythe CA 92225-1118,NA,NA,NA,not tested,NA,Riverside County,33.61753,-114.607705
Alvord Unified,Twinhill Elementary,11000 Campbell Avenue Riverside CA 92505-2499,NA,NA,FALSE,tested,Riverside,Riverside County,33.932911,-117.493799
Palm Springs Unified,Two Bunch Palms Elementary,14250 West Drive Desert Hot Springs CA 92240-5655,NA,NA,FALSE,tested,Desert Hot Springs,Riverside County,33.945459,-116.510049
Riverside Unified,University Heights Middle,1155 Massachusetts Avenue Riverside CA 92507-2897,NA,NA,FALSE,tested,Riverside,Riverside County,33.986738,-117.33624
Temecula Valley Unified,Vail Elementary,29835 Mira Loma Drive Temecula CA 92592-2228,NA,NA,FALSE,tested,Temecula,Riverside County,33.503234,-117.135826
Temecula Valley Unified,Vail Ranch Middle,33340 Camino Piedra Rojo Temecula CA 92592-1184,NA,NA,FALSE,tested,Temecula,Riverside County,33.48094,-117.077421
Val Verde Unified,Val Verde Academy,25100 Red Maple Lane Moreno Valley CA 92551-1120,NA,NA,FALSE,tested,Moreno Valley,Riverside County,33.884729,-117.226289
Val Verde Unified,Val Verde Elementary,2656 Indian Avenue Perris CA 92571-3210,NA,NA,FALSE,tested,Perris,Riverside County,33.819425,-117.234771
Val Verde Unified,Val Verde High,972 West Morgan Street Perris CA 92571-3103,NA,NA,FALSE,tested,Perris,Riverside County,33.837632,-117.247715
Riverside County Office Of Education ROP,Val Verde RLC,3010 Webster Avenue Perris CA 92571,NA,NA,FALSE,tested,Perris,Riverside County,33.844477,-117.243827
Val Verde Unified,Val Verde Student Success Academy,25100 Red Maple Ln Moreno Valley CA 92551-1120,NA,NA,NA,not tested,Moreno Valley,Riverside County,33.884729,-117.226289
Coachella Valley Unified,Valle del Sol Elementary,51 433 Education Way Coachella CA 92236-3737,NA,NA,FALSE,tested,Coachella,Riverside County,33.674347,-116.158724
Hemet Unified,Valle Vista Elementary,43900 Mayberry Avenue Hemet CA 92544-6634,NA,NA,FALSE,tested,Hemet,Riverside County,33.74102,-116.894813
Nuview Union,Valley View Elementary,21220 Maurice Street Nuevo CA 92567-9010,NA,NA,FALSE,tested,NA,Riverside County,33.810314,-117.10944
Coachella Valley Unified,Valley View Elementary,85-270 Valley Road Coachella CA 92236-3038,NA,NA,FALSE,tested,Coachella,Riverside County,33.667026,-116.178427
Alvord Unified,Valley View Elementary,11750 Gramercy Place Riverside CA 92505-3128,NA,NA,FALSE,tested,Riverside,Riverside County,33.921804,-117.505872
Moreno Valley Unified,Valley View High,13135 Nason Street Moreno Valley CA 92555-4504,NA,NA,FALSE,tested,Moreno Valley,Riverside County,33.930041,-117.191619
Jurupa Unified,Van Buren Elementary,9501 Jurupa Road Jurupa Valley CA 92509-3513,NA,NA,NA,not tested,Eastvale,Riverside County,33.992729,-117.513909
Corona-Norco Unified,Vicentia Elementary,2005 South Vicentia Avenue Corona CA 92882-4261,NA,NA,FALSE,tested,Corona,Riverside County,33.85954,-117.576625
Riverside Unified,Victoria Elementary,2910 Arlington Avenue Riverside CA 92506-4449,NA,NA,FALSE,tested,Riverside,Riverside County,33.946345,-117.375123
Val Verde Unified,Victoriano Elementary,25650 Los Cabos Drive Moreno Valley CA 92551-1912,NA,NA,FALSE,tested,Moreno Valley,Riverside County,33.889275,-117.212026
Corona-Norco Unified,Victress Bower School for Exceptional Students,1250 West Parkridge Avenue Norco CA 92860-2864,NA,NA,FALSE,tested,Norco,Riverside County,33.900627,-117.570317
Temecula Valley Unified,Vintage Hills Elementary,42240 Camino Romo Temecula CA 92592-3537,NA,NA,FALSE,tested,Temecula,Riverside County,33.509119,-117.099415
Moreno Valley Unified,Vista del Lago High,15150 Lasselle Street Moreno Valley CA 92551-1460,NA,NA,FALSE,tested,Moreno Valley,Riverside County,33.87953,-117.209333
Palm Springs Unified,Vista del Monte Elementary,2744 North Via Miraleste Palm Springs CA 92262-2274,NA,NA,FALSE,tested,Palm Springs,Riverside County,33.855076,-116.540725
Moreno Valley Unified,Vista Heights Middle,23049 Old Lake Drive Moreno Valley CA 92557-2710,NA,NA,FALSE,tested,Moreno Valley,Riverside County,33.968075,-117.259753
Murrieta Valley Unified,Vista Murrieta High,28251 Clinton Keith Road Murrieta CA 92563-2465,NA,NA,FALSE,tested,Murrieta,Riverside County,33.598714,-117.17792
Val Verde Unified,Vista Verde Middle,25777 Krameria Street Moreno Valley CA 92551-2093,NA,NA,FALSE,tested,Moreno Valley,Riverside County,33.881305,-117.211924
Murrieta Valley Unified,Warm Springs Middle,39245 Calle de Fortuna Murrieta CA 92563-8002,NA,NA,FALSE,tested,Murrieta,Riverside County,33.553367,-117.149589
Riverside Unified,Washington Elementary,2760 Jane Street Riverside CA 92506-4301,NA,NA,FALSE,tested,Riverside,Riverside County,33.935048,-117.382608
Alvord Unified,Wells Middle,10000 Wells Avenue Riverside CA 92503-2373,NA,NA,FALSE,tested,Riverside,Riverside County,33.932694,-117.469923
Jurupa Unified,West Riverside Elementary,3972 Riverview Drive Jurupa Valley CA 92509-6611,NA,NA,NA,not tested,Jurupa Valley,Riverside County,33.998501,-117.414587
Hemet Unified,West Valley High,3401 Mustang Way Hemet CA 92545-9257,NA,NA,FALSE,tested,Hemet,Riverside County,33.717867,-117.010267
Hemet Unified,Western Center Academy,2345 Searl Parkway Hemet CA 92543-9706,NA,NA,FALSE,tested,Hemet,Riverside County,33.706597,-116.992958
Hemet Unified,Whittier Elementary,400 West Whittier Avenue Hemet CA 92543-5940,NA,NA,NA,not tested,Hemet,Riverside County,33.736726,-116.975115
Lake Elsinore Unified,Wildomar Elementary,21575 Palomar Road Wildomar CA 92595-7441,8.1,ppb,TRUE,tested,Wildomar,Riverside County,33.602942,-117.272417
Lake Elsinore Unified,William Collier Elementary,20150 Mayhall Drive Wildomar CA 92595-8272,NA,NA,FALSE,tested,Wildomar,Riverside County,33.616188,-117.301273
Riverside Unified,William Howard Taft Elementary,959 Mission Grove Parkway North Riverside CA 92506-6226,NA,NA,FALSE,tested,Riverside,Riverside County,33.924985,-117.324273
Corona-Norco Unified,William McKinley Elementary,2050 Aztec Lane Corona CA 92879-7858,NA,NA,FALSE,tested,Corona,Riverside County,33.902983,-117.531002
Hemet Unified,Winchester Elementary,28751 Winchester Road Winchester CA 92596-9570,NA,NA,FALSE,tested,NA,Riverside County,33.702846,-117.084997
Lake Elsinore Unified,Withrow Elementary,30100 Audelo Street Lake Elsinore CA 92530-7300,NA,NA,FALSE,tested,NA,Riverside County,33.682134,-117.394233
Riverside Unified,Woodcrest Elementary,16940 Krameria Avenue Riverside CA 92504-6119,NA,NA,FALSE,tested,Riverside,Riverside County,33.879968,-117.367091
Corona-Norco Unified,Woodrow Wilson Elementary,1750 Spyglass Drive Corona CA 92883-0696,NA,NA,FALSE,tested,Corona,Riverside County,33.81311,-117.5387
Private,Young Scholar Education Center,4029 W George St Banning CA 92220,NA,NA,FALSE,tested,Banning,Riverside County,33.930559,-116.92103
Temecula Valley Unified,Ysabel Barnett Elementary,39925 Harveston Drive Temecula CA 92591-4586,NA,NA,FALSE,tested,Temecula,Riverside County,33.539473,-117.152989
Alvord Unified,Ysmael Villegas Middle,3754 Harvill Lane Riverside CA 92503-4680,NA,NA,FALSE,tested,NA,Riverside County,33.884566,-117.507176
