district,schoolName,schoolAddress,medianResult,unit,lead,status,city,county,latitude,longitude
Enterprise Elementary,Alta Mesa Elementary,2301 Saturn Skyway Redding CA 96002-2813,NA,NA,FALSE,tested,NA,Shasta County,40.55598,-122.326746
Cascade Union Elementary,Anderson Heights Elementary,1530 Spruce Street Anderson CA 96007-4369,NA,NA,FALSE,tested,Anderson,Shasta County,40.436784,-122.293101
Anderson Union High,Anderson High,1471 Ferry Street Anderson CA 96007-3313,NA,NA,NA,not tested,Anderson,Shasta County,40.444368,-122.305756
Cascade Union Elementary,Anderson Middle,1646 West Ferry Street Anderson CA 96007-3314,6.34,ppb,TRUE,tested,Anderson,Shasta County,40.446405,-122.304974
Anderson Union High,Anderson New Technology High,2098 North Street Anderson CA 96007-3477,NA,NA,FALSE,tested,Anderson,Shasta County,40.451721,-122.299701
Bella Vista Elementary,Bella Vista Elementary,22661 Old Alturas Road Bella Vista CA 96008-9792,NA,NA,FALSE,tested,Bella Vista,Shasta County,40.639356,-122.233152
Private,Bethel Christian School,933 College View Drive Redding CA 96003,NA,NA,FALSE,tested,Redding,Shasta County,40.609846,-122.358456
Redding Elementary,Bonny View Elementary,5080 Bidwell Road Redding CA 96001-4255,6.9,ppb,TRUE,tested,Redding,Shasta County,40.543858,-122.378374
Enterprise Elementary,Boulder Creek Elementary,505 Springer Drive Redding CA 96003-4592,7.01,ppb,TRUE,tested,Redding,Shasta County,40.599414,-122.343141
Gateway Unified,Buckeye School of the Arts,3407 Hiatt Drive Redding CA 96003-1204,NA,NA,FALSE,tested,Redding,Shasta County,40.630931,-122.403425
Fall River Joint Unified,Burney Community Day,20375 Tamarack  Burney CA 96013-4054,NA,NA,FALSE,tested,NA,Shasta County,40.878747,-121.672735
Fall River Joint Unified,Burney Elementary,37403 Toronto Street Burney CA 96013-4381,5.3,ppb,TRUE,tested,Burney,Shasta County,40.882487,-121.654362
Fall River Joint Unified,Burney Elementary Community Day,20375 Tamarack Ave Burney CA 96013-4054,NA,NA,NA,not tested,NA,Shasta County,40.878747,-121.672735
Fall River Joint Unified,Burney Junior-Senior High,37571 Mountain View Road Burney CA 96013-4350,NA,NA,FALSE,tested,NA,Shasta County,40.884845,-121.64847
Castle Rock Union Elementary,Castle Rock Elementary,29373 Main Street Castella CA 96017-0180,19,ppb,TRUE,tested,NA,Shasta County,41.140087,-122.31807
Gateway Unified,Central Valley High,4066 La Mesa Avenue Shasta Lake CA 96019-9243,NA,NA,FALSE,tested,Shasta Lake,Shasta County,40.677732,-122.373345
Shasta County Office of Education,Chrysalis Charter,21945 Old Forty Four Drive Palo Cedro CA 96073-9760,NA,NA,FALSE,tested,Palo Cedro,Shasta County,40.561706,-122.242122
Columbia Elementary,Columbia Elementary,10142 Old Oregon Trail Redding CA 96003-7995,NA,NA,FALSE,tested,Redding,Shasta County,40.524051,-122.290773
Cottonwood Union Elementary,Cottonwood Creek Charter,3425 Brush Street Cottonwood CA 96022-8808,NA,NA,FALSE,tested,Cottonwood,Shasta County,40.386721,-122.279771
Private,Country Christian School,873 Canby Road Redding CA 96003,NA,NA,FALSE,tested,Redding,Shasta County,40.594023,-122.353392
Redding Elementary,Cypress Elementary,2150 Civic Center Drive Redding CA 96001-2704,NA,NA,FALSE,tested,Redding,Shasta County,40.575909,-122.380327
Shasta Union High,Enterprise High,3411 Churn Creek Road Redding CA 96002-2798,NA,NA,FALSE,tested,Redding,Shasta County,40.558285,-122.350734
Fall River Joint Unified,Fall River Community Day,44144 A Street McArthur CA 96056-8556,NA,NA,FALSE,tested,NA,Shasta County,41.051248,-121.40225
Fall River Joint Unified,Fall River Elementary,24977 Curve Street Fall River Mills CA 96028-9798,NA,NA,FALSE,tested,NA,Shasta County,41.006536,-121.440879
Fall River Joint Unified,Fall River Junior-Senior High,44215 Walnut Street McArthur CA 96056-8555,NA,NA,FALSE,tested,NA,Shasta County,41.046592,-121.399831
Shasta Union High,Foothill High,9733 Deschutes Road Palo Cedro CA 96073-8644,NA,NA,FALSE,tested,NA,Shasta County,40.573534,-122.238647
Shasta Union High,Freedom High,2650 Eighth Street Redding CA 96001,NA,NA,FALSE,tested,Redding,Shasta County,40.589118,-122.412155
Shasta Union High,Freedom High Mary Community Day,590 Mary Street Redding CA 96001,NA,NA,NA,not tested,Redding,Shasta County,40.59129,-122.408959
French Gulch-Whiskeytown Elementary,French Gulch-Whiskeytown Elementary,11442 Cline Gulch Road French Gulch CA 96033-0368,NA,NA,NA,not tested,NA,Shasta County,40.707583,-122.63486
Gateway Unified,Gateway Educational Options,3500 Tamarack Dr. Redding CA 96003-1747,6.66,ppb,TRUE,tested,Redding,Shasta County,40.618402,-122.400966
Gateway Unified,Grand Oaks Elementary,5309 Grand Avenue Shasta Lake CA 96019-9707,NA,NA,FALSE,tested,Shasta Lake,Shasta County,40.682595,-122.352669
Grant Elementary,Grant Elementary,8835 Swasey Drive Redding CA 96001-9722,10,ppb,TRUE,tested,NA,Shasta County,40.576363,-122.479356
Happy Valley Union Elementary,Happy Valley Elementary,17480 Palm Avenue Anderson CA 96007-8241,NA,NA,FALSE,tested,Anderson,Shasta County,40.446968,-122.408331
Happy Valley Union Elementary,Happy Valley Primary,16300 Cloverdale Road Anderson CA 96007-8209,NA,NA,FALSE,tested,Anderson,Shasta County,40.474378,-122.45393
"Igo, Ono, Platina Union Elementary",Igo-Ono Elementary,6429 Placer Street Igo CA 96047,6.36,ppb,TRUE,tested,Igo,Shasta County,40.503335,-122.54058
Redding Elementary,Juniper,375 Ellis Street Redding CA 96001-3644,NA,NA,FALSE,tested,Redding,Shasta County,40.563444,-122.381893
Enterprise Elementary,Lassen View Elementary,705 Loma Vista Drive Redding CA 96002-3113,NA,NA,FALSE,tested,Redding,Shasta County,40.549302,-122.358782
Redding Elementary,Manzanita Elementary,1240 Manzanita Hills Avenue Redding CA 96001-1348,7.3,ppb,TRUE,tested,Redding,Shasta County,40.581696,-122.41198
Columbia Elementary,MCCONNELL FOUNDATION RSA,955 Inspiration Way Redding CA 96003,NA,NA,FALSE,tested,Redding,Shasta County,40.59563,-122.322383
Cascade Union Elementary,Meadow Lane Elementary,2770 Balls Ferry Road Anderson CA 96007-3537,NA,NA,FALSE,tested,Anderson,Shasta County,40.453032,-122.270547
Enterprise Elementary,Mistletoe Elementary,1225 Mistletoe Lane Redding CA 96002-0720,NA,NA,FALSE,tested,Redding,Shasta County,40.578306,-122.348893
Private,Montessori Children's House of Shady Oaks,1410 Victor Avenue Redding CA 96003,NA,NA,FALSE,tested,Redding,Shasta County,40.587375,-122.338905
Gateway Unified,Mountain Lakes High,17752 Shasta Dam Boulevard Shasta Lake CA 96019-8401,6.78,ppb,TRUE,tested,Shasta Lake,Shasta County,40.680349,-122.359171
Fall River Joint Unified,Mountain View High (Continuation),20375 Tamarack Avenue Burney CA 96013-4054,NA,NA,FALSE,tested,NA,Shasta County,40.878747,-121.672735
Columbia Elementary,Mountain View Middle,675 Shasta View Drive Redding CA 96003-8287,NA,NA,FALSE,tested,Redding,Shasta County,40.59578,-122.324991
Fall River Joint Unified,Mt. Burney Special Education Center,37577 Mountain View Road Burney CA 96013,NA,NA,FALSE,tested,NA,Shasta County,40.884828,-121.648369
Whitmore Union Elementary,New Day Academy,30611 Whitmore Rd. Alturas CA 96101,NA,NA,NA,not tested,Whitmore,Shasta County,40.628741,-121.910707
Cottonwood Union Elementary,North Cottonwood,19920 Gas Point Rd Cottonwood CA 96022-9115,NA,NA,FALSE,tested,Cottonwood,Shasta County,40.390599,-122.315872
North Cow Creek Elementary,North Cow Creek Elementary,10619 Swede Creek Road Palo Cedro CA 96073-9742,NA,NA,FALSE,tested,NA,Shasta County,40.592858,-122.23177
Anderson Union High,North Valley High,20083 Olinda Road Anderson CA 96007-8291,NA,NA,NA,not tested,Anderson,Shasta County,40.441389,-122.323959
Private,"North Valley School, Redding",855 Canyon Road Redding CA 96001,NA,NA,FALSE,tested,Redding,Shasta County,40.488719,-122.393509
Enterprise Elementary,PACE Academy,3200 Adams Lane Redding CA 96002-2813,NA,NA,FALSE,tested,Redding,Shasta County,40.56009,-122.355513
Enterprise Elementary,Parsons Junior High,750 Hartnell Avenue Redding CA 96002-2120,9.8,ppb,TRUE,tested,Redding,Shasta County,40.565309,-122.357405
Private,Redding Adventist Academy,1356 East Cypress Avenue Redding CA 96002,15,ppb,TRUE,tested,Redding,Shasta County,40.570897,-122.34622
Private,Redding Christian School,21945 Old 44 Drive Palo Cedro CA 96073,5.29,ppb,TRUE,tested,NA,Shasta County,40.563682,-122.240202
Enterprise Elementary,Redding Collegiate Academy,3200 Adams Ln Redding CA 96002-2523,NA,NA,NA,not tested,Redding,Shasta County,40.56009,-122.355513
Shasta County Office of Education,Redding STEM Academy,3711 Oasis Rd. B Redding CA 96003-0397,NA,NA,NA,not tested,Redding,Shasta County,40.631119,-122.397705
Enterprise Elementary,Rother Elementary,795 Hartnell Avenue Redding CA 96002-2121,13.1,ppb,TRUE,tested,Redding,Shasta County,40.563901,-122.356518
Redding Elementary,Sequoia Middle,1805 Sequoia Street Redding CA 96001-1247,NA,NA,FALSE,tested,Redding,Shasta County,40.583274,-122.381207
Shasta Union High,Shasta Adult Education,590 Mary Street Redding CA 96001,NA,NA,FALSE,tested,Redding,Shasta County,40.59129,-122.408959
Shasta County Office of Education,Shasta County Independent Study Charter,11555 Oregon Trail Redding CA 96003,NA,NA,NA,not tested,Redding,Shasta County,40.625526,-122.313442
Shasta County Office of Education,Shasta County Special Education,3711 Oasis Road Redding CA 96003-0397,NA,NA,NA,not tested,Redding,Shasta County,40.631119,-122.397705
Shasta Union Elementary,Shasta Elementary,10446 Red Bluff Road Shasta CA 96087-3473,NA,NA,FALSE,tested,NA,Shasta County,40.591323,-122.487364
Shasta Union High,Shasta High,2500 Eureka Way Redding CA 96001-0335,NA,NA,FALSE,tested,Redding,Shasta County,40.588227,-122.410526
Gateway Unified,Shasta Lake,4620 Vallecito Street Shasta Lake CA 96019-9348,5.87,ppb,TRUE,tested,Shasta Lake,Shasta County,40.674582,-122.363684
Enterprise Elementary,Shasta Meadows Elementary,2825 Yana Avenue Redding CA 96002-1493,NA,NA,FALSE,tested,Redding,Shasta County,40.566334,-122.336972
Shasta-Trinity ROP,Shasta-Trinity ROP,4659 Eastside Road Redding CA 96001-4254,NA,NA,FALSE,tested,Redding,Shasta County,40.546766,-122.385867
Private,St. Joseph,2460 Gold Street Redding CA 96001,NA,NA,FALSE,tested,Redding,Shasta County,40.5767,-122.403394
Redding Elementary,Stellar Charter,5885 E Bonnyview Road Redding CA 96001-4535,NA,NA,FALSE,tested,Redding,Shasta County,40.531769,-122.374369
Redding Elementary,Sycamore Elementary,1926 Sycamore Drive Redding CA 96001-4870,NA,NA,FALSE,tested,Redding,Shasta County,40.523471,-122.388783
Redding Elementary,Turtle Bay,1330 Arboretum Drive Redding CA 96003-3603,NA,NA,FALSE,tested,Redding,Shasta County,40.597452,-122.383725
Shasta Union High,University Preparatory,2200 Eureka Way Redding CA 96001-0337,6.7,ppb,TRUE,tested,Redding,Shasta County,40.587505,-122.406434
Cottonwood Union Elementary,West Cottonwood Junior High,20512 West First Street Cottonwood CA 96022-8808,NA,NA,FALSE,tested,Cottonwood,Shasta County,40.386243,-122.292086
