district,schoolName,schoolAddress,medianResult,unit,lead,status,city,county,latitude,longitude
Kings Canyon Joint Unified,A. L. Conner Elementary,222 Fourth Street Orange Cove CA 93646-2111,NA,NA,FALSE,tested,Orange Cove,Fresno County,36.62972,-119.307957
Selma Unified,Abraham Lincoln Middle,1239 Nelson Boulevard Selma CA 93662-4112,NA,NA,FALSE,tested,Selma,Fresno County,36.583853,-119.600501
Fresno Unified,Addams Elementary,2117 West McKinley Avenue Fresno CA 93728-1125,NA,NA,FALSE,tested,Fresno,Fresno County,36.764592,-119.835802
Fresno Unified,Ahwahnee Middle,1127 East Escalon Avenue Fresno CA 93710-5510,10.9,ppb,TRUE,tested,Fresno,Fresno County,36.826728,-119.768226
Fresno Unified,Akira Yokomi Elementary,2323 East McKenzie Fresno CA 93701-2221,NA,NA,FALSE,tested,Fresno,Fresno County,36.74743,-119.783226
Clovis Unified,Alta Sierra Intermediate,380 West Teague Avenue Clovis CA 93611-8332,NA,NA,FALSE,tested,Clovis,Fresno County,36.859917,-119.718405
Alvina Elementary,Alvina Elementary Charter,295 West Saginaw Avenue Caruthers CA 93609-9710,NA,NA,NA,not tested,NA,Fresno County,36.554148,-119.880976
Selma Unified,Andrew Jackson Elementary,2220 Huntsman Avenue Selma CA 93662-2422,NA,NA,FALSE,tested,Selma,Fresno County,36.583553,-119.61428
Fresno Unified,Ann B. Leavenworth,4420 East Thomas Avenue Fresno CA 93702-1441,NA,NA,NA,not tested,Fresno,Fresno County,36.753107,-119.75162
Coalinga-Huron Unified,Annie E. Cheney Kindergarten,149 Adams Street Coalinga CA 93210-2927,6.9,ppb,TRUE,tested,Coalinga,Fresno County,36.142329,-120.36482
Private,Armenian Community School,108 North Villa Avenue Clovis CA 93612,NA,NA,FALSE,tested,Clovis,Fresno County,36.832326,-119.713622
Firebaugh-Las Deltas Unified,Arthur E. Mills Intermediate,1191 P Street Firebaugh CA 93622-2230,9.6,ppb,TRUE,tested,NA,Fresno County,36.8595,-120.455155
Fresno Unified,Aspen Valley Prep Academy,4221 N. Hughes Avenue Fresno CA 93705,NA,NA,FALSE,tested,Fresno,Fresno County,36.794363,-119.835449
Fresno Unified,Ayer Elementary,5272 East Lowe Avenue Fresno CA 93727-5216,NA,NA,FALSE,tested,Fresno,Fresno County,36.731301,-119.717127
Fresno Unified,Aynesworth Elementary,4765 East Burns Avenue Fresno CA 93725-1732,NA,NA,FALSE,tested,Fresno,Fresno County,36.712436,-119.737709
Fresno Unified,Baird Middle,5500 North Maroa Avenue Fresno CA 93704-2005,6.5,ppb,TRUE,tested,Fresno,Fresno County,36.817796,-119.799274
Fresno County Office of Education,Beth Ramacher Educational Complex,710 N. Hughes Avenue Fresno CA 93728,5.5,ppb,TRUE,tested,Fresno,Fresno County,36.752108,-119.835404
Big Creek Elementary,Big Creek Elementary,55190 Point Road Big Creek CA 93605-0098,NA,NA,NA,not tested,Big Creek,Fresno County,37.204807,-119.247121
Fresno County Office of Education,Big Picture Educational Academy,1207 South Trinity Street Fresno CA 93706-2611,NA,NA,NA,not tested,Fresno,Fresno County,36.730625,-119.808532
Central Unified,Biola-Pershing Elementary,4885 North Biola Avenue Fresno CA 93723-9428,NA,NA,NA,not tested,NA,Fresno County,36.805542,-120.016656
Fresno Unified,Birney Elementary,3034 East Cornell Avenue Fresno CA 93703-1231,NA,NA,FALSE,tested,Fresno,Fresno County,36.776829,-119.773737
Clovis Unified,Buchanan High,1560 North Minnewawa Avenue Clovis CA 93611-7698,NA,NA,FALSE,tested,Clovis,Fresno County,36.84686,-119.711091
Clovis Unified,Bud Rank Elementary,3650 Powers Avenue Clovis CA 93619-5900,NA,NA,FALSE,tested,Clovis,Fresno County,36.862719,-119.641997
Fresno Unified,Bullard High,5445 North Palm Avenue Fresno CA 93704-1941,NA,NA,FALSE,tested,Fresno,Fresno County,36.816493,-119.808477
Fresno Unified,Bullard Talent Project,4950 North Harrison Fresno CA 93704-2938,NA,NA,FALSE,tested,Fresno,Fresno County,36.807125,-119.810626
Fresno Unified,Burroughs Elementary,166 North Sierra Vista Avenue Fresno CA 93702-2647,NA,NA,FALSE,tested,Fresno,Fresno County,36.744611,-119.740796
Fresno Unified,Calwa Elementary,4303 East Jensen Avenue Fresno CA 93725-2105,NA,NA,FALSE,tested,Fresno,Fresno County,36.707005,-119.753369
Fresno Unified,Cambridge Continuation High,1001 South Chestnut Fresno CA 93727-3907,NA,NA,FALSE,tested,Fresno,Fresno County,36.733335,-119.735614
Coalinga-Huron Unified,Cambridge High,516 Baker Street Coalinga CA 93210-2927,9.8,ppb,TRUE,tested,Coalinga,Fresno County,36.145157,-120.359921
Golden Plains Unified,Cantua Elementary,29288 West Clarkson Cantua Creek CA 93608,NA,NA,FALSE,tested,Cantua Creek,Fresno County,36.501305,-120.320042
Fresno County Office of Education,Career Technical Education Charter High School at Kermit Kootz Education Complex,1320 Mariposa Street  Fresno CA 93703,NA,NA,FALSE,tested,Fresno,Fresno County,36.730447,-119.797283
Fresno Unified,Carter G. Woodson Public Charter,3333 North Bond Avenue Fresno CA 93726-5712,NA,NA,FALSE,tested,Fresno,Fresno County,36.780824,-119.768034
Fresno Unified,Carter G. Woodson Public Charter Satellite Campus,4880 N. First Street Fresno CA 93726,NA,NA,FALSE,tested,Fresno,Fresno County,36.846187,-119.774683
Caruthers Unified,Caruthers Elementary,13699 South Quince Quince Avenue and Tiller Avenue Caruthers CA 93609,NA,NA,FALSE,tested,Caruthers,Fresno County,36.537683,-119.832338
Caruthers Unified,Caruthers High,2580 West Tahoe Avenue Caruthers CA 93609-0545,NA,NA,FALSE,tested,Caruthers,Fresno County,36.539265,-119.838424
Clovis Unified,Cedarwood Elementary,2851 Palo Alto Avenue Clovis CA 93611-6831,NA,NA,FALSE,tested,Clovis,Fresno County,36.834259,-119.662185
Fresno Unified,Centennial Elementary,3830 East Saginaw Way Fresno CA 93726-5126,NA,NA,FALSE,tested,Fresno,Fresno County,36.788582,-119.760321
Clovis Unified,Center for Advanced Research & Technology,2555 Clovis Ave. Clovis CA 93612,NA,NA,FALSE,tested,Clovis,Fresno County,36.803964,-119.700176
Central Unified,Central High East Campus,3535 North Cornelia Avenue Fresno CA 93722-7020,NA,NA,FALSE,tested,Fresno,Fresno County,36.787433,-119.88048
Central Unified,Central Unified Alternative/Opportunity,2698 North Brawley rd Fresno CA 93722-5113,NA,NA,FALSE,tested,Fresno,Fresno County,36.778013,-119.861756
Clovis Unified,Century Elementary,965 North Sunnyside Avenue Clovis CA 93611-8171,NA,NA,FALSE,tested,Clovis,Fresno County,36.818145,-119.690815
Parlier Unified,Cesar E Chavez Elementary,500 Tuolumne St Parlier CA 93648-2648,NA,NA,FALSE,tested,Parlier,Fresno County,36.608246,-119.524605
Coalinga-Huron Unified,Chestnut High (Continuation) School,16673 Palmer Avenue Huron CA 93234,NA,NA,FALSE,tested,Huron,Fresno County,36.210305,-120.097265
Kings Canyon Joint Unified,Citrus Middle,1400 Anchor Avenue Orange Cove CA 93646-2111,NA,NA,FALSE,tested,Orange Cove,Fresno County,36.624646,-119.322659
Clovis Unified,Clark Intermediate,902 Fifth Street Clovis CA 93612-1311,NA,NA,FALSE,tested,Clovis,Fresno County,36.82344,-119.697854
State Center Community College District,Clovis Community College Child Development Center Lab School,10309 N. Willow Ave. Clovis CA 93619,NA,NA,FALSE,tested,Clovis,Fresno County,36.839964,-119.729539
Clovis Unified,Clovis Community Day Elementary,1665 David East Cook Way Clovis CA 93611-0581,NA,NA,FALSE,tested,Clovis,Fresno County,36.836441,-119.687772
Clovis Unified,Clovis Community Day Secondary,1655 David East Cook Way Clovis CA 93611-0581,NA,NA,FALSE,tested,Clovis,Fresno County,36.836439,-119.687887
Clovis Unified,Clovis East High,2940 Leonard Avenue Clovis CA 93611-8474,NA,NA,FALSE,tested,Clovis,Fresno County,36.799669,-119.640599
Clovis Unified,Clovis Elementary,1100 Armstrong Avenue Clovis CA 93611-7428,NA,NA,FALSE,tested,Clovis,Fresno County,36.817968,-119.673061
Clovis Unified,Clovis High,1055 Fowler Avenue Clovis CA 93611-2062,9.7,ppb,TRUE,tested,Clovis,Fresno County,36.817205,-119.682058
Clovis Unified,Clovis North High,2770 East International Avenue Fresno CA 93730-5400,NA,NA,FALSE,tested,Fresno,Fresno County,36.889628,-119.732945
Clovis Unified,Clovis Online Charter,1655 David E Cook Way Clovis CA 93611-0581,7.9,ppb,TRUE,tested,Clovis,Fresno County,36.836439,-119.687887
Clovis Unified,Clovis West High,1070 East Teague Avenue Fresno CA 93720-1899,13,ppb,TRUE,tested,Clovis,Fresno County,36.859124,-119.764896
Coalinga-Huron Unified,Coalinga High,750 Van Ness Avenue Coalinga CA 93210-1541,13,ppb,TRUE,tested,Coalinga,Fresno County,36.144332,-120.363274
Coalinga-Huron Unified,Coalinga Middle,265 Cambridge Avenue Coalinga CA 93210-1255,NA,NA,FALSE,tested,Coalinga,Fresno County,36.150914,-120.360723
Clovis Unified,Cole Elementary,615 West Stuart Avenue Clovis CA 93612-0710,5.2,ppb,TRUE,tested,Clovis,Fresno County,36.824747,-119.723033
Fresno Unified,Columbia Elementary,1025 South Trinity Street Fresno CA 93706-2608,NA,NA,FALSE,tested,Fresno,Fresno County,36.733269,-119.808484
Sanger Unified,Community Day,818 L Street Sanger CA 93657-3201,NA,NA,FALSE,tested,Sanger,Fresno County,36.704761,-119.553634
Laton Joint Unified,Conejo Middle,6065 East Latonia Laton CA 93242,NA,NA,NA,not tested,Laton,Fresno County,36.431614,-119.688122
Fresno Unified,Cooper Middle,2277 West Bellaire Way Fresno CA 93705-1736,5.7,ppb,TRUE,tested,Fresno,Fresno County,36.791814,-119.837139
Clovis Unified,Copper Hills Elementary,1881 East Plymouth Avenue Fresno CA 93720-4269,NA,NA,FALSE,tested,Fresno,Fresno County,36.878001,-119.746744
Clovis Unified,Cox Elementary,2191 Sierra Avenue Clovis CA 93611-0659,NA,NA,FALSE,tested,Clovis,Fresno County,36.830325,-119.67379
Fresno County Office of Education,Crescent View West Charter,1901 East Shields Avenue Suite 130 Fresno CA 93726-5309,NA,NA,NA,not tested,Fresno,Fresno County,36.780422,-119.7893
Fresno Unified,David L. Greenberg Elementary,5081 East Lane Avenue Fresno CA 93727-4838,NA,NA,FALSE,tested,Fresno,Fresno County,36.731829,-119.720559
Fresno Unified,Deborah A. Williams Elementary,525 West Saginaw Fresno CA 93705-2049,NA,NA,FALSE,tested,Fresno,Fresno County,36.788018,-119.817938
Fresno Unified,Del Mar Elementary,4122 North Del Mar Avenue Fresno CA 93704-4410,7.05,ppb,TRUE,tested,Fresno,Fresno County,36.793403,-119.794914
Sanger Unified,Del Rey Elementary,10620 Morro Street Del Rey CA 93616-0068,NA,NA,FALSE,tested,Del Rey,Fresno County,36.656757,-119.597009
Fresno Unified,Design Science Early College High,2004 East Cambridge Avenue Fresno CA 93703-2119,NA,NA,FALSE,tested,Fresno,Fresno County,36.769466,-119.788044
Fresno Unified,Dewolf Continuation High,2445 W Dakota Fresno CA 93703-2124,NA,NA,FALSE,tested,Fresno,Fresno County,36.786021,-119.839478
Clovis Unified,Dry Creek Elementary,1273 North Armstrong Avenue Clovis CA 93619-4203,12,ppb,TRUE,tested,Clovis,Fresno County,36.84757,-119.675076
Fresno Unified,Easterby Elementary,5211 East Tulare Street Fresno CA 93727-4048,NA,NA,FALSE,tested,Fowler,Fresno County,36.626456,-119.674549
Fresno Unified,Eaton Elementary,1451 East Sierra Avenue Fresno CA 93710-4313,NA,NA,FALSE,tested,Fresno,Fresno County,36.830161,-119.762361
Fresno Unified,Edison Computech,555 East Belgravia Fresno CA 93706-4806,NA,NA,FALSE,tested,Fresno,Fresno County,36.716018,-119.805326
Fresno Unified,Edison High,540 East California Avenue Fresno CA 93706-3736,NA,NA,FALSE,tested,Fresno,Fresno County,36.72129,-119.806014
Fresno County Office of Education,Edison-Bethune Charter Academy,1616 South Fruit Street Fresno CA 93706-2819,NA,NA,NA,not tested,Fresno,Fresno County,36.726411,-119.818385
Fresno Unified,Edith B. Storey Elementary,5250 East Church Avenue Fresno CA 93725-0900,NA,NA,FALSE,tested,Fresno,Fresno County,36.714807,-119.713571
Central Unified,El Capitan Middle,4443 West Weldon Avenue Fresno CA 93722-5440,NA,NA,FALSE,tested,Fresno,Fresno County,36.768103,-119.873168
Firebaugh-Las Deltas Unified,El Puente High,1691 Saipan Avenue Firebaugh CA 93622-2465,9.2,ppb,TRUE,tested,NA,Fresno County,36.852436,-120.449092
Fresno Unified,Elizabeth Terronez Middle,2300 South Willow Fresno CA 93725-5106,NA,NA,FALSE,tested,Fresno,Fresno County,36.714982,-119.728112
Clovis Unified,Enterprise Alternative,1550 Herndon Avenue Clovis CA 93611-0569,NA,NA,NA,not tested,Clovis,Fresno County,36.837388,-119.68755
Kerman Unified,Enterprise High,15405 Sunset Avenue Kerman CA 93630-1345,NA,NA,FALSE,tested,Kerman,Fresno County,36.730108,-120.072879
Selma Unified,Eric White Elementary,2001 Mitchell Selma CA 93662-9601,NA,NA,FALSE,tested,Selma,Fresno County,36.561768,-119.624356
Fresno Unified,Ericson Elementary,4774 East Yale Avenue Fresno CA 93703-2722,NA,NA,FALSE,tested,Fresno,Fresno County,36.770343,-119.73828
Fresno Unified,Erma Duncan Polytechnical High,4330 East Garland Avenue Fresno CA 93726-6102,7.55,ppb,TRUE,tested,Fresno,Fresno County,36.784934,-119.752877
Fresno Unified,Ewing Elementary,4873 East Olive Avenue Fresno CA 93727-1810,NA,NA,FALSE,tested,Fresno,Fresno County,36.757572,-119.733193
Fresno Unified,Ezekiel Balderas Elementary,4625 East Florence Avenue Fresno CA 93725-1110,NA,NA,FALSE,tested,Fresno,Fresno County,36.717698,-119.743935
Clovis Unified,Fancher Creek Elementary,5948 East Tulare Avenue Fresno CA 93727-3575,NA,NA,FALSE,tested,Fresno,Fresno County,36.743473,-119.683404
Fresno Unified,Figarden Elementary,6235 North Brawley Avenue Fresno CA 93722-9723,10,ppb,TRUE,tested,Fresno,Fresno County,36.82729,-119.862578
Riverdale Joint Unified,Fipps Primary,21320 South Feland Riverdale CA 93656,NA,NA,NA,not tested,NA,Fresno County,36.427024,-119.855493
Firebaugh-Las Deltas Unified,Firebaugh Community Day,1666 Saipan Avenue Firebaugh CA 93622-2438,NA,NA,FALSE,tested,NA,Fresno County,36.852497,-120.447794
Firebaugh-Las Deltas Unified,Firebaugh High,1976 Morris Kyle Drive Firebaugh CA 93622-9711,14,ppb,TRUE,tested,NA,Fresno County,36.846858,-120.449348
Firebaugh-Las Deltas Unified,Firebaugh Middle,1600 16th Street Firebaugh CA 93622-2407,NA,NA,FALSE,tested,NA,Fresno County,36.854198,-120.449943
Firebaugh-Las Deltas Unified,Firebaugh-Las Deltas Adult,1976 Morris Kyle Dr. Firebaugh CA 93622-9711,NA,NA,NA,not tested,NA,Fresno County,36.846858,-120.449348
Fresno Unified,Florence E. Rata,1373 West Mesa Avenue Fresno CA 93711-2098,9.6,ppb,TRUE,tested,Fresno,Fresno County,36.824568,-119.816645
Fresno Unified,Forkner Elementary,7120 North Valentine Avenue Fresno CA 93711-0644,NA,NA,FALSE,tested,Fresno,Fresno County,36.838841,-119.856391
Fresno Unified,Fort Miller Middle,1302 East Dakota Avenue Fresno CA 93704-4441,5.9,ppb,TRUE,tested,Fresno,Fresno County,36.786688,-119.795815
Clovis Unified,Fort Washington Elementary,960 East Teague Avenue Fresno CA 93720-1704,NA,NA,FALSE,tested,Fresno,Fresno County,36.859276,-119.766603
Fowler Unified,Fowler Academy Continuation,975 E. Adams Avenue Fowler CA 93625-2702,NA,NA,NA,not tested,Fowler,Fresno County,36.634426,-119.667679
Fowler Unified,Fowler High,701 East Main Street Fowler CA 93625-2423,NA,NA,NA,not tested,Fowler,Fresno County,36.633413,-119.670523
Clovis Unified,Freedom Elementary,2955 Gettysburg Avenue Clovis CA 93611-3954,NA,NA,FALSE,tested,Clovis,Fresno County,36.801238,-119.697926
Fresno Unified,Fremont Elementary,1005 West Weldon Fresno CA 93705-4938,6.050000000000001,ppb,TRUE,tested,Fresno,Fresno County,36.767497,-119.823228
State Center Community College District,Fresno City College Child Development Center,1621 E. University Ave. Fresno CA 93703,NA,NA,FALSE,tested,Fresno,Fresno County,36.766896,-119.791697
Fresno Unified,Fresno High,1839 Echo Avenue Fresno CA 93704-6047,NA,NA,FALSE,tested,Fresno,Fresno County,36.775765,-119.85422
Fresno Unified,Fulton Special Education,3133 North Millbrook Fresno CA 93703-1425,NA,NA,NA,not tested,Fresno,Fresno County,36.778233,-119.764841
Clovis Unified,Garfield Elementary,1315 North Peach Avenue Clovis CA 93611-8342,NA,NA,FALSE,tested,Clovis,Fresno County,36.814724,-119.718748
Clovis Unified,Gateway High (Continuation),1550 Herndon Ave. Clovis CA 93611-0598,NA,NA,FALSE,tested,Clovis,Fresno County,36.837388,-119.68755
Kings Canyon Joint Unified,General Grant Middle,360 North East Avenue Reedley CA 93654-2510,NA,NA,FALSE,tested,Reedley,Fresno County,36.599666,-119.444152
Selma Unified,George Washington Elementary,1420 Second Street Selma CA 93662-3925,NA,NA,FALSE,tested,Selma,Fresno County,36.562757,-119.616372
Clovis Unified,Gettysburg Elementary,2100 Gettysburg Avenue Clovis CA 93611-5254,NA,NA,FALSE,tested,Clovis,Fresno County,36.801137,-119.675715
Fresno Unified,Gibson Elementary,1266 West Barstow Avenue Fresno CA 93711-3129,NA,NA,FALSE,tested,Fresno,Fresno County,36.815672,-119.814008
Central Unified,Glacier Point Middle,4055 North Bryan Avenue Fresno CA 93723-9212,NA,NA,FALSE,tested,Fresno,Fresno County,36.795643,-119.907505
Kerman Unified,Goldenrod Elementary,445 South Goldenrod Avenue Kerman CA 93630-9212,NA,NA,FALSE,tested,Kerman,Fresno County,36.729182,-120.042479
Clovis Unified,Granite Ridge Intermediate,2770 East International Ave Fresno CA 93730-5400,NA,NA,FALSE,tested,Fresno,Fresno County,36.889628,-119.732945
Sanger Unified,Hallmark Charter,2445 Ninth Street Sanger CA 93657-2780,NA,NA,FALSE,tested,Sanger,Fresno County,36.702681,-119.571627
Fresno Unified,Hamilton Elementary,102 East Clinton Fresno CA 93704-5315,NA,NA,FALSE,tested,Fresno,Fresno County,36.772011,-119.812534
Central Unified,Hanh Phan Tilley Elementary,2280 North Valentine Avenue Fresno CA 93722-5553,NA,NA,FALSE,tested,Fresno,Fresno County,36.769719,-119.853212
Central Unified,Harvest Elementary,6514 West Gettysburg Avenue Fresno CA 93723-3013,NA,NA,FALSE,tested,Fresno,Fresno County,36.800704,-119.907439
Firebaugh-Las Deltas Unified,Hazel M. Bailey Primary,1691 Q Street Firebaugh CA 93622-9711,11.1,ppb,TRUE,tested,NA,Fresno County,36.862209,-120.456682
Selma Unified,Hearland Alternative School,2269 Sylvia Street Selma CA 93662-3436,NA,NA,NA,not tested,Selma,Fresno County,36.569612,-119.619009
Selma Unified,Heartland High (Continuation),2269 Sylvia St Selma CA 93662-3488,NA,NA,FALSE,tested,Selma,Fresno County,36.569612,-119.619009
Fresno Unified,Heaton Elementary,1533 North San Pablo Fresno CA 93728-2040,NA,NA,FALSE,tested,Fresno,Fresno County,36.763764,-119.794804
Golden Plains Unified,Helm Elementary,13883 South Lassen Avenue Helm CA 93627-9900,NA,NA,NA,not tested,NA,Fresno County,36.533151,-120.099579
Coalinga-Huron Unified,Henry F. Bishop Elementary,1501 Sunset Avenue Coalinga CA 93210-1359,NA,NA,FALSE,tested,Coalinga,Fresno County,36.150094,-120.364279
Fresno Unified,Herbert Hoover High,5550 North First Street Fresno CA 93710-6201,NA,NA,FALSE,tested,Fresno,Fresno County,36.846187,-119.774683
Central Unified,Herndon-Barstow Elementary,6265 North Grantland Avenue Fresno CA 93723-9334,NA,NA,FALSE,tested,Fresno,Fresno County,36.826903,-119.916656
Fresno Unified,Holland Elementary,4676 North Fresno Street Fresno CA 93726-0349,NA,NA,FALSE,tested,Fresno,Fresno County,36.802421,-119.781272
Fresno Unified,Homan Elementary,1602 West Harvard Street Fresno CA 93705-3823,NA,NA,FALSE,tested,Fresno,Fresno County,36.77472,-119.829968
Fresno County Office of Education,Hume Lake Charter,64144 Hume Lake Road Hume CA 93628-9602,8.8,ppb,TRUE,tested,NA,Fresno County,36.787304,-118.917713
Coalinga-Huron Unified,Huron Elementary,36131 N Street Huron CA 93234,NA,NA,FALSE,tested,Huron,Fresno County,36.201307,-120.096658
Coalinga-Huron Unified,Huron Middle,16875 Fourth Street Huron CA 93234,NA,NA,FALSE,tested,Huron,Fresno County,36.197697,-120.100681
Fresno Unified,Irwin O. Addicott Elementary,2727 North Cedar Avenue Fresno CA 93703-2016,NA,NA,FALSE,tested,Fresno,Fresno County,36.775395,-119.75433
Fresno Unified,J. E. Young Academic Center,822 North Abby Street Fresno CA 93701-1002,NA,NA,NA,not tested,Fresno,Fresno County,36.753806,-119.789114
Sanger Unified,Jackson Elementary,1810 Third Street Sanger CA 93657-2302,6.3,ppb,TRUE,tested,Sanger,Fresno County,36.712343,-119.562538
Fresno Unified,Jackson Elementary,3750 East Platt Avenue Fresno CA 93702-2800,NA,NA,FALSE,tested,Fresno,Fresno County,36.74174,-119.761852
Selma Unified,James Garfield Elementary,2535 B Street Selma CA 93662-3108,NA,NA,FALSE,tested,Selma,Fresno County,36.571072,-119.608624
Central Unified,James K. Polk Elementary,2195 North Polk Avenue Fresno CA 93722-5052,NA,NA,FALSE,tested,Fresno,Fresno County,36.773924,-119.889233
Clovis Unified,James S. Fugman Elementary,10825 N Cedar Ave Fresno CA 93730-3586,NA,NA,FALSE,tested,Fresno,Fresno County,36.892445,-119.756516
Sanger Unified,Jefferson Elementary,1110 Tucker Street Sanger CA 93657-3338,6.65,ppb,TRUE,tested,Sanger,Fresno County,36.702131,-119.544657
Clovis Unified,Jefferson Elementary,1880 Fowler Avenue Clovis CA 93611-3069,NA,NA,FALSE,tested,Clovis,Fresno County,36.810697,-119.68205
Kings Canyon Joint Unified,Jefferson Elementary,1037 East Duff Avenue Reedley CA 93654-3505,NA,NA,FALSE,tested,Reedley,Fresno County,36.59259,-119.437969
Fresno Unified,Jefferson Elementary,202 North Mariposa Street Fresno CA 93701-2425,NA,NA,FALSE,tested,Fresno,Fresno County,36.745102,-119.779145
KCUSD,Jefferson Preschool,1269 E. Washington Ave Reedley CA 93654,NA,NA,FALSE,tested,Reedley,Fresno County,36.591233,-119.435684
Parlier Unified,John C Martinez Elementary,13174 East Parlier Avenue Parlier CA 93648-2227,NA,NA,FALSE,tested,Parlier,Fresno County,36.614405,-119.553074
Sanger Unified,John S. Wash Elementary,6350 East Lane Avenue Fresno CA 93727-5734,NA,NA,FALSE,tested,Fresno,Fresno County,36.733332,-119.67572
Central Unified,John Steinbeck Elementary,3550 North Milburn Avenue Fresno CA 93722-7016,NA,NA,FALSE,tested,Fresno,Fresno County,36.78857,-119.875936
Fowler Unified,John Sutter Middle,701 East Walter Fowler CA 93625-9792,NA,NA,NA,not tested,Fowler,Fresno County,36.630775,-119.670125
Clovis Unified,Kastner Intermediate,7676 North First Street Fresno CA 93720-0953,NA,NA,FALSE,tested,Fresno,Fresno County,36.846187,-119.774683
Kings Canyon Joint Unified,KC KIDS Pre-School,1220 East Washington Avenue Reedley CA 93654-3595,NA,NA,FALSE,tested,Reedley,Fresno County,36.591369,-119.436286
Fresno Unified,Kepler Neighborhood,1537 Fulton Street Fresno CA 93721-1611,NA,NA,NA,not tested,Fresno,Fresno County,36.739205,-119.796077
Fresno Unified,Kepler Neighborhood School,1462 Broadway Fresno CA 93721,NA,NA,FALSE,tested,Fresno,Fresno County,36.73783,-119.796093
Private,Kerman Christian School,15495 West Whitesbridge Avenue Kerman CA 93630,NA,NA,FALSE,tested,Kerman,Fresno County,36.734531,-120.068238
Kerman Unified,Kerman High,205 South First Street Kerman CA 93630-1001,NA,NA,FALSE,tested,Kerman,Fresno County,36.732918,-120.065654
Kerman Unified,Kerman Middle,601 South First Street Kerman CA 93630-1322,NA,NA,FALSE,tested,Kerman,Fresno County,36.725762,-120.066117
Kerman Unified,Kerman-Floyd Elementary,14655 West F Street Kerman CA 93630-1816,NA,NA,FALSE,tested,Kerman,Fresno County,36.725486,-120.055751
Fresno County Office of Education,Kermit Koontz Education Complex,1320 North Mariposa Fresno CA 93703-3938,NA,NA,NA,not tested,Fresno,Fresno County,36.760146,-119.77902
Fresno Unified,King Elementary,1001 East Florence Avenue Fresno CA 93706-4236,NA,NA,FALSE,tested,Fresno,Fresno County,36.717888,-119.799244
Fresno Unified,Kings Canyon Middle,5117 East Tulare Street Fresno CA 93727-3999,NA,NA,FALSE,tested,Fowler,Fresno County,36.626456,-119.674549
Sanger Unified,Kings River High (Continuation),1801 Seventh Street Sanger CA 93657-2895,NA,NA,FALSE,tested,Sanger,Fresno County,36.7054,-119.562326
Kingsburg Joint Union High,Kingsburg High,1900 18th Avenue Kingsburg CA 93631-1629,NA,NA,FALSE,tested,NA,Fresno County,36.517983,-119.54778
Kingsburg Joint Union High,Kingsburg Independent Study High,2311 Sierra Street Kingsburg CA 93631-1457,NA,NA,NA,not tested,NA,Fresno County,36.51798,-119.557933
Fresno Unified,Kirk Elementary,2000 East Belgravia Avenue Fresno CA 93706-4416,NA,NA,FALSE,tested,Fresno,Fresno County,36.715914,-119.787226
Fresno Unified,Kratt Elementary,650 West Sierra Avenue Fresno CA 93704-1051,NA,NA,NA,not tested,Fresno,Fresno County,36.830168,-119.804805
Fresno Unified,Lane Elementary,4730 East Lowe Avenue Fresno CA 93702-3918,NA,NA,NA,not tested,Fresno,Fresno County,36.731302,-119.739593
Laton Joint Unified,Laton Elementary,6065 Latonia Laton CA 93242-0007,NA,NA,NA,not tested,NA,Fresno County,36.431507,-119.691001
Laton Joint Unified,Laton High,6449 DeWoody Laton CA 93242-0248,NA,NA,NA,not tested,Laton,Fresno County,36.435036,-119.682555
Fresno Unified,Lawless Elementary,5255 North Reese Avenue Fresno CA 93722-6111,6.300000000000001,ppb,TRUE,tested,Fresno,Fresno County,36.812842,-119.867133
Kerman Unified,Liberty Elementary,16001 E Street Kerman CA 93630-1290,NA,NA,FALSE,tested,Kerman,Fresno County,36.725439,-120.078751
Clovis Unified,Liberty Elementary,1250 East Liberty Hill Drive Fresno CA 93720-4046,NA,NA,FALSE,tested,Fresno,Fresno County,36.875233,-119.760338
Clovis Unified,Lincoln Elementary,774 East Alluvial Avenue Fresno CA 93720-2525,NA,NA,FALSE,tested,Fresno,Fresno County,36.844786,-119.770801
Kings Canyon Joint Unified,Lincoln Elementary,374 East North Avenue Reedley CA 93654-2535,NA,NA,FALSE,tested,Reedley,Fresno County,36.600861,-119.444875
Sanger Unified,Lincoln Elementary,1700 14th Street Sanger CA 93657-3442,7.85,ppb,TRUE,tested,Sanger,Fresno County,36.695668,-119.559849
Fresno Unified,Lowell Elementary,171 North Poplar Avenue Fresno CA 93701-1743,NA,NA,FALSE,tested,Fresno,Fresno County,36.745197,-119.795904
Sanger Unified,Madison Elementary,2324 Cherry Street Sanger CA 93657-3608,6.6,ppb,TRUE,tested,Sanger,Fresno County,36.695133,-119.570115
Fowler Unified,Malaga Elementary,3910 South Ward Avenue Fresno CA 93725-2538,NA,NA,NA,not tested,NA,Fresno County,36.679105,-119.732883
Fresno Unified,Malloch Elementary,2251 West Morris Avenue Fresno CA 93711-1223,7.800000000000001,ppb,TRUE,tested,Fresno,Fresno County,36.821582,-119.831965
Fresno Unified,Manchester Gate,2307 East Dakota Avenue Fresno CA 93726-4001,7.7,ppb,TRUE,tested,Fresno,Fresno County,36.786911,-119.783171
Clovis Unified,Maple Creek Elementary,2025 East Teague Avenue Fresno CA 93720-3942,NA,NA,FALSE,tested,Clovis,Fresno County,36.859261,-119.747033
Caruthers Unified,MARC High,2580 West Tahoe Ave Caruthers CA 93609-0545,NA,NA,FALSE,tested,Caruthers,Fresno County,36.539265,-119.838424
Fresno Unified,Mario G. Olmos Elementary,550 South Garden Avenue Fresno CA 93727-3843,NA,NA,FALSE,tested,Fresno,Fresno County,36.738022,-119.734255
Fowler Unified,Marshall Elementary,142 North Armstrong Avenue Fowler CA 93625-9601,NA,NA,NA,not tested,Fowler,Fresno County,36.635227,-119.673362
Parlier Unified,Mathew J Brletic Elementary,601 Third St Parlier CA 93648-2028,NA,NA,FALSE,tested,Parlier,Fresno County,36.614461,-119.529372
Fresno Unified,Mayfair Elementary,3305 East Home Avenue Fresno CA 93703-4044,NA,NA,FALSE,tested,Fresno,Fresno County,36.763264,-119.769321
Mendota Unified,McCabe Elementary,250 South Derrick Street Mendota CA 93640-2049,NA,NA,FALSE,tested,Mendota,Fresno County,36.759651,-120.386697
Fresno Unified,McCardle Elementary,577 East Sierra Avenue Fresno CA 93710-3824,NA,NA,FALSE,tested,Fresno,Fresno County,36.830119,-119.77733
Kings Canyon Joint Unified,McCord Elementary,333 Center Street Orange Cove CA 93646-2056,NA,NA,FALSE,tested,Orange Cove,Fresno County,36.628367,-119.313793
Central Unified,McKinley Elementary,4444 West McKinley Avenue Fresno CA 93722-5431,8.4,ppb,TRUE,tested,Fresno,Fresno County,36.764636,-119.873802
Fresno Unified,McLane High,2727 North Cedar Ave Fresno CA 93703-2016,NA,NA,FALSE,tested,Fresno,Fresno County,36.775395,-119.75433
Mendota Unified,Mendota Community Day,241 Smoot Avenue Mendota CA 93640-2234,NA,NA,NA,not tested,NA,Fresno County,36.755242,-120.389763
Mendota Unified,Mendota Continuation High,211 Smoot Avenue Mendota CA 93640-2234,NA,NA,NA,not tested,NA,Fresno County,36.755246,-120.389288
Mendota Unified,Mendota Elementary,605 Bass Avenue Mendota CA 93640-2178,NA,NA,NA,not tested,NA,Fresno County,36.767027,-120.381541
Mendota Unified,Mendota High,1200 Belmont Avenue Mendota CA 93640,NA,NA,FALSE,tested,NA,Fresno County,36.749219,-120.373441
Mendota Unified,Mendota Junior High,1258 East Belmont Avenue Mendota CA 93640-2049,NA,NA,NA,not tested,Mendota,Fresno County,36.748086,-120.382679
Fresno Unified,Miguel Hidalgo Elementary,3550 East Thomas Avenue Fresno CA 93702-1119,NA,NA,FALSE,tested,Fresno,Fresno County,36.753169,-119.765141
Clovis Unified,Miramonte Elementary,1590 Bellaire Avenue Clovis CA 93611-5103,8.9,ppb,TRUE,tested,Clovis,Fresno County,36.791243,-119.68815
Fresno Unified,Molly S. Bakman Elementary,588 North Helm Fresno CA 93727-2412,NA,NA,FALSE,tested,Clovis,Fresno County,36.833557,-119.723903
Fresno County Office of Education,Monte Vista School,1221 E. Duff Avenue Reedley CA 93654,6.3,ppb,TRUE,tested,Reedley,Fresno County,36.593192,-119.437228
Fresno Unified,Morris E. Dailey Charter Elementary,3135 North Harrison Avenue Fresno CA 93704-5240,NA,NA,FALSE,tested,Fresno,Fresno County,36.778843,-119.810964
Kings Canyon Joint Unified,Mountain View (Alternative),877 E. North Avenue Reedley CA 93654-2426,NA,NA,FALSE,tested,Reedley,Fresno County,36.600544,-119.447145
Clovis Unified,Mountain View Elementary,2002 East Alluvial Avenue Fresno CA 93720-0100,NA,NA,FALSE,tested,Fresno,Fresno County,36.844884,-119.747575
Fresno Unified,Muir Elementary,410 East Dennett Avenue Fresno CA 93728-3108,NA,NA,FALSE,tested,Fresno,Fresno County,36.755903,-119.806089
Orange Center,National University Academy - Orange Center,3530 South Cherry Ave. Fresno CA 93706-5615,NA,NA,NA,not tested,Fresno,Fresno County,36.682706,-119.781646
Coalinga-Huron Unified,Nell Dawson Elementary,1303 Sunset Avenue Coalinga CA 93210-2927,NA,NA,FALSE,tested,Coalinga,Fresno County,36.14776,-120.364313
Clovis Unified,Nelson Elementary,1336 West Spruce Avenue Pinedale CA 93650-1037,NA,NA,NA,not tested,Fresno,Fresno County,36.842128,-119.816059
Private,Nelson J Anderson charter school,830 Fresno St Fresno CA 93706,NA,NA,NA,not tested,Fresno,Fresno County,36.727568,-119.803834
Fresno County Office of Education,New Spirit Charter Academy,4147 E. Dakota Avenue Fresno CA 93726-5208,NA,NA,NA,not tested,Fresno,Fresno County,36.786946,-119.75557
Central Unified,Norman Liddell Elementary,5455 West Alluvial Avenue Fresno CA 93722-2361,NA,NA,FALSE,tested,Fresno,Fresno County,36.844169,-119.887799
Fresno Unified,Norseman Elementary,4636 East Weldon Avenue Fresno CA 93703-2713,NA,NA,FALSE,tested,Fresno,Fresno County,36.768544,-119.7434
Fresno Unified,Nutrition Center,4480 N. Brawley Ave Fresno CA 93722,NA,NA,FALSE,tested,Fresno,Fresno County,36.802872,-119.862386
Orange Center,Orange Center Elementary,3530 South Cherry Avenue Fresno CA 93706-5615,NA,NA,NA,not tested,Fresno,Fresno County,36.682706,-119.781646
Kings Canyon Joint Unified,Orange Cove High,1700 Anchor Avenue Orange Cove CA 93646-2374,NA,NA,FALSE,tested,Orange Cove,Fresno County,36.624646,-119.322659
Parlier Unified,Parlier High,603 Third Street Parlier CA 93648-2028,NA,NA,NA,not tested,Parlier,Fresno County,36.614248,-119.526037
Parlier Unified,Parlier Junior High,1200 East Parlier Ave Parlier CA 93648-2493,NA,NA,FALSE,tested,Parlier,Fresno County,36.611776,-119.502315
Central Unified,Pathway Community Day,11 South Teilman Fresno CA 93706-1332,NA,NA,FALSE,tested,Fresno,Fresno County,36.74286,-119.821966
Central Unified,Pathway Elementary Community Day,21 South Teilman Fresno CA 93706-1332,NA,NA,FALSE,tested,Fresno,Fresno County,36.742781,-119.821965
Central Unified,Pershing Continuation High,855 West Nielsen Fresno CA 93706-1700,NA,NA,FALSE,tested,Fresno,Fresno County,36.742763,-119.821417
Fresno Unified,Phillip J Patino School of Entrepreneurship,2000 East Cambridge Avenue Fresno CA 93703,NA,NA,FALSE,tested,Fresno,Fresno County,36.769466,-119.788123
Fresno Unified,Phoenix Elementary Academy Community Day,3335 North Arthur Avenue Fresno CA 93705-3507,NA,NA,FALSE,tested,Fresno,Fresno County,36.78063,-119.815434
Fresno Unified,Phoenix Secondary,5090 E Church Fresno CA 93721-1230,NA,NA,FALSE,tested,Fresno,Fresno County,36.714661,-119.725063
Pine Ridge Elementary,Pine Ridge Elementary,45828 Auberry Road Auberry CA 93602-9721,NA,NA,NA,not tested,NA,Fresno County,37.058651,-119.381571
Clovis Unified,Pinedale Elementary,7171 Sugar Pine Avenue Pinedale CA 93650-1223,NA,NA,NA,not tested,Fresno,Fresno County,36.840623,-119.792433
Fresno Unified,Powers-Ginsburg Elementary,110 East Swift Avenue Fresno CA 93704-3511,6.4,ppb,TRUE,tested,Fresno,Fresno County,36.795602,-119.811206
Fresno Unified,Pyle Elementary,4140 North Augusta Avenue Fresno CA 93726-4101,13,ppb,TRUE,tested,Fresno,Fresno County,36.793136,-119.778012
Sanger Unified,Quail Lake Environmental Charter,4087 North Quail Lake Drive Clovis CA 93611-4646,NA,NA,FALSE,tested,Clovis,Fresno County,36.794551,-119.598309
Kingsburg Elementary Charter,Rafer Johnson Junior High,1300 Stroud Avenue Kingsburg CA 93631-1000,NA,NA,NA,not tested,NA,Fresno County,36.525072,-119.553477
Raisin City Elementary,Raisin City Elementary,6425 West Bowles Avenue Raisin City CA 93652-0069,NA,NA,FALSE,tested,NA,Fresno County,36.60096,-119.906307
Fresno County Office of Education,Ramacher Head Start,710 N. Hughes Ave. Fresno CA 93728,NA,NA,FALSE,tested,Fresno,Fresno County,36.752108,-119.835404
Clovis Unified,Reagan Elementary,3701 Ashlan Avenue Clovis CA 93619-5227,NA,NA,FALSE,tested,Clovis,Fresno County,36.793874,-119.673086
Clovis Unified,Red Bank Elementary,1454 Locan Avenue Clovis CA 93611-6901,7.5,ppb,TRUE,tested,Clovis,Fresno County,36.801133,-119.655037
Kings Canyon Joint Unified,Reedley High,740 West North Avenue Reedley CA 93654-2418,8.2,ppb,TRUE,tested,Reedley,Fresno County,36.600684,-119.456315
Kings Canyon Joint Unified,Reedley Middle College High,995 North Reed Avenue Reedley CA 93654-2017,NA,NA,NA,not tested,Reedley,Fresno County,36.605832,-119.457776
Clovis Unified,Reyburn Intermediate,2901 DeWolf Avenue Clovis CA 93611-5226,NA,NA,FALSE,tested,Clovis,Fresno County,36.813329,-119.646027
Central Unified,Rio Vista Middle,6240 West Palo Alto Fresno CA 93722-2001,NA,NA,FALSE,tested,NA,Fresno County,36.833593,-119.833604
Central Unified,River Bluff Elementary,6150 West Palo Alto Fresno CA 93722-2000,NA,NA,FALSE,tested,NA,Fresno County,36.833593,-119.833604
Riverdale Joint Unified,Riverdale Elementary,3700 Stathem Street Riverdale CA 93656,NA,NA,NA,not tested,NA,Fresno County,36.433964,-119.864138
Riverdale Joint Unified,Riverdale High,3086 West Mount Whitney Ave Riverdale CA 93656-0726,NA,NA,NA,not tested,Riverdale,Fresno County,36.431485,-119.854313
Clovis Unified,Riverview Elementary,2491 East Behymer Avenue Fresno CA 93720-5419,NA,NA,FALSE,tested,Fresno,Fresno County,36.881187,-119.747633
Fresno Unified,Robinson Elementary,555 East Browning Avenue Fresno CA 93710-6108,NA,NA,FALSE,tested,Fresno,Fresno County,36.819273,-119.778363
Fresno Unified,Roeding Elementary,1225 West Dakota Avenue Fresno CA 93705-2721,NA,NA,FALSE,tested,Fresno,Fresno County,36.786494,-119.825556
Clovis Unified,Roger S. Oraze Elementary,3468 North Armstrong Avenue Fresno CA 93727-1456,NA,NA,FALSE,tested,Fresno,Fresno County,36.744903,-119.673061
Sanger Unified,Ronald W. Reagan Elementary,1586 South Indianola Sanger CA 93657-9731,NA,NA,FALSE,tested,Sanger,Fresno County,36.713577,-119.582665
Kingsburg Elementary Charter,Roosevelt Elementary,1185 Tenth Street Kingsburg CA 93631-2100,NA,NA,NA,not tested,Kingsburg,Fresno County,36.511652,-119.557359
Central Unified,Roosevelt Elementary,2600 North Garfield Ave Fresno CA 93723-9229,NA,NA,NA,not tested,NA,Fresno County,36.777476,-119.925166
Fresno Unified,Roosevelt High,4250 East Tulare Street Fresno CA 93702-3037,NA,NA,FALSE,tested,Fowler,Fresno County,36.626456,-119.674549
Fresno Unified,Rowell Elementary,3460 East McKenzie Street Fresno CA 93702-2039,10,ppb,TRUE,tested,Fresno,Fresno County,36.746206,-119.7664
Fresno Unified,Rutherford B. Gaston Sr. Middle,1100 East Church Avenue Fresno CA 93706,8.3,ppb,TRUE,tested,Fresno,Fresno County,36.714049,-119.797547
Parlier Unified,S Ben Benavidez Elementary,13900 Tuolumne Street Parlier CA 93648-2839,NA,NA,FALSE,tested,Parlier,Fresno County,36.608485,-119.535938
Golden Plains Unified,San Joaquin Elementary,8535 South Ninth San Joaquin CA 93660,NA,NA,FALSE,tested,San Joaquin,Fresno County,36.609218,-120.187114
Parlier Unified,San Joaquin Valley High,900 Newmark Avenue Parlier CA 93648-2034,NA,NA,FALSE,tested,Parlier,Fresno County,36.615617,-119.528031
Sanger Unified,Sanger Academy Charter,2207 Ninth Street Sanger CA 93657-2711,5.6,ppb,TRUE,tested,Sanger,Fresno County,36.70305,-119.568428
Sanger Unified,Sanger High,1045 Bethel Ave Sanger CA 93657-2985,NA,NA,FALSE,tested,Sanger,Fresno County,36.701253,-119.577779
Fresno Unified,Scandinavian Middle,3216 North Sierra Vista Fresno CA 93726-6421,13,ppb,TRUE,tested,Fresno,Fresno County,36.779753,-119.740783
Fresno Unified,School of Unlimited Learning,2336 Calaveras Street Fresno CA 93721-1104,11,ppb,TRUE,tested,Fresno,Fresno County,36.742277,-119.793122
Selma Unified,Selma High,3125 Wright St Selma CA 93662-2429,8.3,ppb,TRUE,tested,Selma,Fresno County,36.58119,-119.615021
Sanger Unified,Sequoia Elementary,1820 South Armstrong Avenue Fresno CA 93727-6724,NA,NA,FALSE,tested,Fresno,Fresno County,36.710371,-119.671306
Fresno Unified,Sequoia Middle,4050 East Hamilton Avenue Fresno CA 93702-4456,NA,NA,FALSE,tested,Fresno,Fresno County,36.724118,-119.756946
Kings Canyon Joint Unified,Sheridan Elementary,1001 Ninth Street Orange Cove CA 93646-2311,NA,NA,FALSE,tested,Orange Cove,Fresno County,36.618112,-119.317883
Fresno Unified,Sierra Charter,1931 North Fine Avenue Fresno CA 93727-1510,NA,NA,FALSE,tested,Fresno,Fresno County,36.768368,-119.729058
Clovis Unified,Sierra Vista Elementary,510 Barstow Avenue Clovis CA 93612-2228,NA,NA,FALSE,tested,Clovis,Fresno County,36.815673,-119.703716
Kings Canyon Joint Unified,Silas Bartsch,2225 East North Avenue Reedley CA 93654-9473,14,ppb,TRUE,tested,Reedley,Fresno County,36.600544,-119.447145
Fresno Unified,Slater Elementary,4472 North Emerson Avenue Fresno CA 93705-1206,NA,NA,FALSE,tested,Fresno,Fresno County,36.804455,-119.851853
Fresno Unified,Southeast Elementary,5090 E CHURCH AVE Fresno CA 93725,NA,NA,NA,not tested,Fresno,Fresno County,36.714662,-119.723092
Fresno Unified,Starr Elementary,1780 West Sierra Avenue Fresno CA 93711-1836,7.2,ppb,TRUE,tested,Fresno,Fresno County,36.83008,-119.824352
Kerman Unified,Sun Empire Elementary,2649 North Modoc Avenue Kerman CA 93630-9430,NA,NA,NA,not tested,Kerman,Fresno County,36.774802,-120.087781
Fresno Unified,Sunnyside High,1019 South Peach Avenue Fresno CA 93727-4889,NA,NA,FALSE,tested,Fresno,Fresno County,36.733069,-119.718257
Coalinga-Huron Unified,Sunset Elementary,985 Sunset Avenue Coalinga CA 93210-1347,NA,NA,FALSE,tested,Coalinga,Fresno County,36.145936,-120.364521
Fresno Unified,Sunset Elementary,1755 South Crystal Avenue Fresno CA 93706-2721,NA,NA,FALSE,tested,Fresno,Fresno County,36.724228,-119.83106
Fresno Unified,Susan B. Anthony Elementary,1542 East Webster Street Fresno CA 93728-3701,NA,NA,FALSE,tested,Sanger,Fresno County,36.704932,-119.566593
Clovis Unified,Tarpey Elementary,2700 Minnewawa Avenue Clovis CA 93612-4306,NA,NA,FALSE,tested,Clovis,Fresno County,36.802397,-119.709258
Central Unified,Teague Elementary,4725 North Polk Avenue Fresno CA 93722-5319,NA,NA,FALSE,tested,Fresno,Fresno County,36.805201,-119.889554
Fresno Unified,Tehipite Middle,630 North Augusta Fresno CA 93701-2326,6.7,ppb,TRUE,tested,Fresno,Fresno County,36.752158,-119.779153
Clovis Unified,Temperance-Kutner Elementary,1448 North Armstrong Avenue Fresno CA 93727-2803,NA,NA,FALSE,tested,Fresno,Fresno County,36.75664,-119.672949
Fresno Unified,Tenaya Middle,1239 West Mesa Avenue Fresno CA 93711-2007,NA,NA,FALSE,tested,Fresno,Fresno County,36.824599,-119.813077
Selma Unified,Theodore Roosevelt Elementary,1802 Floral Avenue Selma CA 93662-2808,NA,NA,FALSE,tested,Selma,Fresno County,36.576279,-119.608647
Fresno Unified,Thomas Elementary,4444 North Millbrook Fresno CA 93726-3726,5.3,ppb,TRUE,tested,Fresno,Fresno County,36.800584,-119.761961
Kings Canyon Joint Unified,Thomas Law Reed Elementary,1400 North Frankwood Avenue Reedley CA 93654-2269,NA,NA,FALSE,tested,Reedley,Fresno County,36.606901,-119.448723
Fresno Unified,Tioga Middle,3232 East Fairmont Avenue Fresno CA 93726-0607,NA,NA,FALSE,tested,Fresno,Fresno County,36.806794,-119.770843
Golden Plains Unified,Tranquillity Elementary,6116 South Daniels Tranquillity CA 93668-0520,NA,NA,NA,not tested,Tranquillity,Fresno County,36.644332,-120.253328
Golden Plains Unified,Tranquillity High,6052 Juanche Street Tranquillity CA 93668,NA,NA,NA,not tested,NA,Fresno County,36.645935,-120.253202
Fresno Unified,Turner Elementary,5218 East Clay Avenue Fresno CA 93727-2502,NA,NA,FALSE,tested,Fresno,Fresno County,36.755771,-119.717307
Clovis Unified,Valley Oak Elementary,465 East Chaplain Drive Fresno CA 93720-1273,NA,NA,FALSE,tested,Fresno,Fresno County,36.876782,-119.774813
Fresno Unified,Valley Preparatory Academy Charter,4221 North Hughes Fresno CA 93705-1611,NA,NA,NA,not tested,Fresno,Fresno County,36.794076,-119.835903
Fresno Unified,Vang Pao Elementary,4100 East Heaton Avenue Fresno CA 93702-4336,NA,NA,FALSE,tested,Fresno,Fresno County,36.725918,-119.755829
Fresno Unified,Viking Elementary,4251 North Winery Avenue Fresno CA 93726-3013,NA,NA,FALSE,tested,Fresno,Fresno County,36.864141,-119.734818
Fresno Unified,Vinland Elementary,4666 North Maple Avenue Fresno CA 93726-1202,6.1,ppb,TRUE,tested,Fresno,Fresno County,36.802508,-119.745115
Fresno County Office of Education,Violet Heintz Education Academy,4939 East Yale Avenue Fresno CA 93727-1523,NA,NA,NA,not tested,Fresno,Fresno County,36.770235,-119.730127
Clovis Unified,Virginia R. Borris Elementary,7071 E. Clinton Avenue Fresno CA 93727,NA,NA,FALSE,tested,Fresno,Fresno County,36.772051,-119.662944
Washington Unified,W. E. B. DuBois Public Charter,2604 Martin Luther King Boulevard Fresno CA 93706,NA,NA,FALSE,tested,Fresno,Fresno County,36.7062,-119.80056
Washington Unified,W. E. B. DuBois Public Charter Satellite Campus,2604 Martin Luther King Blvd. Fresno  CA 93706,NA,NA,FALSE,tested,Fresno,Fresno County,36.7062,-119.80056
Sanger Unified,Washington Academic Middle,1705 Tenth Street Sanger CA 93657-2799,6.1,ppb,TRUE,tested,Sanger,Fresno County,36.700888,-119.560642
Kings Canyon Joint Unified,Washington Elementary,1250 K Street Reedley CA 93654-3331,7.3,ppb,TRUE,tested,Reedley,Fresno County,36.59271,-119.452463
Mendota Unified,Washington Elementary,1599 Fifth Street Mendota CA 93640-2359,NA,NA,FALSE,tested,Mendota,Fresno County,36.755838,-120.382788
Fresno Unified,Wawona Middle,4524 North Thorne Avenue Fresno CA 93704-3519,NA,NA,FALSE,tested,Fresno,Fresno County,36.799821,-119.81289
Fresno Unified,Webster Elementary,2600 East Tyler Fresno CA 93701-1201,NA,NA,FALSE,tested,Fresno,Fresno County,36.755544,-119.779814
Clovis Unified,Weldon Elementary,150 DeWitt Avenue Clovis CA 93612-1048,NA,NA,FALSE,tested,Clovis,Fresno County,36.827765,-119.704539
Washington Unified,West Fresno Elementary,2910 South Ivy Street Fresno CA 93706-5515,5.3,ppb,TRUE,tested,Fresno,Fresno County,36.695293,-119.794041
Washington Unified,West Fresno Middle,2888 South Ivy Street Fresno CA 93706-5513,7.1,ppb,TRUE,tested,Fresno,Fresno County,36.696553,-119.794084
West Park Elementary,West Park Charter Academy,2695 South Valentine Avenue Fresno CA 93706-9042,NA,NA,NA,not tested,Fresno,Fresno County,36.695823,-119.853519
West Park Elementary,West Park Elementary,2695 South Valentine Ave Fresno CA 93706-9042,NA,NA,FALSE,tested,Fresno,Fresno County,36.695823,-119.853519
Westside Elementary,Westside Elementary,19191 West Excelsior Ave Five Points CA 93624-0398,NA,NA,FALSE,tested,Five Points,Fresno County,36.40061,-120.140087
Central Unified,William Saroyan Elementary,5650 West Escalon Avenue Fresno CA 93722-3154,5.8,ppb,TRUE,tested,Fresno,Fresno County,36.826259,-119.8806
Fresno Unified,Wilson Elementary,2131 West Ashlan Avenue Fresno CA 93705-1701,8.1,ppb,TRUE,tested,Fresno,Fresno County,36.793669,-119.835885
Sanger Unified,Wilson Elementary,610 Faller Street Sanger CA 93657-2553,NA,NA,FALSE,tested,Sanger,Fresno County,36.707963,-119.548155
Fresno Unified,Winchell Elementary,3722 East Lowe Street Fresno CA 93702-3432,NA,NA,FALSE,tested,Fresno,Fresno County,36.730448,-119.762284
Fresno Unified,Wishon Elementary,3857 East Harvard Avenue Fresno CA 93703-1919,NA,NA,FALSE,tested,Fresno,Fresno County,36.774037,-119.760839
Fresno Unified,Wolters Elementary,5174 North First Street Fresno CA 93710-7811,6.85,ppb,TRUE,tested,Fresno,Fresno County,36.846187,-119.774683
Selma Unified,Woodrow Wilson Elementary,1325 Stillman Street Selma CA 93662-3221,NA,NA,FALSE,tested,Selma,Fresno County,36.572397,-119.60249
Clovis Unified,Woods (Harold L.) Elementary,700 Teague Avenue Clovis CA 93619-7544,NA,NA,FALSE,tested,Clovis,Fresno County,36.861206,-119.705015
Fresno Unified,Yosemite Middle,1292 North Ninth Street Fresno CA 93703-4229,NA,NA,FALSE,tested,Fresno,Fresno County,36.760399,-119.757874
