city	schoolName
0	7,33,65,87,98,99,100,101,108,114,120,134,135,142,146,150,171,172,176,177,178,179,180,182,185,188,196,208,213,219,222,229,231,241,248,254,255,259,262,266,268,279,283,285,286,292,295,299,300,301,310,311,322,323,331,332,334,335,339,340,343,347,348,391,401,413,416,423,424,430,440,443,444,456,465,473,474,483,484,485,487,501,502,512,515,516,542,544,546,554,566,574,578,583,587,593,594,595,601,611,617,621,646,669,676,691,701,719,723,730,731,758,765,780,787,793,797,806,812,813,827,828,831,832,833,834,837,838,843,844,849,850,866,869,870,876,877,881,887,906,922,948,956,959,963,979,980,992,993,997,999,1001,1012,1014,1015,1016,1018,1025,1026,1031,1032,1040,1041,1042,1044,1045,1049,1062,1071,1072,1089,1100,1102,1116,1118,1133,1138,1140,1143,1150,1154,1155,1160,1163,1169,1182,1189,1190,1212,1214,1215,1227,1249,1289,1292,1303,1309,1325,1331,1343,1344,1345,1346,1358,1362,1365,1391,1392,1410,1423,1428,1431,1432,1440,1444,1445,1448,1452,1459,1474,1497,1502,1503,1507,1513,1526,1533,1535,1537,1538,1539,1541,1542,1550,1555,1559,1563,1596,1597,1619,1621,1628,1629,1635,1637,1638,1639,1640,1661,1670,1697,1705,1731,1736,1740,1754,1788,1796,1802,1825,1827,1828,1874,1894,1899,1905,1913,1930,1933,1938,1940,1948,1955,1972,1975,1976,1989,2020,2025,2042,2044,2054,2063,2064,2082,2085,2094,2096,2100,2103,2108,2110,2111,2122,2132,2133,2140,2141,2155,2158,2160,2161,2172,2179,2195,2196,2197,2198,2211,2212,2215,2216,2220,2242,2246,2274,2277,2287,2288,2290,2312,2316,2320,2323,2326,2331,2335,2337,2343,2345,2346,2347,2358,2359,2360,2361,2364,2365,2377,2379,2389,2390,2395,2417,2427,2436,2438,2481,2483,2500,2501,2502,2503,2507,2508,2516,2517,2520,2521,2560,2562,2567,2568,2578,2579,2580,2602,2609,2613,2619,2627,2642,2647,2663,2668,2681,2687,2701,2702,2709,2713,2722,2730,2739,2741,2742,2743,2744,2751,2753,2760,2774,2776,2777,2779,2790,2794,2810,2811,2815,2827,2831,2833,2834,2835,2841,2846,2848,2850,2853,2854,2856,2858,2862,2871,2872,2873,2874,2892,2893,2894,2905,2912,2913,2927,2938,2959,2965,2980,2981,2991,2992,2993,2994,2995,3006,3020,3043,3050,3063,3070,3077,3084,3088,3093,3094,3095,3096,3097,3099,3100,3103,3116,3128,3133,3161,3162,3163,3164,3165,3170,3171,3179,3182,3188,3189,3197,3198,3199,3200,3201,3207,3208,3211,3213,3216,3225,3226,3227,3228,3232,3233,3235,3236,3246,3248,3249,3250,3264,3269,3271,3272,3275,3288,3298,3305,3320,3321,3322,3325,3328,3337,3346,3356,3361,3373,3382,3384,3393,3399,3401,3407,3428,3429,3430,3432,3453,3454,3466,3469,3477,3501,3507,3516,3523,3524,3554,3579,3581,3590,3599,3600,3601,3602,3603,3606,3610,3613,3615,3617,3618,3622,3628,3629,3642,3643,3646,3649,3656,3657,3670,3672,3684,3693,3702,3704,3710,3711,3715,3718,3721,3731,3734,3737,3745,3747,3760,3768,3770,3771,3772,3776,3798,3799,3800,3801,3820,3824,3825,3826,3828,3844,3856,3859,3871,3872,3874,3875,3894,3895,3901,3902,3922,3930,3938,3941,3945,3951,3964,3967,3968,3969,3971,3972,3977,3993,3994,3995,4004,4005,4009,4016,4032,4033,4037,4042,4047,4048,4062,4064,4078,4079,4082,4083,4085,4098,4108,4109,4110,4111,4128,4129,4166,4168,4169,4177,4186,4193,4199,4210,4214,4226,4229,4231,4232,4233,4234,4239,4240,4241,4242,4244,4245,4246,4248,4254,4266,4277,4299,4316,4338,4339,4345,4349,4350,4357,4358,4371,4378,4383,4384,4389,4391,4398,4399,4400,4401,4410,4424,4428,4433,4434,4438,4439,4440,4441,4452,4461,4468,4486,4487,4491,4495,4497,4499,4512,4513,4520,4572,4587,4596,4599,4600,4633,4636,4646,4667,4685,4688,4714,4720,4725,4731,4734,4742,4753,4766,4784,4785,4786,4792,4795,4796,4801,4807,4810,4819,4823,4840,4855,4858,4859,4864,4865,4866,4867,4871,4875,4880,4882,4889,4908,4910,4932,4936,4937,4940,4946,4962,4967,4973,4976,4983,4988,4989,4991,4992,4993,5000,5006,5007,5016,5033,5036,5039,5057,5069,5071,5089,5090,5108,5122,5129,5138,5142,5143,5144,5147,5149,5164,5166,5169,5173,5178,5180,5191,5193,5194,5208,5211,5213,5214,5223,5232,5233,5234,5246,5251,5254,5257,5260,5270,5271,5272,5274,5280,5281,5288,5295,5307,5308,5309,5312,5315,5316,5331,5332,5334,5344,5345,5352,5362,5363,5368,5375,5399,5404,5412,5413,5414,5415,5417,5424,5427,5430,5431,5440,5444,5447,5451,5462,5463,5465,5466,5468,5470,5479,5483,5498,5502,5511,5512,5517,5523,5534,5554,5555,5559,5573,5576,5580,5581,5594,5611,5616,5617,5625,5640,5649,5659,5668,5673,5674,5682,5693,5694,5705,5726,5736,5737,5740,5758,5759,5760,5762,5768,5770,5777,5781,5782,5783,5790,5796,5807,5808,5809,5811,5819,5820,5821,5823,5826,5829,5833,5841,5843,5852,5853,5868,5879,5883,5886,5888,5894,5898,5900,5901,5902,5903,5909,5915,5929,5931,5940,5963,5964,5965,5966,5967,5969,5973,5977,5982,5983,5984,5985,5989,5995,6016,6021,6034,6035,6040,6041,6053,6061,6070,6077,6078,6079,6080,6087,6093,6095,6103,6113,6120,6125,6128,6129,6137,6152,6154,6162,6164,6168,6197,6201,6205,6214,6222,6223,6225,6229,6232,6233,6239,6241,6249,6250,6252,6265,6269,6281,6287,6305,6307,6314,6321,6353,6355,6357,6358,6382,6385,6420,6421,6430,6435,6437,6438,6450,6457,6458,6459,6478,6483,6484,6487,6498,6503,6504,6507,6514,6515,6516,6518,6532,6545,6546,6547,6551,6573,6574,6575,6577,6579,6580,6581,6584,6585,6590,6591,6592,6597,6600,6602,6609,6613,6614,6617,6618,6621,6628,6631,6636,6637,6641,6656,6661,6669,6679,6685,6693,6698,6701,6708,6709,6711,6712,6713,6715,6716,6721,6725,6737,6747,6752,6766,6775,6788,6795,6797,6798,6800,6802,6804,6807,6809,6814,6817,6821,6839,6844,6859,6860,6870,6871,6873,6883,6885,6892,6911,6926,6927,6928,6929,6936,6937,6938,6941,6947,6953,6966,6989,6990,6991,6992,6993,6995,6996,6997,6998,6999,7001,7007,7008,7010,7031,7035,7036,7037,7050,7053,7054,7061,7064,7076,7085,7092,7104,7110,7111,7116,7119,7121,7134,7145,7148,7152,7156,7157,7159,7161,7162,7164,7173,7174,7175,7177,7185,7191,7193,7194,7195,7196,7200,7202,7203,7204,7206,7213,7214,7218,7222,7224,7235,7236,7241,7244,7246,7248,7267,7281,7286,7289,7318,7324,7345,7346,7347,7349,7356,7360,7380,7381,7388,7391,7401,7404,7409,7412,7416,7420,7424,7430,7438,7439,7445,7449,7454,7463,7482,7486,7490,7491,7492,7496,7499,7514,7516,7520,7531,7535,7545,7546,7547,7549,7550,7555,7557,7571,7580,7608,7619,7622,7627,7632,7645,7648,7663,7669,7673,7675,7684,7687,7688,7701,7702,7704,7706,7712,7719,7720,7721,7723,7734,7736,7740,7741,7742,7752,7756,7770,7784,7795,7806,7824,7829,7834,7843,7859,7878,7880,7881,7887,7888,7898,7900,7903,7904,7908,7909,7910,7932,7938,7959,7977,7981,7982,7983,7995,8000,8001,8005,8006,8007,8008,8011,8013,8016,8047,8048,8049,8050,8051,8052,8053,8067,8087,8090,8091,8099,8100,8102,8103,8104,8110,8112,8113,8115,8116,8126,8148,8149,8160,8163,8173,8191,8198,8199,8219,8224,8225,8254,8259,8276,8277,8281,8290,8291,8296,8300,8318,8319,8321,8330,8335,8338,8355,8357,8363,8370,8379,8399,8405,8406,8407,8411,8415,8417,8419,8426,8427,8433,8438,8439,8440,8442,8443,8444,8446,8460,8475,8480,8483,8498,8503,8507,8516,8517,8521,8527,8543,8544,8553,8554,8558,8566,8573,8581,8592,8594,8600,8608,8624,8625,8626,8628,8630,8634,8641,8644,8645,8655,8674,8677,8680,8682,8684,8689,8690,8692,8694,8696,8708,8714,8725,8728,8735,8737,8739,8740,8743,8744,8770,8772,8773,8790,8792,8800,8802,8807,8808,8810,8813,8814,8815,8818,8821,8838,8845,8846,8852,8859,8895,8897,8899,8908,8914,8918,8923,8924,8938,8939,8943,8944,8947,8949,8950,8959,8961,8962,8963,8967,8985,8994,8995,8996,8998,9002,9016,9026,9054,9075,9076,9077,9080,9084,9102,9104,9120,9124,9128,9133,9142,9144,9147,9151,9178,9179,9180,9184,9187,9192,9194,9196,9199,9212,9221,9222,9224,9255,9257,9261,9268,9271,9283,9289,9291,9292,9295,9299,9301,9302,9303,9304,9318,9324,9333,9348,9350,9353,9366,9367,9368,9375,9376,9402,9409,9422,9427,9431,9435,9436,9440,9453,9456,9457,9459,9460,9465,9467,9471,9474,9488,9492,9496,9497,9528,9529,9531,9533,9553,9555,9563,9564,9572,9573,9582,9591,9601,9604,9624,9632,9645,9648,9657,9659,9662,9668,9673,9684,9696,9699,9700,9708,9712,9730,9733,9736,9738,9741,9742,9745,9754,9765,9772,9773,9775,9784,9788,9814,9816,9857,9858,9869,9877,9878,9880,9894,9918,9924,9934,9936,9938,9945,9946,9948,9961,9979,9987,9995,9998,10026,10046,10050,10051,10057,10058,10059,10061,10079,10082,10091,10092,10097,10098,10100,10101,10102,10107,10108,10111,10116,10123,10134,10135,10152,10153,10154,10155,10164,10165,10184,10191,10193,10194,10209,10210,10222,10225,10229,10230,10231,10232,10238,10239,10240,10241
1	2010,6665,6948,9345,9346
2	5876
3	1956,2402,2480
4	154,1237,4296,5249,5696,8842,10182
5	163,168,169,356,781,2478,2635,2699,2914,3293,3305,3988,4355,5228,6351,7698,7699,7925,8682,8683,8698,9095,9096,9106,10006
6	211,953,1616,2890,3337,3430,3660,5651,5704,5735,7010,7450,10024
7	227,228,1402,1992,2470,2471,4634,6607,10127
8	290,291,9305
9	2137,6240,8346
10	677,4571
11	333,6074,6075,6076
12	360,361,1394,2485,6324
13	379,380,718,768,1137,1388,1389,1398,1610,1622,2150,2240,2251,2534,2551,2695,2792,2986,3299,3459,3532,3580,3593,3763,3823,3980,4278,4454,4643,4662,4687,4751,5217,5282,5283,5349,5438,5520,5539,5591,5722,5797,6469,6519,6717,6781,6786,6790,6794,6942,7221,7286,7336,7588,7684,7771,7839,7896,7934,8252,8574,8784,8880,8956,9347,9744,9902,9917,10163
14	393,394,395,396,3828,3829,5871,6533
15	1283
16	1092,1551,1552,5705
17	6903,6904
18	458,460,760,1586,1831,2222,3589,5831,6501,6610
19	468,469,470,471,472,865,934,981,1101,1456,2241,2317,2416,2533,2636,3337,3684,4387,4760,5273,5333,5721,6045,6274,7012,7357,8937,9323
20	2394,3678,8959
21	490,2369,7667,8193,8648,9349
22	503,504,714,1347,3166,3223,4072,4131,4228,5941,5942,6850,7093,7485,7618
23	505,506,507,1901,3372,5074,6542,6543,6544,6888,6905,7548,8484,8485,8886,9276,9380
24	675,3921
25	553,3854,5346,5930,6679,7084
26	1195,4643,4718,6445,6843,7897
27	637,638,3158,6155,6967,8015,8064,8217,8830,9033
28	5034,5069,8302
29	158,643,644,853,854,2865,4777,5008,6070,6071,7099,8349,8656,9153,9455
30	317,1051,3028,5494,7172,7223,7225,8499
31	671
32	673,674,7561,7562,7563,7564,8905,9004
33	686,1587,1689,1867,3211,3543,3981,5337,5538,6236,7002,8502,9499,9574,9707
34	700
35	287,362,377,645,661,702,898,918,919,955,1182,1464,1505,1577,1579,1637,1687,1771,1777,1931,1943,1955,1984,2005,2206,2350,2443,2479,2510,2528,2538,2544,2615,2631,2887,2923,3088,3297,3305,3317,3330,3337,3362,3369,3618,3680,3723,3725,3848,3983,4068,4071,4198,4201,4286,4287,4461,4743,4744,4745,4746,5076,5150,5152,5155,5191,5340,5443,5845,5849,6025,6311,6494,6495,6506,6594,6704,6768,6978,7069,7080,7229,7230,7392,7419,7421,7647,7782,7834,7843,7874,7875,7916,8095,8165,8454,8477,8571,8713,8750,8774,8777,8778,8794,9092,9183,9440,9479,9480,9568,9621,9637,9658,9693,9701,9751,9787,9806,9807,9855,9996,10025,10036,10252
36	713,1597,1681,1682,2297,2875,2958,3258,4473,4717,5643,6521,6714,7255,8194,8445,8448,8680,9253,9621,9734
37	720
38	733,734,735,736,1597,3187,3976,4118,6010,6390,6443,7578,7730,8925,10208
39	763,764,766,1228,1599
40	2376,8403
41	4397
42	794,5420,6088
43	5333
44	17,439,815,818,3565,4066,6241,6941,8069,8876,9171
45	842
46	856,2962,3285,5029,7450,8541,9146,9781
47	1435,1597,1803,3268,6367,7440
48	7775
49	368,893,894,895,896,897,1753,2056,2126,2679,2886,3310,4189,4461,4569,4769,5112,5339,5575,5746,6864,7522,7523,7856,8270,9093,9099,9100,9111,9169,9228,9383,9719,9781,9992
50	4429
51	932,933,2797,3908,6187
52	947
53	712,938,1723
54	937,939,6526
55	940
56	949,950,951
57	943,944,974,975,4164,4481
58	1003
59	3127,7940
60	1017
61	8895
62	1037,9841
63	6672
64	750,1075,2403,4379,5975,6313,7135,7570
65	547,1076,1077,1078,1079,1774,3949,5069,5694,6161,6709,8652,10002
66	122,1086,2708,3433,4010,4287,4381,4909,5187,5191,5196,5316,5720,5765,6705,7203,7413,7831,9997
67	884
68	4602,6628
69	576,1177,1178,1179,1427,1685,3561,3641,4121,4183,4405,5505,7515,7899,8114
70	14,703,1089,1196,1200,1204,1205,1219,2278,3507,4123,4124,4192,4402,4489,4572,5482,5542,6150,7359,7410,7436,9130,9143,9146,9745,10020
71	1210,1211,2409,3305,4179,5223,5849,5916,6842,6901,6925,7843,9607,9781
72	1213
73	1241
74	216,575,782,1277,3636,5042,5478,7902
75	663,990,1295,1296,1629,2488,2930,4461,4721,5565,7805,10022
76	817,1143,5936,9237
77	954,1315,3339
78	1316,1317,6934
79	139,510,1328,1329,1403,2498,3362,3449,4898,5026,5040,5425,6129,7251,7252,7253,7322,7469,7493,8218,9185,9389,9551
80	1005,1342,1710
81	1360,2769
82	1364,1413,1414
83	1363
84	1366
85	1382
86	6381,6756
87	678,1182,1282,1438,1477,2738,4185,4461,4708,4872,4873,4874,5538,6047,6724,6900,7265,8691,9473
88	1449,1451
89	1308,1694,2120
90	226,1369,1471,1472,1473,7658
91	18,90,94,352,353,401,445,446,1024,1027,1121,1122,1299,1460,1462,1463,1481,1483,1485,1486,1487,1546,1547,2209,2321,2322,2457,2458,2462,2610,3358,3359,3577,5101,5102,5546,5547,8757,9241,9242,9360,9949
92	1493,1494,5629
93	1514,5271,8184
94	1393,1534,1536,1646,1738,2142,4290,4291,4470,4471,5727,6973,6974,7350,7553,8729,9530
95	155,4436,6362,7684,8888
96	522,988,1480,1540,1609,1620,1633,2473,3819,4501,4922,5464,5533,7066,7996,8476,9319,9752,9959
97	69,1067,1457,1495,1622,1623,2446,2859,3400,3633,3897,5100,6460,6583,8806,9091,9251,9960,10118
98	91,936,1004,1233,1584,1676,1747,1748,1749,1811,2053,2898,3065,4170,4319,5266,5313,5669,5719,5859,6352,6567,6634,7034,7216,7249,7873,8363,8394,8440,9976
99	220,438,1181,1271,1768,2429,2466,2590,2729,4205,5488,5541,6429,7456,9731
100	1059,1240,1390,1669,1769,1770,2107,2599,3517,3573,4044,5953,6624,7772,7825,7922
101	1773,3081,5920,7834,8761,10082
102	235,315,565,786,1028,1029,1327,1510,1522,1523,1524,1789,1790,1791,1792,1856,2034,2284,2431,2440,2639,2664,2665,2666,3120,3788,3842,3947,4009,4050,4054,4061,4102,4104,4105,4208,4705,5062,5104,5161,5189,5312,5504,5723,5786,5860,6166,6273,6730,6735,6777,6837,6838,6970,6971,7034,7479,7606,7816,7820,7871,7987,8759,9190,9439,9568,9687,10119
103	532,1334,1476,2802,3667,4802,5197,5692,5933,8093,8495,8907,8969,10166
104	9227,10034
105	1669,1837,1838,1976,2009,2252,2796,6657,8009,8866,8954,9666
106	2415
107	1216,1857,4851,7280
108	1878,4461,9776
109	314,537,1166,1172,1564,1583,1615,1843,1881,1882,1883,1884,1885,1886,1888,1889,1917,2119,2562,2932,3327,3430,3453,3522,4461,5615,6032,6084,7387,7521,7525,7590,8443,9013,9830,10162
110	1264,1629,2043,4269,6569,7131,9438,9492
111	450,1335,1896,1897,3985,6361,8908
112	1922,1924,9826
113	4152
114	73,214,1951,1952,2035,3513,7082,7524,8150,8505,9370,9783,10005,10020,10158
115	1964,1965,1966,3499,4425
116	8675
117	728,4832,4958,7894
118	1221,1578,1627,1873,2000,2001,2004,2006,2286,2428,2801,2886,2935,3258,4607,4608,4708,5073,5340,5818,5849,6452,6742,7433,7755,7843,7849,7872,9177,9272,9781,10062
119	683,1333,1852,2007,2180,2414,2770,2778,3193,4079,4120,5314,5870,6119,6236,6253,6731,7399,7962,8315,8345,8467,8627,8854,8868,8902,9941,10164,10173,10187,10188
120	6555
121	1576,1954,2062,5822,6718,9882,10167
122	647,883,1578,1625,1817,2069,2070,2071,2072,2073,2074,2081,2536,2582,2761,3207,3435,3507,3830,4162,4461,4505,4583,5120,5172,5221,5475,6783,6787,7028,7315,7352,7709,7834,8235,8926,9055,9571,10020,10158
123	2076,2078,2079,2080,2621,6935,8462
124	123,690,1302,1698,1932,2089,2626,2990,3036,3863,3952,4758,5241,5799,7083,7284,8549,9580,9721,9965,10079,10144
125	9155
126	9714
127	2097,6500,9844
128	36,217,693,756,873,1562,1711,2112,2216,3087,3151,3542,3562,5023,5037,5925,6556,8449,8551,8791
129	916,1525,2151,2336,2340,2840,4494,5776,7168,8909,9372
130	9484
131	6241
132	2852
133	73,1244,2203,2204,2226,3408,4165,4532,4860,6105,6294,7991,8767,9766,9883,10003,10028
134	60,1836,2217,2353,3296,4661,5184,5646,6863
135	143,788,2260,3137,3304,3415,3434,3468,3507,4090,4462,4529,4668,5647,5699,6847,6849,6981,8496,8862,8926,9143,9157,9166,9908,9919,10158
136	2248,6933,7616,7617
137	2138,6109
138	2229,5653
139	9125
140	2347
141	2349,4320
142	7152
143	1957,3889,10123
144	2752
145	2381,2382,2383,2384,7592
146	842,1164,1250,2392,2401,2721,4663,6921,9359
147	543,1526,1674,2418,2421,3616,5348,5618,6984,7389
148	1684,4283,9379
149	4529,5223,7843
150	390,1243,2454,2455,3738,5564,9270
151	1234,1235,1508,7155
152	2509
153	167,1470,1960,2505,2518,2519,3403,3460,3746,3928,4278,5176,6704,7338,7671,7679,8741,8930,9396,9759,9767,10036
154	5335
155	400,811,2564,5807,6262,7919,9492
156	2099,2565,2566,2822,3324,3862,4377,4408,4541,6297,8700,9468,9833
157	2574,2575,2576
158	2620
159	31,32,1139,2282,3224,3263,3795,3796,4614,4805,4818,4829,6206
160	604,605,1085,2090,2092,2653,2673,5427,5429,5861,7506,7833,9123
161	1835,2535,2675,2823,4674,7855,9293,9504
162	697,2393
163	476,1000,1043,1269,1270,1672,1714,1780,2291,2319,2432,2637,2733,2734,2735,2736,2881,3177,3195,3218,3220,3221,3222,3678,3725,4097,4157,4318,4593,5183,5262,5263,5264,5405,5522,5538,5919,5943,6171,6211,6330,6844,7105,7494,7689,7970,8343,9702
164	722,1607,1608,2299,2391,2397,2757,3292,3848,3948,4163,4268,4722,5223,5644,5741,5849,7153,8612,9781,10081
165	3848
166	3391,4158,4971,4992,6615,6625,7700,7824,8455
167	2775
168	699,1695,1734,1955,2084,2780,2781,3136,4474,4917,5125,5806,6032,6238,6396,7034,7309,8400,9162,9350,9982,10174
169	3483,3512,5666,7057,7974,9640
170	518,1588,2799,2800,7639
171	2842
172	174,527,573,1307,1479,2093,2706,2717,2832,2836,2843,2844,2845,2851,2860,3185,3260,3308,3864,3955,4336,4404,4478,4527,4619,4624,4691,4952,5691,6156,7242,7243,7510,7912,8789,9197,9258,10250
173	2974
174	117,119,1413,1415,1420,1421,2433,3178,6603,6604,6673,6674,7009,7078,7079,8042,8043,8910,8911
175	2787,2966,3113
176	810,903,1597,1845,1846,1847,1848,2032,2327,2328,2329,2968,2969,2970,2972,2973,3115,3125,3564,4012,4013,4046,4667,4861,5223,5999,6442,6499,6610,6784,6785,7203,7393,7569,7659,7785,7869,8129,8130,8131,9468
177	2982
178	3015,3016,3017,8283,8284
179	214,1544,2213,3027,3348,3349,3684,4946,7170,7650,8559,9781,10106,10254
180	327
181	6793
182	411,441,538,687,1581,1861,2045,2515,2597,2690,3073,3074,3075,3088,3609,3625,3674,3720,3778,4156,4679,5065,5763,5794,6360,6633,6872,7363,7823,8255,8311,8837,9025,9205,9262,9263,9264,9265,9524,9827
183	4365,6666,9443,10009
184	2313,3111,3112,3327,3489,4370
185	8105,8506
186	3141,3142
187	9928
188	6339
189	197,282,284,822,1385,1556,1669,1812,1815,2216,2272,2281,2461,2491,2638,3203,3204,3205,3206,3877,3975,3990,4011,4667,4671,4675,4694,5271,5585,5952,6319,6531,6619,6707,6955,7026,7291,7505,7550,7944,8321,8346,8421,8599,8610,8853,8955,9036,9200,9805,9854,9875
190	3237,3238,9845
191	2247,3240,3241,6576,7550,9172
192	2016,3242,5177
193	3243,8285
194	649,1047,1094,3257,8121
195	2109,2116,3004,3261,3378,3539,3835,4429,5371,5578,5785,7234,9007,9498,9691
196	2662,3266,3267,4585,4787,5726,7845
197	363,513,685,1108,1145,1254,1311,1312,1589,1804,2592,3234,3314,3334,3389,3545,3574,3896,4156,4343,4376,4422,4515,4530,4537,4540,4560,4616,4628,5130,6056,6057,6061,6062,6449,6595,6722,6845,7027,7071,7777,8682,8766,8810,9167,9213,9448,9655,9760,9771,9783,10010,10204
198	3345
199	127,157,160,433,592,682,684,698,920,942,970,1191,1192,1218,1326,1332,1424,1489,1490,1577,1600,1606,1887,1955,2039,2041,2156,2275,2310,2331,2408,2413,2677,2698,2700,2703,2704,2754,2838,2950,2953,3045,3056,3105,3154,3180,3239,3245,3247,3337,3350,3351,3381,3527,3540,3681,3799,3818,3889,3944,4000,4024,4122,4159,4346,4372,4391,4420,4435,4461,4581,4584,4686,4732,4733,4740,4773,4834,4854,5011,5079,5189,5223,5449,5577,5584,5690,5815,5830,5849,5857,5975,6204,6236,6275,6337,6364,6365,6406,6485,6496,6582,6778,7058,7059,7118,7139,7149,7154,7178,7314,7385,7441,7740,7780,7813,7815,7906,7945,8256,8271,8319,8321,8414,8500,8603,8734,8896,8908,9030,9041,9056,9069,9145,9195,9323,9475,9485,9526,9597,9627,9633,9642,9703,9704,9804,9814,9851,9852,9867,9868,10030,10079,10090,10115,10122,10203
200	81,823,1971,2227,3134,3376,3377,3607,4020,4927,4938,4945,4959,5616,6440,6792,6891,7512,7633,7749,7823,7860,8887,8913,9223,9294,9429,10134
201	3001,3086,3404,4965,5195,5641,7713,7767,9481,9565,9905
202	62,142,153,391,392,1019,1136,1154,1245,1872,2484,2556,2582,2614,2926,2956,3008,3048,3119,3411,3412,3471,3531,4112,4367,4573,4609,4974,5001,5170,5256,5455,5667,5709,5880,5881,5924,6198,6689,6909,7034,7075,7466,7723,8235,8895,9156,9717,10132
203	8,9,10,12,13,137,373,374,375,1675,1676,2385,2386,2531,2939,3416,3417,3418,3419,3420,3421,3488,4670,6089,6090,6399,6739,6740,6741,6745,7095,7384,8657,10214
204	371,3511
205	475,1147,1148,1786,2555,2795,2829,3456,3533,3534,3535,3536,3564,5025,5473,6261,7807,8181,8538,8601
206	73,397,883,1622,1935,1961,2157,2238,2573,2821,3568,3578,4000,4193,4520,4562,4569,5703,6879,7405,9131,9143,9146,9492,9558,10160
207	1105,2194,3569,3594,4798,4799,4885,8159,8304,8728,8931,9781,9947,10035,10052
208	3627,4354,4706
209	3634,3635,4886,8540
210	3668,3669,9085,9087
211	3676,3727,6640,7646
212	313,808,978,1745,1746,2095,3695,5489,5540,5642,9994
213	1629,3724,5766,6598,9690
214	2449
215	2987,3740,5849,8957,10079
216	3666
217	9068
218	3752,3754
219	4741,5764
220	3769,7828
221	5367,6941
222	338,2773,3107,3789,5606,7166
223	2849
224	2176,2612,3361,3507,3799,3811,3812,3813,3814,3815,3816,3817,4369,4457,4531,4621,4788,4789,4790,4791,4794,4835,5119,5223,5741,5958,6095,7203,7209,7843,8428,10159
225	3122,3906
226	1171,1797,1799,2230,2231,2232,2233,2250,3018,3049,3059,3910,3911,3912,4453,4638,4835,4852,6200,7127,7317,7447,7575,9776,10172,10199,10251
227	3914,3915,9117
228	165,230,467,1052,1084,1090,1199,1209,1635,1733,1946,2055,2629,2632,2685,2686,2820,3088,3092,3546,3846,3919,3920,3966,4065,4106,4272,4846,5098,5343,5354,5358,5749,6254,6949,7010,7920,7946,8101,8257,8459,8607,8793,8829,9071,9269,9364,10112
229	3172,3931,3932,3933,3934,5630
230	3996
231	83,200,603,778,1549,2271,2424,3368,3856,3957,3973,3974,4395,5267,5865,7450,7501,8999,9441,9884,9900,9965
232	4017,6259
233	4022
234	1397,3019,4629,5616,5927,8841
235	4037,4038,4039
236	2124
237	563,814,1917,2128,2216,4070,4073,6697,8002,8333,8649,9162
238	1287,1288,4127,8014,8635
239	2900,4150,4151
240	4200
241	748,4227
242	115,151,1093,1112,1419,1805,1898,1936,2700,3005,3622,3647,3843,3965,4188,4235,4236,4247,4347,4543,4576,4623,4765,4981,5165,5680,5688,5936,6427,6630,6680,6699,7435,7948,8273,8637,8875,9000,9608
243	88,622,4187,4243,4811,5718,5968,5981,6884,7319,7921,8299,8587,9740
244	1742,4250,4251
245	4262
246	4264
247	872,3091,4273,4279,8983
248	790,1597,3357,4274,4275,4276,5626,6750,9634
249	3519
250	357,376,402,1478,2399,2469,2552,2583,3999,4300,4301,4426,4529,4539,5492,5752,6245,7623,8347,9084,9130,9147
251	210,2472,3526
252	276,414,418,554,886,930,1590,1613,1614,1617,1618,1752,1823,1893,2187,2459,2940,3282,3645,4068,4220,4256,4257,4306,4307,4461,4711,4931,6094,6401,6626,9768,9974,9975,10185,10186
253	4331,4332,6230
254	198,545,802,1023,1161,1401,1932,2139,2199,2221,2318,2623,2671,2751,3729,4041,4340,4341,4467,4991,5637,5872,6557,6558,6601,6801,7132,7240,7302,7306,7495,8236,8449,8575,8639,8788,8795,9012,9326,9387,9388,9540,9688,9924,9941,10131,10132
255	4356
256	520,4391,4393
257	4437
258	4654,4655,4656,7533
259	1359,3557,3677,4282,4297,4672,4977,5441,6022,6038,6052,6578,7070,7096,7107,7924,8492,8785,9876
260	2682,4709,4710,6247,7744
261	3685
262	2934,3626,4735,4736,4737,4738,5189,8867
263	4747
264	4754
265	1662,2347,4770,4771,7146,7190,7307,8197
266	7843
267	0,2,3,4,5,6,11,15,16,19,20,21,22,25,27,28,30,34,35,38,39,40,41,44,45,46,49,50,51,52,53,54,55,56,57,77,78,79,85,86,89,92,93,95,102,126,148,149,156,162,183,184,191,194,195,203,205,206,207,209,242,243,244,246,247,249,251,252,256,257,258,260,261,263,264,267,270,271,272,302,303,305,306,350,351,354,355,381,386,387,398,399,406,407,409,410,415,417,419,420,421,425,427,428,429,431,432,434,447,448,479,480,481,482,493,494,496,497,498,511,528,529,539,540,541,560,588,589,612,613,614,615,628,629,630,641,642,651,652,657,658,659,662,668,670,704,705,710,711,726,727,729,732,737,741,742,759,761,770,771,775,799,800,824,825,826,857,858,859,861,862,863,878,882,885,888,889,890,909,910,912,913,927,929,966,968,994,1007,1008,1055,1056,1061,1064,1069,1081,1087,1088,1091,1096,1097,1106,1110,1113,1119,1120,1123,1124,1125,1129,1130,1162,1165,1167,1173,1174,1175,1194,1197,1198,1201,1224,1226,1229,1230,1251,1253,1262,1263,1272,1273,1278,1279,1280,1281,1338,1340,1348,1349,1350,1351,1352,1353,1354,1355,1356,1370,1371,1373,1374,1375,1376,1377,1378,1379,1381,1404,1407,1436,1437,1439,1468,1469,1484,1488,1491,1492,1515,1516,1517,1520,1521,1566,1567,1569,1570,1571,1572,1573,1574,1575,1582,1591,1593,1598,1601,1605,1630,1663,1664,1665,1686,1688,1692,1696,1700,1701,1706,1707,1708,1715,1716,1717,1719,1720,1721,1722,1727,1728,1729,1744,1783,1795,1796,1806,1807,1808,1809,1810,1826,1853,1862,1865,1866,1869,1870,1875,1876,1910,1914,1915,1921,1923,1928,1941,1958,1959,1962,1969,1970,1981,1985,1986,1991,1999,2002,2003,2027,2028,2101,2114,2115,2145,2146,2147,2148,2154,2184,2185,2234,2235,2236,2249,2263,2264,2265,2267,2268,2279,2292,2294,2295,2308,2309,2348,2362,2363,2410,2426,2442,2451,2452,2459,2460,2493,2494,2495,2496,2522,2523,2530,2540,2541,2542,2543,2548,2550,2554,2557,2558,2584,2585,2593,2605,2606,2607,2608,2625,2644,2645,2646,2648,2649,2650,2656,2657,2667,2683,2684,2723,2724,2728,2746,2747,2748,2749,2765,2766,2784,2785,2803,2804,2805,2806,2807,2808,2824,2876,2877,2879,2880,2883,2885,2888,2908,2909,2917,2918,2921,2922,2937,2945,2946,2947,2948,2955,2957,2963,2964,2984,2985,2999,3000,3021,3022,3030,3035,3039,3040,3041,3042,3055,3057,3058,3060,3061,3062,3067,3068,3071,3072,3109,3110,3126,3129,3132,3150,3153,3155,3156,3174,3175,3183,3184,3186,3191,3244,3252,3254,3255,3274,3277,3279,3284,3290,3300,3302,3303,3306,3311,3313,3335,3336,3340,3354,3355,3366,3371,3374,3375,3396,3397,3409,3410,3424,3426,3436,3437,3439,3441,3442,3443,3444,3445,3446,3463,3479,3480,3482,3485,3497,3504,3508,3515,3520,3521,3530,3537,3538,3548,3549,3550,3551,3552,3553,3555,3556,3571,3582,3583,3585,3586,3587,3591,3596,3597,3631,3658,3659,3662,3663,3665,3682,3683,3687,3689,3690,3697,3698,3699,3743,3744,3753,3764,3765,3782,3783,3784,3787,3803,3804,3805,3808,3809,3833,3836,3837,3838,3840,3847,3850,3856,3857,3858,3861,3873,3879,3880,3882,3885,3886,3887,3898,3899,3903,3904,3905,3916,3917,3925,3926,3953,3954,3992,4007,4028,4029,4030,4031,4059,4074,4075,4077,4081,4086,4087,4091,4092,4098,4099,4115,4116,4117,4136,4138,4139,4141,4142,4143,4144,4145,4146,4147,4149,4171,4172,4173,4174,4175,4178,4182,4184,4195,4215,4216,4217,4230,4253,4258,4259,4260,4304,4342,4358,4359,4361,4362,4363,4364,4386,4417,4418,4419,4427,4430,4432,4442,4455,4458,4459,4485,4488,4504,4507,4510,4517,4519,4521,4530,4544,4546,4547,4552,4563,4575,4578,4588,4589,4595,4610,4611,4612,4620,4622,4657,4658,4676,4677,4723,4726,4727,4728,4729,4730,4748,4749,4772,4776,4812,4813,4817,4820,4822,4831,4837,4838,4843,4844,4845,4862,4923,4924,4939,4948,4978,4979,5002,5003,5014,5015,5018,5019,5020,5022,5043,5047,5048,5050,5059,5060,5078,5086,5092,5097,5116,5117,5128,5131,5133,5136,5146,5153,5162,5186,5204,5205,5215,5216,5279,5285,5286,5287,5289,5290,5291,5293,5300,5305,5306,5329,5350,5351,5353,5355,5356,5372,5373,5376,5377,5378,5379,5380,5381,5382,5384,5385,5387,5389,5390,5391,5392,5394,5408,5409,5432,5433,5434,5446,5453,5454,5476,5513,5527,5536,5537,5544,5545,5550,5551,5552,5553,5561,5562,5570,5582,5583,5588,5589,5599,5600,5601,5602,5624,5625,5654,5677,5678,5679,5686,5687,5697,5698,5707,5708,5713,5714,5715,5716,5717,5733,5741,5757,5774,5788,5800,5803,5805,5812,5813,5814,5824,5825,5828,5848,5890,5892,5907,5908,5918,5945,5946,5956,5957,5959,5960,5961,5978,6000,6001,6003,6031,6032,6033,6091,6092,6101,6102,6106,6107,6124,6126,6131,6217,6218,6221,6237,6243,6257,6260,6270,6277,6284,6285,6286,6289,6290,6291,6292,6315,6317,6322,6325,6331,6347,6348,6349,6368,6369,6370,6373,6377,6379,6380,6383,6384,6386,6392,6397,6398,6400,6407,6408,6413,6416,6421,6422,6428,6444,6447,6451,6453,6454,6455,6456,6461,6462,6463,6465,6471,6472,6488,6489,6490,6491,6508,6509,6510,6511,6512,6513,6549,6550,6552,6553,6554,6563,6564,6566,6586,6671,6675,6719,6720,6726,6733,6738,6743,6744,6746,6760,6761,6765,6770,6773,6825,6826,6828,6830,6832,6833,6834,6840,6841,6855,6856,6858,6861,6862,6868,6869,6898,6899,6912,6913,6914,6915,6916,6917,6918,6919,6930,6931,6958,6959,6960,6961,6979,6980,6982,6983,6988,7006,7018,7019,7020,7021,7030,7042,7043,7046,7047,7052,7063,7068,7074,7142,7183,7184,7186,7188,7227,7228,7231,7238,7260,7261,7273,7276,7277,7293,7296,7326,7327,7328,7341,7342,7362,7364,7365,7366,7369,7372,7373,7375,7376,7377,7378,7397,7398,7402,7403,7443,7444,7451,7455,7458,7459,7464,7465,7509,7513,7558,7572,7573,7581,7582,7583,7584,7585,7586,7587,7595,7596,7597,7599,7604,7609,7610,7624,7625,7628,7630,7653,7654,7655,7685,7696,7733,7735,7747,7754,7757,7758,7759,7776,7786,7787,7809,7817,7842,7850,7857,7858,7861,7862,7863,7864,7885,7886,7914,7915,7986,7989,7993,8085,8088,8127,8128,8132,8133,8134,8136,8137,8138,8139,8140,8141,8142,8162,8204,8239,8245,8246,8247,8248,8265,8272,8298,8305,8306,8310,8317,8327,8328,8341,8342,8358,8359,8373,8381,8382,8385,8386,8388,8390,8397,8398,8429,8430,8431,8489,8490,8491,8530,8531,8535,8552,8555,8578,8579,8585,8586,8588,8589,8590,8593,8595,8596,8726,8727,8754,8764,8801,8804,8805,8811,8812,8827,8828,8831,8857,8869,8871,8872,8873,8874,8881,8882,8883,8884,8885,8903,8920,8921,8922,8929,8940,8946,8964,8965,8966,8970,8971,8972,8976,8977,8978,8979,8980,8981,9014,9015,9028,9043,9044,9045,9046,9063,9072,9097,9132,9136,9137,9140,9148,9149,9158,9161,9198,9202,9203,9204,9207,9208,9209,9210,9225,9226,9281,9282,9285,9288,9298,9311,9312,9341,9342,9343,9365,9371,9373,9374,9393,9394,9395,9412,9433,9434,9450,9451,9461,9463,9464,9486,9487,9491,9501,9502,9503,9507,9508,9510,9511,9512,9513,9514,9515,9516,9517,9518,9519,9520,9521,9522,9527,9534,9538,9539,9546,9547,9548,9549,9556,9557,9560,9561,9586,9587,9593,9594,9595,9603,9613,9616,9619,9620,9631,9635,9636,9638,9643,9656,9679,9680,9709,9710,9711,9722,9723,9729,9750,9762,9763,9780,9785,9789,9790,9791,9801,9802,9803,9819,9822,9823,9824,9828,9829,9836,9837,9838,9839,9840,9861,9885,9890,9891,9895,9896,9897,9898,9899,9901,9913,9914,9915,9925,9926,9927,9932,9933,9939,9940,9952,9953,9957,9963,9970,9971,9972,9985,9993,10014,10015,10023,10032,10070,10071,10072,10073,10074,10075,10076,10083,10084,10087,10088,10104,10105,10113,10114,10125,10126,10137,10139,10145,10146,10147,10148,10161,10175,10200,10201,10205,10211,10212,10213,10215,10216,10248,10249
268	2474,4969
269	500,2659,2759,2786,4280,4888,4942,5032,5041,5514,6710,7504,8443,8550,9734,9787
270	679,875,1775,1850,1934,3749,3970,4653,4901,4902,4905,5103,5137,5778,6258,6293,6298,6548,7038,7821,8377,8687,9280,9676,9770
271	530,2676,2967,3259,3422,3664,3755,3950,4534,4907,4914,5407,7566
272	3474,4530,5406,8765,9725
273	709,772,774,1302,2356,2693,3076,3673,3780,4249,4918,5044,6364,6468,6541,6578,7854,8228,8449,8618,8619,8880,8908,9058,9437,9600,10048,10171,10198
274	1945,3876,4196,4920,4921,8855
275	7457
276	1669,6835
277	2783,4949,4950,9175,9176,9219
278	4954,4955,5320,5321,8077,8078,9426,9427
279	3509,4042,4561,4957,5658,6215,6448,8654
280	6683
281	4964,6225,7657
282	2614,4703,4990,6824,9328
283	2812,2813,3214,3215,4896,4897,4971,4972,6728,6729,6865,7431,7432,7470,7471,8331,8332
284	1658
285	1854,4968,4984,4985,4986,6346,9086
286	7715,10108
287	288,570,1184,1863,2127,2998,3630,4148,4181,4323,4998,5508,5524,5816,6097,6696,6959,7652,8756
288	349,461,462,1955,2178,2398,2404,2406,2437,2622,2672,2674,2767,2924,2933,3379,3529,4267,4388,4500,4508,4631,5004,5005,5203,5223,5236,5237,5694,6125,6318,6415,7215,7395,8416,8519,8520,8877,8890,9181,9492,9893,10085
289	5710,8125,8702
290	3791,7552,8003,9001,9006
291	4626,5052,5053,6213,6436,7710
292	2014,5058
293	4443,5080,10008
294	5093,5094
295	5139,5140,5265,6148,6269,7999,8125,8679
296	159,5145,5871,7408
297	5148
298	5158
299	1434,2143,3168,3256,3560,4197,5222,5225,7151,9339,9340
300	5247,5248
301	1266,4461,4553,4719,5252,7521
302	457,5269
303	164,324,403,555,558,2355,2630,2896,3661,4390,4496,4665,5085,5154,5275,5276,5780,6852,7484,8908,9623,10021
304	1368,5277,5278,8307,10178
305	821,1892,2857,2952,3507,4009,4498,4997,5084,5171,5191,5297,5298,5299,5304,6008,7682,9201,9622,10130
306	1157,5310,9580
307	201,2978,2979,3173,3831,3832,5322,5323,6492,6493
308	577,1182,1256,1841,2737,4865,4890,4919,5163,5327,5328,5400,5976,6060
309	127,725,769,798,924,925,970,979,1011,1154,1188,1199,1206,1256,1330,1418,1455,1497,1592,1725,1855,1925,2190,2489,2545,2699,2711,2863,2889,2960,3026,3167,3301,3337,3406,3430,3684,3802,3884,3960,3979,4027,4221,4225,4322,4464,4492,4606,4750,4773,4946,4996,5087,5223,5243,5253,5340,5402,5449,5592,5622,5725,5849,6002,6276,6316,6329,6423,6662,6816,6874,7263,7274,7313,7348,7480,7481,7568,7577,7779,7818,8207,8303,8510,8664,8720,8762,8769,9193,9332,9787,9814,9965,9989,10080
310	3305
311	284,514,1193,2113,3514,5368,5458,6117,6238,6598,8640
312	3423,7187
313	1,23,24,26,29,37,42,43,47,190,192,250,253,265,269,273,274,275,383,384,422,426,437,477,532,533,561,579,580,616,631,773,819,820,852,860,867,868,967,969,1057,1068,1080,1098,1203,1220,1242,1252,1322,1323,1324,1357,1380,1498,1528,1529,1553,1554,1568,1595,1693,1756,1757,1758,1759,1784,1822,1824,1830,1906,1907,1909,1973,1974,2029,2149,2152,2153,2168,2256,2257,2261,2262,2380,2553,2624,2669,2996,3052,3053,3054,3130,3131,3132,3138,3139,3140,3152,3169,3253,3276,3283,3353,3388,3440,3462,3547,3570,3592,3700,3839,3869,3982,4007,4194,4219,4237,4238,4283,4284,4303,4351,4385,4447,4535,4591,4592,4597,4724,4806,4828,4833,4863,4947,5134,5135,5175,5284,5360,5361,5374,5383,5386,5388,5393,5410,5459,5460,5461,5509,5510,5548,5549,5571,5787,5789,5801,5804,5827,5896,5897,5910,5944,5947,5948,5955,5963,5974,6143,6144,6282,6283,6333,6387,6464,6535,6536,6537,6538,6734,6932,6985,6986,6987,7051,7086,7147,7198,7199,7233,7237,7268,7269,7270,7292,7297,7298,7367,7371,7396,7594,7598,7614,7695,7760,7840,7841,7846,7852,7884,7936,7937,7979,8143,8203,8238,8268,8269,8297,8340,8374,8375,8486,8556,8557,8623,8709,8711,8712,8752,8755,8796,8797,8799,8904,8987,8991,9008,9009,9029,9032,9109,9114,9150,9164,9273,9274,9409,9410,9411,9452,9454,9509,9545,9550,9618,9630,9797,9815,9886,9887,9888,9889,9912,9929,9931,10013,10067,10068,10069,10086,10206,10207
314	1703,2175,3717,5397,5398,6878,7411,8106,9698
315	1111,5183,5411
316	10124
317	5452
318	5456,5457
319	1635,3959,4203,4446,5223,5242,5495,5496,5497,5499,5500,5634,5705,6112,6114,7060,7855,9174,9671,9781,9943,9986,10079
320	294,2177,3383,4426,4429,4505,4556,5223,5516,5518,5519,5744,6009,6244,6246,7039,8391,8392,8443,9147
321	1564
322	5579
323	660,3671,5586,5587,5878,6020,6757,6892
324	796,1128,1318,2655,3492,3493,3623,4630,5223,5595,5596,5597,5598,5840,6359,7751,8319,8363,8418,8749,9559,9753
325	4317,5663,5664,5665
326	4333,4368,5396,5676,5680,5683
327	9585
328	212,1115,4045,4569,4586,5031,5753,5754,6184,9570
329	2692,5231
330	1975,1987,1988,1990
331	5832
332	5842,8079
333	3148
334	864,5856
335	5882,8250
336	5829,5904,9781
337	836,1046,1320,1738,3003,3031,3326,3822,4010,5905,5906,5935,6969,7390,7644,8208,8611
338	3430,5072
339	116,221,233,1702,2476,2487,2753,3110,3998,4001,4520,4569,5480,5648,5913,5914,6846,7358,7928,7929,8320,8693,9069,9472,9809,10120,10202
340	1904,5970,5971
341	2378,4479,8732
342	9003
343	3714,5324,5325,5879,6006,8636,9022
344	204,466,1290,2210,4582,4625,5732,6012,6013,7094,7487,7773,7866,8891,9159,9999
345	776,1429,1518,2046,2047,2304,2305,2324,2325,2330,2983,2988,3566,3567,4911,4912,4930,4943,4944,5239,5364,5365,6063,6064,6163,6164,6425,6866,7137,8464,9247,9248,9592
346	152,189,218,633,634,902,1089,1199,1406,1543,1782,1919,2253,2816,2826,2839,2903,2931,3009,3033,3305,3312,3327,3481,3648,3706,3707,3867,4407,4428,4536,4569,4627,4895,4997,5503,5706,5761,5772,5980,6073,6486,6800,6827,7130,7133,7325,7753,7778,7848,7865,8344,8393,8542,8545,8715,8723,8776,8848,8968,9141,9462,9639,10007,10079,10157
347	6083,7423
348	1066,1386,1395,1871,5817,6095,6099,6100,6231,7262,8196,9973
349	6108
350	3106
351	1180,1183,1443,2280,4206,4207,4715,4798,4800,5126,5127,6116,6125,6127,6139,6140,6185,6186,7450,7452,8334,9566,9567
352	2273
353	486,2670,3337,3733,4899,4900,5619,5620,5621,6132,6133,6134,8229,8230,8274,8275,8660,9416,9781
354	2782,4951
355	784,946,3207,4903,6123,6149,9279,9746
356	296,842,845,1114,2640,2643,4088,5515,5660,5661,5885,6151,6157,7579,7762,7763,10190
357	567,1367,1674,1982,3190,4366,5934,6180,6181,6228,7090,9113,9732
358	199,536,692,789,809,1053,1239,1400,1673,1877,2061,2138,2691,2788,3046,3978,4043,4167,4891,5010,5045,5631,5632,5633,5773,5972,6185,6188,6189,6190,6191,6241,6524,6943,7427,7428,7450,7500,7641,7728,8313,8329,8835,8892,8893,8894,9243,9418,9423,9493,9583,9659,9670,9690
359	435,1599
360	2331,6207,6208
361	4463,6266,6267,8482
362	319,321,879,2170,2705,3289,3394,4348,4755,5662,6104,8501,8769,9134
363	181
364	312,459,672,1916,2255,2492,2589,5261,6125,6300,6301,6302,6303,6304,6441,6606,6616,7422,8401,8951,9163,9238,9681,9761
365	304,829,1151,2756,3892,5863,6256,6320,6323,6326,6327,6328,6409,6557,7141,7379,7554,7705,7988,8368,8466,8515,8786,9476,9628,9868
366	703,801,1597,1725,3675,4321,4335,4502,4759,5035,5220,6334,6335,6727,6954,8948
367	2712,6354
368	2315,2618,3229,6374,6375,6376,6378,8337,9074,9355,9356,10233
369	2214,8424
370	656,960,961,1099,2591,3774,4403,4529,5223,6417,6418,8666,9956
371	73,2066,2660,3841,4191,4281,5689,6431,6432,6433,6434,7913,8878
372	3652
373	4068,4530,6474,6475,6476,7740,8443,9590
374	8975
375	3387,4080,4095,4849,5524,9935
376	6779
377	442,581,1629,2088,2159,2224,2611,4525,4545,4548,4649,4982,4991,5357,5366,6372,6403,6560,6561,6920,7969,8606,8686,8826,9139,10033
378	6570,6572
379	6612
380	1143,6622
381	1879,2654,3063,5538,5932,6635,6638,6639,8440
382	48,107,110,239,240,245,330,364,365,366,367,523,564,586,599,602,606,610,619,620,632,664,779,795,840,842,973,1090,1102,1134,1202,1207,1425,1531,1532,1611,1645,1829,1839,1863,1927,1977,1979,1993,1996,2021,2022,2023,2117,2118,2169,2171,2411,2524,2633,2634,2651,2652,2707,2726,2866,2884,2886,2891,2919,2941,2943,2975,2984,3280,3286,3305,3319,3338,3352,3368,3386,3430,3458,3580,3588,3694,3728,3865,3929,4067,4088,4113,4155,4161,4177,4193,4206,4293,4302,4324,4456,4489,4680,4682,4809,4883,4946,5056,5064,5069,5091,5109,5201,5206,5207,5223,5259,5292,5295,5296,5462,5528,5529,5609,5610,5614,5712,5748,5834,5893,5949,6005,6115,6141,6332,6356,6388,6642,6643,6644,6645,6646,6647,6648,6649,6650,6651,6652,6653,6654,7023,7107,7158,7220,7320,7437,7518,7551,7694,7849,7851,7889,7930,7931,7971,8004,8169,8319,8497,8629,8658,8667,8704,8798,8820,8879,9067,9107,9110,9135,9165,9381,9382,9404,9405,9611,9853,9864,9911,9984,10224,10234,10242
383	3465
384	173,1033,1635,1661,1777,1832,1900,1995,2350,2448,2588,2742,2907,3265,4360,4465,4970,5069,5185,5228,5442,5526,5744,5771,6045,6051,6052,6066,6439,6677,6686,6687,6688,6906,6908,6957,7232,7593,7849,8039,8107,8146,8261,8264,8409,8577,8825,9062,9677
385	59,1670,5792,5887,6024,6477,8007,9220
386	499,1558,5250,8576
387	328,551,552,717,899,900,1021,1022,1602,1648,1649,1650,1651,1652,1949,1950,2067,2068,2135,2300,2301,2338,2339,2696,2699,2739,2740,2818,2819,3023,3024,3653,3908,3909,3918,5174,5224,5238,5694,5695,6045,6046,6236,6659,6660,6753,6754,7462,7507,7615,8839,8840,9122,9494,9495,9609,9610,9624,9626,9668,9669,10089,10136
388	61,1302,1333,1624,2989,3176,3810,4416,4450,4562,4605,4934,5151,5240,5864,6712,6789,6853,6854,6962,7305,7354,7629,7853,7895,7980,8237,8954,8988,9764,9865,10197
389	64,1818,5837,6782,8380
390	3620,3621
391	6805
392	6808
393	3088,5988,6534,6811,6812,7339,10004
394	6813
395	6815,7737
396	965,1603,4008,4334,4353,5937,6235,6363,6762,6818,6819,6820,7201,7258,7290,7356,8412,8437,8717,8819,10177
397	454,569,1426,1637,1668,1680,1777,2011,2207,2561,2595,2864,2895,3318,3341,3868,4137,4224,4413,4639,4660,4683,4960,5141,5625,5684,5854,6487,6678,6682,6867,6909,7450,7611,7666,7668,7670,7674,7676,7677,7678,7687,7766,7865,8122,8422,9174,9188
398	1983,3231,6142,6893,6894,6895,7750
399	1254,4308,5235,6676,6684,6692,6823,6910,8916,9082,9449
400	6923
401	73,3506,4411,6939,6940
402	1265,1793,4690,6944,6945,7511,9663
403	385,463,666,757,1182,1259,1669,1798,2100,2239,2400,2405,2439,2497,2984,3614,3735,3761,4071,4109,4314,4632,4839,4975,5369,5611,5939,6627,6690,6946,6950,6951,6952,7390,7394,7414,7502,8348,8615,8847,9005,9313,9686,10012,10181,10237
404	128,762,2278,2581,2755,3082,3722,3991,3999,4445,4640,6698,6963,6964,6965,9078,9748
405	1787
406	2266,5477,5572,6138,6975,6976,9500
407	6977
408	71,289,2465,3287,3878,4134,4212,5157,5401,5568,5702,7000,7003,7004,7005,9129,9835
409	1636,4518,5791,7040,7041,7947,8080
410	147,986,987,1666,1863,2259,2467,2641,3146,3799,4461,5110,5301,5303,5338,5524,5728,5847,6391,6480,6764,7049,7275,7838,7867,8146,8651,9779,9787,9989,10160
411	1412,2254,4739,9284,10103
412	7072
413	10039
414	667,1305,1816,1858,1955,2911,3051,3638,4315,4991,5608,5810,5866,6791,6959,7113,7114,7115,7167,7425,7746,8443,8493,9216,9287,9419,9420,9421
415	1467,1504,1800,1801,2065,2174,2218,2219,3457,3684,3888,4716,4929,5270,5318,5767,5838,5849,5862,5867,6072,6700,7122,7123,7124,7125,7711,7976,8009,8487,8546,8547,8562,8647,9362,9482,9483,9497,10079
416	715,4006
417	971,1781,2577,2793,2855,5535,6520,6523,7684,7717,7718,7923,8583,8742,9425
418	7169
419	7208
420	7211
421	4647,8371
422	5683,5743
423	7219
424	1135,1699,1911,2750,2768,3487,3605,4574,4853,5891,6209,7926,8443,9424,9428
425	1560,2728,2768,2771,3598,3604,3997,4295,5445,7250,8413,8416,8941
426	1644
427	3736,7245,7247
428	224,345,346,2486,3079,3208,3893,5487,7144,7256,9160,9492,9629,9736
429	7262,8376
430	517,6890,7266,8560
431	4330,9863
432	8434
433	193,277,551,753,2086,2311,2422,2887,3333,3405,3427,3655,3870,4325,4707,4798,4933,5181,5182,5183,5347,5731,6176,6972,7017,7136,7282,7283,7285,7461,8007,8010,8084,8263,8267,8474,9537,9602,9917
434	4222,4223,7034,7612,8880
435	318,767,851,1223,1225,1238,1814,3678,4482,4554,5428,6085,6125,6607,6717,7209,7255,7299,7353,7783,8194,8321,8653,8848,8849,9523,9617,9873,9904,10027,10168
436	80,1669,2106,3413,5875,5972,6922,7278,7311,7312,9181,9354,9466
437	7259
438	755,3385,4409,6136,6272,7448,7450
439	66,73,2048,2049,2050,2051,2052,2719,3202,3505,4803,6007,6350,7129,7472,7591,7743,7764,8904,9705,9743,9954,10041
440	305,307,308,309,740,805,1433,1461,1499,1597,1653,2121,2191,2192,2193,2289,2314,2477,3011,3012,3013,3014,3194,3365,3691,4021,4448,4558,5370,5418,5419,6279,7108,7474,7475,7476,7942,7943,8856,9083,9441,9581,9625,10094
441	7489
442	2060,2166,2167,2456,6019,6027,6028,7272,7478,7643,7927,8461,8533,9668
443	7415
444	566,1794,5027,5030,5889,7498,9090,9191,9246,9249
445	457,935,4392,5229,7526,7527,7528,7985,9038,9039,9040,9683,10019
446	923,1030,1044,1170,1955,2102,2216,2934,3328,3329,3450,4666,5051,5611,5835,6067,6159,6241,6539,6875,7045,7534,7536,7538,7901,8321,8360,8361,8362,8364,8366,8367,8681,8753,8954,9325,9390
447	747,1819,1859,1953,2040,2125,3305,3750,4648,4762,4797,5472,5849,5911,6045,6058,6179,6796,7539,7540,7541,7957,8508
448	125,318,914,970,4023,4461,5223,5524,7044,7542,7543,7544,7745,9309,9781
449	133,1396,1868,2018,3034,3063,3907,3987,4532,4538,4814,5851,6528,6810,7552,7556,7911,8117,8118,8161,8320,8858,8988
450	2601
451	3467,4461,4466,4697,5223,6130,6234,7559,7560,8452,9152,9781
452	3718
453	871,962,996,1010,1054,1509,1704,2163,2571,2716,2732,2837,3007,3360,3961,3984,4493,4850,5294,5616,6011,6193,6309,7333,7601,7602,7603,7941,7992,7997,9260,9641,10066,10255
454	58,624,625,1298,1637,2024,2075,2298,3684,3732,4068,4530,4551,5099,5223,5448,5569,5612,5748,6026,6295,6582,6588,7109,7634,7635,7636,7638,8369,8664,8665,8747,8860,9492,9781,9843,9846,10079
455	1219,3098,3451,4431,5027,5938,6299,6763,7163,7637,7642,8435,9596
456	2603,6178
457	9928
458	2225,7686,7741
459	1301,3890,7014,7690,7691,7692,7693,9922
460	131,1300
461	7724
462	72,123,141,193,232,340,341,342,358,524,526,534,883,1313,1500,1501,1527,1603,1726,1939,1967,2710,2886,2920,3207,3281,3337,3448,3748,3870,3908,4068,4089,4391,4461,4529,4590,4673,4887,4926,5189,5319,5340,5524,5538,5705,5742,5795,6236,6312,6497,6767,6876,7065,7140,7274,7323,7429,7454,7519,7567,7725,7726,7727,7729,7731,7732,7738,7739,7882,7949,8426,8719,8763,8852,8864,8865,8897,8919,9215,9358,9386,9492,9580,9781,9833,10011,10134
463	455,1082,1905,3679,5656,7024,7062,7784,7799,7800,7801,7802,7803,7804,7933,8416,8637,8915,9351,9492,9589,9903,9962
464	7808
465	3043,4579,5083,5652,6125,7103,7473,7613,7819,9034,9035,9385,9720
466	7502
467	977,2882,2897,2915,2916,3438,6135,6306,7310,7605,7883,8156,8253,9057,9988
468	132,744,1006,1063,1545,2123,2144,2162,2419,3048,3143,3145,3472,3478,3498,4014,4288,4664,5558,6658,6736,6803,7386,7748,7890,8466,8803,9146,9541,9769,10016,10078,10133
469	4503,4757,8372
470	1691
471	215,369,370,571,600,738,745,830,892,1089,1247,1293,1304,1306,1339,1341,1411,1465,1632,1679,1683,1779,1942,2173,2228,2276,2344,2444,2586,2614,2720,2758,2817,2828,2942,3010,3066,3117,3251,3367,3414,3470,3583,3688,3775,3779,3786,3855,3923,3924,4015,4019,4026,4114,4140,4218,4294,4461,4514,4523,4524,4530,4542,4550,4567,4580,4836,5028,5111,5160,5168,5481,5560,5705,5745,5747,5793,5954,6160,6192,6340,6341,6342,6343,6344,6345,6395,6409,6473,6557,6565,6571,6623,6624,6956,7048,7055,7127,7143,7288,7316,7565,7665,7672,7681,7765,7781,7855,7954,7955,7956,7990,7994,8251,8266,8511,8512,8522,8670,8672,8730,8833,8926,8939,8942,8993,9024,9116,9118,9128,9361,9377,9467,9478,9682,9781,9842,9906,9907,9984,10017,10018,10117,10129,10138,10179
472	223,225,572,751,752,1020,1038,1039,1186,1475,1637,2138,2547,2772,2789,2798,3037,3294,3337,3464,3845,3986,4476,4526,4893,4913,4961,5075,5223,5316,5421,5855,5994,6054,6059,6118,6145,6146,6153,6220,6338,6402,6525,6664,6831,7843,7984,8012,8207,8393,9230,9388,9644,9781,9787,9831
473	7101
474	1284,1286,1291
475	4045,8479
476	278,388,492,549,550,562,584,721,769,867,957,1009,1065,1267,1417,1506,1585,1644,1750,1944,1980,1994,2208,2283,2352,2357,2549,2594,2899,3069,3475,3619,3654,3777,3852,4098,4209,4234,4298,4309,4642,4704,4761,5019,5223,5501,5603,5726,5744,5963,6147,6269,6522,6540,6559,6771,6774,6896,6936,7031,7363,7460,7626,7652,7684,7814,7843,8017,8018,8019,8068,8351,8418,8518,9408,9562,9760,10079,10169,10245
477	234,238,847,848,2762,2763,4569,6121,6122,7032,7033,7100,7300,7301,7826,7827,8701
478	557,582,1117,1603,3484,3943,8020,8663,9186,9951
479	907,1840,2008,5036,5628,8021,8022,8404,9296,9661,9662
480	123,138,175,193,359,412,556,590,648,650,699,728,754,783,835,904,926,964,970,982,1035,1199,1254,1260,1384,1401,1446,1447,1450,1453,1482,1497,1597,1658,1713,1730,1741,1751,1772,1821,1833,1844,1920,2083,2130,2134,2138,2183,2189,2205,2237,2245,2270,2306,2314,2332,2334,2341,2354,2407,2412,2430,2434,2532,2598,2658,2699,2731,2825,2886,2901,2906,2910,2928,2950,3023,3029,3108,3118,3147,3160,3176,3181,3258,3305,3332,3380,3398,3430,3431,3494,3495,3496,3595,3608,3632,3686,3713,3785,3799,3807,3853,3866,3908,3936,3937,3940,3989,4038,4049,4051,4053,4055,4056,4057,4060,4062,4076,4132,4148,4160,4180,4202,4211,4255,4263,4265,4305,4312,4313,4461,4472,4568,4593,4601,4603,4635,4644,4645,4695,4698,4699,4700,4701,4702,4763,4778,4779,4780,4781,4782,4783,4807,4847,4856,4891,4892,4906,4946,5017,5070,5114,5179,5225,5240,5244,5245,5302,5311,5341,5367,5423,5525,5556,5593,5623,5627,5636,5726,5731,5734,5758,5784,5844,5849,5899,5934,5992,5999,6023,6030,6036,6037,6086,6167,6171,6172,6195,6210,6251,6255,6278,6308,6371,6482,6587,6619,6629,6668,6670,6681,6706,6880,6882,6902,6907,6994,7016,7102,7112,7117,7120,7271,7294,7295,7335,7467,7482,7483,7656,7811,7822,7823,7847,7855,7898,7905,7961,8023,8024,8025,8026,8027,8028,8029,8030,8031,8032,8033,8034,8035,8036,8037,8038,8040,8041,8152,8153,8154,8158,8288,8289,8319,8324,8336,8384,8402,8457,8463,8513,8524,8525,8526,8614,8631,8638,8663,8716,8751,8760,8876,8897,8908,8912,8917,8958,8989,9073,9103,9108,9121,9173,9189,9206,9234,9235,9236,9250,9327,9334,9335,9336,9384,9403,9429,9660,9668,9674,9724,9758,9781,9814,9820,9937,9941,9958,9968,10052,10056,10082,10247
481	237,535,548,1671,3315,3541,4154,5330,8044,9651
482	1641,1642,1643,3739,3741,6198,6199,7368,7370,7374,9535,9536,9664,9665
483	2036,2333,2902,3395,4465,5219,5849,5979,6772,7843,8066,9781,10079
484	928,1851,2297,3002,4252,5884,6129,6224,6517,7011,8070,8071,8072
485	8077
486	63,318,688,1530,1557,1656,1785,1929,2351,2525,2929,2977,4035,4193,4569,4963,5105,5106,5123,5192,5362,5395,5449,6263,6769,7034,7098,7128,7150,7171,7640,7708,7790,7978,8007,8082,8083,8223,8309,8339,8453,8514,8810,8900,9378
487	75,103,104,105,106,109,111,112,113,130,236,280,281,293,297,298,389,404,449,478,489,508,639,653,689,695,708,846,874,901,908,984,985,1034,1058,1073,1090,1102,1126,1144,1261,1294,1337,1372,1416,1466,1519,1629,1647,1654,1655,1660,1667,1712,1735,1890,1891,2057,2105,2271,2285,2333,2440,2441,2482,2514,2526,2527,2661,2688,2689,2904,2961,2976,3043,3044,3104,3114,3208,3305,3364,3390,3425,3491,3500,3584,3684,3703,3757,3766,3781,3913,4001,4018,4133,4190,4261,4287,4414,4423,4451,4490,4492,4555,4572,4617,4692,4815,4816,4821,4827,5012,5054,5055,5077,5113,5115,5132,5167,5200,5240,5268,5422,5474,5480,5490,5491,5493,5566,5604,5750,5849,5923,5963,5990,5991,6014,6098,6183,6203,6264,6366,6466,6467,6557,6562,6593,6596,6608,6624,6667,6748,6800,6836,7160,7161,7205,7337,7400,7407,7417,7442,7557,7571,7574,7755,7774,7788,7789,7791,7792,7793,7794,7796,7797,7798,7935,7939,8086,8222,8231,8243,8258,8387,8389,8396,8450,8456,8458,8473,8748,8775,8795,8809,8843,8861,8863,8906,8973,8974,9018,9088,9093,9112,9154,9214,9245,9297,9391,9441,9612,9695,9697,9781,9821,10000,10031,10036,10053,10054,10055,10093,10183
488	8089
489	1105,1310,1405,1408,1409,2342,3860,4669,4804,5635,8092,8094,8561
490	166,636,725,746,1217,2087,2293,3430,4034,4098,4461,4572,5226,5524,5849,6095,7843,8096,8097,8098,8314,8668,8685,9781,9786,10079,10156
491	4830
492	855,976,1274,1275,3101,3908,4956,5426,6158,6702,6877,6881,7097,8478,8509,9027
493	337,2443,2506,4052,4058,4063,4841,6050,6968,7631,8045,8046,8108,8109,8111,9017,9351,9352,10149
494	67,495,792,794,891,1036,1580,1932,1997,3149,3447,4096,4670,5069,5095,5645,5869,6527,7031,8119,8120,8707,8889,9105
495	5212
496	4970,6110,9010,9259,9672
497	696,1918,2453,3583,4406,5066,5543,5670,5671,5672,5675,5685,5701,5769,5998,7145,7973,8135,8144,8145,8147,8408,8870,9081,9442,9542
498	842
499	1976,3794,4391,4461,4793,5223,5524,7835,8166,8167,8926,9778,10079
500	73,123,144,402,551,1127,1430,1616,1638,1678,1978,2420,2511,2714,2725,2809,3078,3208,3305,3323,3337,3430,3503,3518,3637,3730,3762,3946,4009,4025,4036,4177,4292,4461,4483,4529,4570,4613,4650,5316,5359,5449,5486,5524,5605,5739,5741,5751,5839,5963,6068,6095,6125,6426,6568,6691,6780,6981,7197,7406,7508,7517,7530,7960,7998,8170,8171,8172,8233,8234,8301,8432,8646,8758,8988,9130,9138,9330,9467,9724,9726,9781,9991,10079
501	123,124,129,316,1863,1864,1912,2129,3305,3307,3849,3851,4185,4868,4869,4870,4876,4877,4878,4879,5849,5850,6095,6096,6125,6236,6758,6759,6848,7088,7089,7843,7844,8174,8175,8176,8177,8178,9781,9782
502	140,1048,1060,1095,1168,1248,1604,2468,2582,3827,4637,4693,5077,5755,6004,6039,6043,6108,6173,6175,6196,6412,7279,8179,8180,8182,8282,8436,8810,8937,9715,9781,9941,10077
503	97,559,1050,1100,1388,1399,1561,1690,2539,2878,3064,3611,3618,3881,4079,4412,4904,5107,5156,5879,6017,6065,6069,6248,6424,6522,6703,7091,7182,7226,7257,7684,7876,8183,8249,8322,8448,8494,9089,9428,9430,9490,9849,9980,10029
504	329,525,785,2091,2302,3461,3639,3834,6049,6669,6889,8185,8186,8187,8188,8189,8190,8192,8622,9908
505	1454,4475,4966,4992,7453,7497,7620,8195
506	121,336,777,1152,1361,2371,2504,2745,2791,3080,3102,3144,4484,4857,5189,5997,6655,6755,6886,7073,7126,7168,7210,7434,7607,8155,8200,8201,9020,9314
507	1383,1387,2699,3305,3684,4506,4569,5228,5849,6732,7081,7176,7361,7589,7843,8202,8205,9543,9544,9986
508	749,989,1109,3558,3651,4352,5846,6288,6723,7576,8206,9126
509	73,186,665,958,1132,1153,1422,1634,2870,3644,3962,3963,4002,4003,4045,4093,4094,4380,4387,4429,4511,4696,4756,5081,5082,5480,5532,5655,5711,5798,5874,5928,6169,6170,6202,7179,7180,7181,7217,7351,7651,7660,7661,7662,7768,7877,7879,8209,8210,8211,8212,8213,8214,8215,8216,8319,8378,8632,8633,8745,8817,9023,9605,9955,10244
510	2572,8226
511	1268,1441,1442,1743,4084,7340,7680,8227,8232,8613,8953,9856
512	519,1002,1777,3207,5729,5730,7355,7554,8241,8242
513	791
514	8280
515	8286,8287,9615
516	4375
517	9290,9291
518	1255,1594,2563,3476,4069,4326,4774,6806,8292,8294,8295
519	382,1131,4953,7013,8901,9881
520	76,402,2949,3507,3939,3942,4415,8308,9130,10158
521	171,334,491,509,521,585,706,917,1146,1154,1187,1222,1336,1458,1496,1724,1755,1760,1761,1762,1763,1764,1765,1766,1767,1820,1842,1863,1903,2030,2031,2037,2058,2059,2131,2303,2387,2529,2559,2680,2697,2767,2944,3038,3085,3124,3196,3278,3342,3343,3402,3430,3452,3455,3525,3563,3696,3757,3806,3883,3900,4088,4103,4153,4176,4270,4287,4327,4328,4460,4461,4604,4752,4767,4775,4808,4824,4825,4826,4946,4987,5024,5061,5088,5096,5198,5199,5202,5209,5210,5218,5340,5450,5484,5557,5574,5681,5724,5726,5836,5849,5858,5917,5986,5996,6029,6042,6044,6048,6055,6095,6212,6274,6405,6411,6479,6589,6751,6822,6851,7022,7029,7087,7329,7330,7331,7332,7537,7588,7697,7812,7836,7837,7849,7950,7951,7952,7953,7958,7963,7964,7972,7975,8054,8055,8056,8057,8058,8059,8060,8061,8062,8123,8157,8323,8325,8326,8380,8384,8410,8504,8636,8659,8662,8669,8671,8673,8676,8678,8695,8697,8699,8703,8705,8706,8731,8768,8779,8822,8823,8824,8895,8908,8932,8982,9019,9070,9094,9098,9101,9119,9240,9306,9369,9406,9407,9649,9650,9728,9777,9813,9825,9832,9870,9871,9872,10189,10223,10253
522	3612,8350
523	8352,8353,8354
524	1609,3667,6227,8365
525	7287,9168
526	8423,8425
527	334,1149,4480,4516,8451
528	478,551,640,915,945,2164,3410,4101,4130,4678,4689,4842,5517,6123,6236,7014,7917,8220,8221,8468,8469,8470,8475,8954,9244,9496,9667,9950,10128
529	2616,8496,8523,8528,8529
530	3089,3291,3392,4382,5563,7192,7870,8151,8534,8536,8537
531	719,8539
532	5926
533	136,2139,3192,7334,8244,8548
534	851,1285,2269,3210,8549,8550,9127,9315,9316,9317,9320
535	5561,9011
536	2499,9930
537	1908,2307,6410,8565
538	607,608,609,1158,1159,1776,4285,4286,4329,5124,5188,5190,5471,5521,5524,6694,6695,7810,7843,8063,8065,8124,8125,8278,8471,8472,8563,8564,8567,8568,8569,8570,8584,8591,8604,8605,8717,8718,8721,8722,8738,9337,9338,9578,9579,9694,10052,10060
539	161,952,4980,6268,8420,8597,8598,8997
540	8580
541	1208,1976,5402,5739
542	8631
543	680,681,723,724,3316,4712,4713,4714,4915,4916,6219,8279,8949
544	3219
545	7769,7965,7966,7967
546	2971,5467
547	170,2997
548	6611,8771,9874
549	70,82,84,123,202,453,596,597,598,618,623,626,627,635,654,655,804,1142,1231,1232,1631,1778,1834,1849,1863,1947,1968,2138,2368,2375,2447,2459,2475,2546,2700,2715,2767,2847,2868,3157,3308,3490,3502,3507,3510,3708,3709,3756,3870,3927,3935,4177,4444,4520,4528,4562,4564,4565,4566,4569,4577,4651,4719,4773,4848,5225,5507,5524,5590,5802,5849,5963,6095,6165,6182,6414,6446,6663,6749,6897,7025,7212,7239,7264,7321,7344,7383,7664,7832,7843,8073,8074,8075,8076,8077,8262,8426,8616,8621,8710,8780,8781,8782,8783,8832,8931,8988,9021,9031,9310,9363,9432,9489,9504,9554,9588,9606,9713,9756,9812,9923,9941,9981,10079
550	8816
551	2150,2188,2244,8836
552	8844
553	972,1070,1657,1732,1739,1956,1976,2200,2367,2628,2861,3090,3338,3344,4764,4997,5437,5657,7067,7286,7426,8125,8617,8810,8850,8851,8898,9115,9532
554	2425,5046,5049,5849,5873
555	344,4289,8935,8936
556	1185,2017,4461,5227,7034,7843,8990,8992,9862,9879
557	2136,6529,6530
558	2201,3610,4396,9037,9217
559	68,1670,2186,2951,3705,3958,4421,4652,5650,6968,7077,7482,7503,7529,7714,8642,8643,8927,9047,9048,9049,9051,9053,9218,9415,9417,9629,10221
560	408,1860,1880,2537,3528,4922,5336,5342,6599,9059,9060,9061
561	2600,9064,9065,9066
562	9079
563	1895,2395,4557,4884,5038,6665,9229
564	6389
565	81,591,740,1103,1612,1926,2012,2013,2015,2216,2936,3583,4941,5013,5403,5530,5616,5877,6419,6611,6620,7056,7532,7554,8321,8952,9170,9734,9808,9908,9909,9910,9979
566	2366
567	476,531,911,1319,1511,2463,2464,2699,2718,3032,3135,3792,3793,3797,4040,4213,4374,4465,4505,4615,5063,5223,5531,5950,5951,6506,6857,7138,7744,8293,8395,8571,9231,9232,9233,9239,9505,9506,9573,9755,9855,10243
568	7303,7304,7780
569	325,464,568,739,841,1597,2369,2370,2372,2373,2374,2440,2569,2617,3473,3486,3544,4453,4522,4999,5436,5439,5849,5895,5922,5993,6129,6174,6226,6393,6394,6505,7343,8602,8661,9211,9252,9254,9757,9969,10049
570	9256
571	941,9277
572	9278
573	3230
574	8650,9300
575	9307,9308
576	1718,2181,2202,2388,2678,3384,4509,4549,4659,5756,6829,8164,9321,9322,9716,9735,9749,9990
577	743,880,1246,1963,3956,4009,4107,4941,5700,6310,7209,7761,7968,9329,9331,9706
578	6177,9344
579	5775
580	1321,6470,8688
581	142,716,1254,1812,3209,4100,5538,7106,7207,8443,8954,9397,9398,9399,9427
582	9400,9401
583	142,171,326,1151,1333,2038,2104,2727,2830,2954,3025,3083,3270,3975,4337,4449,4681,6800,8441,9413,9414,9983,10042
584	2164,5613,5738,9525
585	451,931,1548,2243,2869,3123,3309,3559,3650,3742,4068,4119,4477,4533,4598,4618,5223,5317,5638,5639,8532,8746,9444,9445,9446,9447
586	6605,9458
587	4469
588	96,378,707,991,1176,1257,1813,2296,2490,2512,2596,2742,2867,3217,4641,4668,5223,5316,6111,6216,6896,7165,7265,7300,8383,9552,9685,9986
589	1086,1659,1902,2347,2396,2445,2604,2925,3047,3640,3716,3767,4135,4271,4344,4994,5189,5326,6081,6082,6194,6242,6481,6776,7014,7382,8465,8488,9390,9575,9576,9577,9584,9604,9689,9850,9866
590	8329,9598,9599
591	452,1709,2033,2098,2155,2165,2182,2450,2764,3088,3262,3612,3624,3712,4068,4204,4249,4894,4928,5258,5607,5962,6015,6236,6271,6607,7189,7552,7649,7703,7919,8320,8356,8447,8620,8787,8960,9392,9469,9470,9477,9569,9646,9647,9781,10053
592	320,816,839,1013,1083,1300,1512,3212,3692,3758,3759,3821,5567,5779,6336,6502,6712,7468,7488,9652,9653,9654,9671,9675,9678,9692
593	1937,2223,5159,7830,8582,8724,8945,9537,9734,9739,10180
594	2026
595	8736
596	4559,4684,8312,9774
597	9782
598	2019,5469,7621,8316,9793,9794,9795,9796
599	372,436,1065,1276,1565,1644,2423,2587,3327,3773,3790,4995,5009,5255,6018,6404,6698,6887,6924,7418,7824,8733,8986,9798,9799,9800
600	9810
601	2814,7477,9817,9818
602	1302,1344,2077,2694,3751,4125,4126,5912,5921,5926,6125,6795,7683,7907,7918,8081,8418,8572,9042,9267,9614,9737,9834,9847,9848,10170
603	5021,5067,5068,7891,7892,7893,9859,9860
604	343,1107,7707,8609,8795,9792,9920
605	9950
606	921,995,2676,3159,3370,4594,4920,7254,7308,8240,8260,8319,8926,9811,9916,9917,10047
607	9921
608	1737,9942
609	807,9944
610	6382
611	74,118,1303,2258,3043,3363,4605,4925,5069,5121,5316,5340,5416,5435,5485,5987,6280,6296,6679,6786,6799,7205,9275,9727,9747,9892,9964,9966,9967
612	9977,10001
613	10037,10038,10040
614	145,694,998,1143,4935,8168,10043,10044,10045
615	9286
616	3575,3576,6293,8834,9718,10063,10064,10065
617	3347,3891,8928,9050,9052
618	1104,1141,1297,10095,10096,10099
619	10109,10110,10121
620	3295,10112
621	1074,1526,3273,10140,10141
622	803,1626,2435,2513,3331,3527,3726,5118,7205,7446,7600,8984,10142,10143,10150,10151,10192,10246
623	10176
624	1258
625	905,1156,3084,3572,4881,4992,5240,5506,7868,9266,9504,10195,10196
626	2444,3043,4373,4394,8481,10217,10218,10219,10220
627	145,187,405,488,1098,1236,3121,3305,3701,4768,5223,5230,7007,7716,7722,8933,8934,9182,9357,10226,10227,10228
628	1314,6632,9466
629	1677,1998,2570,3719,4310,4311,7015,7646,9978,9979,10235,10236
630	983
