county	schoolName
0	1155,2713,3246,3599,5790,6229,6430,6766,8433,8947,9684
1	48,107,110,163,164,165,166,168,169,176,177,178,179,224,230,239,240,245,279,324,330,334,345,346,356,363,364,365,366,367,368,403,444,467,513,523,554,555,558,564,586,599,602,606,610,619,620,632,636,656,664,685,725,746,779,780,781,795,797,840,842,893,894,895,896,897,960,961,973,1015,1052,1084,1090,1099,1102,1108,1134,1145,1199,1202,1207,1209,1217,1254,1311,1312,1392,1393,1425,1531,1532,1533,1534,1535,1536,1537,1538,1589,1611,1635,1645,1646,1733,1738,1753,1804,1829,1839,1863,1927,1946,1977,1979,1993,1996,2021,2022,2023,2055,2056,2082,2087,2099,2117,2118,2126,2141,2142,2169,2171,2293,2312,2347,2355,2359,2411,2478,2486,2524,2565,2566,2591,2592,2629,2630,2632,2633,2634,2635,2651,2652,2679,2685,2686,2687,2699,2707,2726,2820,2822,2866,2884,2886,2891,2892,2893,2896,2914,2919,2941,2943,2974,2975,2984,3079,3088,3092,3208,3234,3280,3286,3293,3305,3310,3314,3319,3324,3334,3338,3352,3368,3386,3389,3430,3458,3545,3546,3574,3580,3588,3613,3661,3684,3694,3728,3772,3774,3846,3862,3865,3893,3896,3902,3919,3920,3929,3966,3988,3994,4034,4065,4067,4088,4098,4106,4113,4155,4156,4161,4177,4189,4193,4206,4272,4290,4291,4293,4302,4324,4343,4355,4357,4376,4377,4390,4403,4408,4422,4424,4456,4461,4470,4471,4489,4496,4515,4529,4530,4537,4540,4541,4560,4569,4572,4616,4628,4665,4680,4682,4769,4809,4819,4830,4846,4883,4946,5056,5064,5069,5085,5091,5098,5109,5112,5130,5154,5201,5206,5207,5223,5226,5228,5259,5275,5276,5292,5295,5296,5339,5343,5354,5358,5462,5487,5511,5524,5528,5529,5575,5609,5610,5614,5673,5712,5726,5727,5746,5748,5749,5780,5811,5834,5849,5893,5949,5995,6005,6056,6057,6061,6062,6095,6115,6141,6254,6297,6332,6351,6356,6385,6388,6417,6418,6449,6518,6595,6642,6643,6644,6645,6646,6647,6648,6649,6650,6651,6652,6653,6654,6679,6722,6844,6845,6852,6864,6949,6973,6974,7010,7023,7027,7071,7107,7144,7157,7158,7159,7161,7162,7203,7220,7256,7320,7349,7350,7437,7484,7518,7522,7523,7547,7549,7551,7553,7694,7698,7699,7777,7843,7849,7851,7856,7889,7910,7920,7925,7930,7931,7946,7971,8004,8096,8097,8098,8099,8100,8101,8102,8169,8257,8270,8291,8314,8319,8459,8497,8607,8624,8629,8658,8666,8667,8668,8677,8682,8683,8685,8698,8700,8704,8728,8729,8766,8793,8798,8810,8820,8821,8829,8879,8899,8908,9067,9071,9093,9095,9096,9099,9100,9106,9107,9110,9111,9135,9160,9165,9167,9169,9212,9213,9228,9269,9364,9381,9382,9383,9404,9405,9448,9468,9492,9529,9530,9611,9623,9629,9655,9719,9736,9760,9771,9781,9783,9786,9833,9853,9864,9911,9956,9979,9984,9992,10006,10010,10021,10079,10112,10156,10204,10224,10225,10234,10242
2	344,520,4289,4331,4332,4391,4393,6230,7169,7208,7262,8376,8935,8936
3	91,108,730,936,949,950,951,965,1004,1233,1564,1584,1603,1676,1747,1748,1749,1754,1811,2053,2578,2579,2580,2898,2987,3065,3610,3740,3964,4008,4166,4168,4169,4170,4319,4334,4353,5039,5266,5313,5669,5719,5849,5859,5937,6235,6352,6363,6567,6634,6637,6762,6818,6819,6820,6926,6927,6928,6929,6989,6991,6992,6993,6995,6996,6997,7034,7174,7201,7216,7249,7258,7286,7290,7356,7648,7873,8363,8394,8412,8437,8440,8717,8819,8957,9976,10079,10177
4	181,675,1092,1283,1284,1286,1289,1291,1292,1551,1552,2042,2337,3603,3921,4469,5705,6083,7423,8001,9488,9869
5	501,1964,1965,1966,3499,3666,4299,4425,5280,5807,5808,5809,7164,7345,7346,10037,10038,10040
6	58,98,99,100,114,122,171,212,229,285,468,469,470,471,472,624,625,683,723,793,827,842,865,934,980,981,1001,1018,1086,1101,1115,1182,1227,1298,1303,1333,1343,1358,1365,1456,1474,1596,1637,1705,1852,1933,1940,2007,2024,2025,2026,2075,2103,2122,2138,2158,2180,2241,2298,2317,2320,2347,2376,2377,2414,2415,2416,2417,2438,2483,2507,2516,2533,2602,2636,2681,2708,2722,2760,2770,2778,2856,3063,3084,3193,3207,3211,3225,3321,3328,3337,3401,3433,3453,3465,3590,3622,3684,3718,3721,3732,3736,3820,3828,3844,3848,3951,3972,4004,4005,4010,4042,4045,4068,4079,4108,4120,4199,4287,4299,4338,4339,4381,4387,4491,4512,4530,4551,4569,4586,4587,4725,4760,4909,4946,4970,5031,5033,5069,5099,5166,5187,5191,5196,5223,5271,5273,5314,5316,5333,5404,5412,5424,5448,5479,5502,5517,5569,5612,5683,5720,5721,5743,5748,5753,5754,5765,5870,5886,5963,6026,6034,6045,6109,6110,6119,6128,6164,6184,6236,6252,6253,6274,6295,6305,6357,6545,6582,6588,6590,6609,6656,6698,6705,6709,6731,6802,6809,6953,7012,7031,7109,7173,7177,7193,7194,7203,7213,7214,7245,7246,7247,7356,7357,7388,7399,7413,7486,7492,7634,7635,7636,7638,7684,7734,7741,7808,7831,7962,7981,8149,8315,8319,8321,8335,8338,8345,8355,8369,8403,8467,8503,8626,8627,8628,8641,8664,8665,8674,8680,8682,8689,8692,8694,8696,8725,8747,8772,8792,8800,8807,8854,8859,8860,8868,8902,8937,8961,9010,9016,9124,9178,9192,9259,9323,9348,9435,9440,9492,9496,9553,9555,9570,9632,9668,9672,9712,9730,9733,9738,9745,9781,9843,9846,9941,9997,10050,10057,10079,10092,10164,10173,10187,10188,10210
7	916,1525,2151,2336,2340,2840,4494,5776,6223,7168,8909,9372
8	8675
9	161,371,952,1005,1169,1309,1342,1346,1360,1560,1684,1710,2449,2728,2768,2769,2771,3391,3511,3598,3604,3615,3718,3997,4158,4283,4295,4391,4971,4980,4992,5445,5682,6268,6555,6615,6625,7185,7244,7250,7287,7580,7700,7824,8413,8416,8420,8434,8455,8597,8598,8941,8997,9168,9379,9998
10	64,76,127,157,160,314,339,402,433,450,537,574,592,682,684,698,920,940,942,959,970,1166,1172,1191,1192,1218,1326,1332,1335,1382,1424,1489,1490,1493,1494,1564,1577,1583,1600,1606,1615,1636,1742,1818,1843,1881,1882,1883,1884,1885,1886,1887,1888,1889,1896,1897,1917,1955,1976,2014,2039,2041,2119,2156,2275,2310,2331,2347,2408,2413,2562,2662,2677,2698,2700,2703,2704,2754,2790,2838,2932,2934,2949,2950,2953,3045,3056,3105,3154,3161,3162,3163,3164,3165,3180,3239,3245,3247,3266,3267,3327,3337,3350,3351,3381,3430,3453,3467,3507,3522,3527,3540,3626,3681,3794,3799,3818,3889,3922,3939,3942,3944,3971,3985,4000,4024,4122,4159,4231,4250,4251,4346,4372,4391,4415,4420,4435,4461,4466,4518,4581,4584,4585,4686,4697,4732,4733,4735,4736,4737,4738,4740,4773,4787,4793,4795,4796,4834,4854,5011,5057,5058,5079,5189,5223,5449,5524,5573,5577,5584,5615,5629,5690,5726,5791,5815,5829,5830,5837,5849,5857,5900,5901,5902,5903,5904,5975,6032,6084,6130,6204,6234,6236,6275,6337,6361,6364,6365,6406,6485,6496,6582,6778,6782,7040,7041,7058,7059,7118,7139,7149,7154,7175,7178,7314,7385,7387,7420,7430,7441,7521,7525,7559,7560,7590,7687,7704,7723,7724,7740,7780,7813,7815,7835,7843,7845,7906,7945,7947,8077,8080,8166,8167,8256,8271,8308,8319,8321,8380,8414,8443,8452,8500,8603,8734,8867,8896,8908,8926,9013,9030,9041,9056,9069,9130,9145,9152,9195,9256,9257,9323,9475,9485,9526,9597,9627,9633,9642,9703,9704,9778,9781,9804,9814,9830,9851,9852,9867,9868,9928,10030,10079,10090,10115,10122,10158,10162,10203
11	2841,2842,2849,3088,3575,3576,3798,3799,3800,5988,6293,6534,6811,6812,7339,8834,9718,10004,10063,10064,10065
12	150,214,505,506,507,941,1003,1544,1901,2213,2517,2603,2730,3027,3141,3142,3148,3248,3249,3250,3348,3349,3372,3430,3684,4254,4397,4946,5074,5307,5852,5853,6178,6205,6483,6542,6543,6544,6808,6813,6888,6905,7101,7170,7545,7548,7555,7650,8280,8484,8485,8559,8566,8886,9199,9276,9277,9286,9380,9781,10106,10254
13	663,722,750,872,954,990,1075,1295,1296,1315,1607,1608,1629,2299,2391,2397,2403,2488,2757,2900,2930,3091,3292,3339,3652,3848,3945,3948,3996,4150,4151,4163,4268,4273,4277,4279,4379,4461,4721,4722,5223,5565,5644,5741,5829,5849,5879,5975,6313,7135,7153,7570,7805,8290,8300,8612,8983,9781,9878,9921,10022,10081
14	943,944,974,975,4164,4481,5281,5331,5332,6859,6860,8411
15	65,180,213,286,287,362,377,583,587,645,661,697,701,702,806,812,813,864,898,918,919,955,1037,1150,1182,1185,1219,1241,1464,1505,1555,1577,1579,1637,1638,1687,1771,1777,1931,1943,1955,1984,2005,2017,2201,2206,2350,2358,2360,2361,2393,2443,2479,2508,2510,2528,2538,2544,2615,2631,2701,2751,2810,2846,2887,2923,3043,3070,3088,3098,3208,3297,3305,3317,3325,3330,3337,3362,3369,3451,3469,3610,3612,3618,3680,3723,3725,3747,3848,3889,3901,3983,4068,4071,4193,4198,4201,4286,4287,4317,4396,4431,4461,4559,4684,4685,4742,4743,4744,4745,4746,4747,4936,5000,5027,5076,5150,5152,5155,5191,5227,5254,5340,5431,5443,5616,5663,5664,5665,5841,5842,5843,5845,5849,5856,5938,5973,6025,6078,6080,6197,6241,6269,6287,6299,6311,6314,6494,6495,6498,6506,6514,6577,6581,6594,6704,6711,6763,6768,6795,6936,6978,7034,7069,7080,7163,7200,7202,7229,7230,7347,7392,7419,7421,7445,7550,7632,7637,7642,7647,7756,7782,7834,7843,7859,7874,7875,7916,7932,8079,8095,8165,8312,8319,8321,8350,8399,8426,8435,8443,8454,8477,8571,8713,8714,8750,8774,8777,8778,8794,8914,8990,8992,9037,9075,9084,9092,9147,9183,9217,9292,9440,9479,9480,9568,9596,9621,9637,9658,9693,9700,9701,9751,9772,9773,9774,9775,9787,9806,9807,9841,9855,9862,9879,9924,9996,10025,10036,10102,10123,10124,10252
16	159,542,673,674,1089,1102,1597,1802,2044,2176,2612,3361,3507,3799,3811,3812,3813,3814,3815,3816,3817,4369,4438,4457,4520,4531,4572,4621,4788,4789,4790,4791,4792,4794,4835,5119,5142,5143,5144,5145,5194,5223,5705,5741,5871,5958,6095,6871,7035,7203,7209,7408,7561,7562,7563,7564,7843,8428,8808,8905,9004,10159
17	299,1216,1432,1854,1857,1904,2124,2627,2642,2682,4078,4709,4710,4851,4967,4968,4984,4985,4986,5451,5452,5465,5970,5971,6016,6247,6346,7280,7744,9086,9400,9401,9402
18	947,948,2425,4017,5046,5049,5335,5849,5873,6259,9938,9942
19	0,1,2,3,4,5,6,7,8,9,10,11,12,13,14,15,16,18,19,20,21,22,23,24,25,26,27,28,29,30,31,32,33,34,35,36,37,38,39,40,41,42,43,44,45,46,47,49,50,51,52,53,54,55,56,57,69,71,73,74,77,78,79,85,86,87,88,89,90,92,93,94,95,97,102,118,125,126,127,137,146,147,148,149,154,156,162,167,182,183,184,190,191,192,193,194,195,201,203,205,206,207,208,209,210,211,216,217,237,242,243,244,246,247,248,249,250,251,252,253,254,255,256,257,258,259,260,261,262,263,264,265,266,267,268,269,270,271,272,273,274,275,276,277,288,289,296,300,302,303,305,306,318,323,334,335,347,348,349,350,351,352,353,354,355,373,374,375,381,383,384,385,386,387,391,397,398,399,400,401,406,407,408,409,410,413,414,415,416,417,418,419,420,421,422,423,424,425,426,427,428,429,430,431,432,434,437,442,445,446,447,448,457,461,462,463,473,474,476,477,479,480,481,482,486,493,494,496,497,498,503,504,511,518,528,529,530,531,532,533,535,539,540,541,543,548,551,554,559,560,561,566,570,575,579,580,581,588,589,595,601,607,608,609,611,612,613,614,615,616,617,621,622,628,629,630,631,641,642,651,652,657,658,659,660,662,666,668,669,670,671,676,677,686,693,699,703,704,705,709,710,711,713,714,725,726,727,728,729,731,732,737,741,742,753,756,757,759,761,769,770,771,772,773,774,775,782,798,799,800,811,819,820,824,825,826,831,832,833,837,838,842,845,852,856,857,858,859,860,861,862,863,866,867,868,869,870,873,878,882,883,885,886,888,889,890,909,910,911,912,913,914,924,925,927,929,930,932,933,953,956,966,967,968,969,970,971,977,979,986,987,993,994,1007,1008,1011,1024,1026,1027,1050,1055,1056,1057,1061,1062,1064,1066,1067,1068,1069,1080,1081,1087,1088,1089,1091,1096,1097,1098,1100,1105,1106,1110,1113,1114,1119,1120,1121,1122,1123,1124,1125,1129,1130,1138,1139,1140,1149,1154,1158,1159,1162,1165,1167,1171,1173,1174,1175,1182,1184,1188,1189,1194,1195,1196,1197,1198,1199,1200,1201,1203,1204,1205,1206,1219,1220,1221,1224,1226,1229,1230,1237,1242,1251,1252,1253,1256,1259,1262,1263,1272,1273,1277,1278,1279,1280,1281,1299,1302,1303,1319,1322,1323,1324,1330,1338,1340,1344,1347,1348,1349,1350,1351,1352,1353,1354,1355,1356,1357,1370,1371,1373,1374,1375,1376,1377,1378,1379,1380,1381,1383,1386,1387,1388,1395,1399,1404,1407,1418,1436,1437,1439,1454,1455,1457,1460,1462,1463,1468,1469,1470,1481,1483,1484,1485,1486,1487,1488,1491,1492,1495,1497,1498,1511,1513,1514,1515,1516,1517,1520,1521,1526,1528,1529,1546,1547,1553,1554,1561,1562,1563,1566,1567,1568,1569,1570,1571,1572,1573,1574,1575,1578,1582,1587,1588,1590,1591,1592,1593,1595,1597,1598,1601,1605,1613,1614,1616,1617,1618,1619,1622,1623,1627,1629,1630,1635,1637,1641,1642,1643,1658,1663,1664,1665,1666,1669,1671,1674,1675,1676,1681,1682,1686,1688,1689,1690,1692,1693,1695,1696,1697,1700,1701,1706,1707,1708,1711,1715,1716,1717,1719,1720,1721,1722,1725,1727,1728,1729,1734,1740,1744,1752,1756,1757,1758,1759,1776,1781,1783,1784,1795,1796,1797,1798,1799,1806,1807,1808,1809,1810,1822,1823,1824,1825,1826,1827,1828,1830,1837,1838,1853,1855,1860,1862,1863,1865,1866,1867,1869,1870,1871,1873,1874,1875,1876,1880,1893,1906,1907,1908,1909,1910,1914,1915,1921,1923,1925,1928,1935,1937,1938,1941,1955,1958,1959,1960,1961,1962,1969,1970,1973,1974,1975,1976,1981,1985,1986,1991,1999,2000,2001,2002,2003,2004,2006,2009,2027,2028,2029,2036,2060,2063,2064,2077,2084,2086,2088,2100,2101,2112,2114,2115,2127,2145,2146,2147,2148,2149,2152,2153,2154,2157,2159,2166,2167,2168,2178,2184,2185,2187,2190,2194,2195,2196,2197,2198,2209,2216,2223,2224,2230,2231,2232,2233,2234,2235,2236,2238,2239,2242,2249,2250,2252,2256,2257,2258,2259,2261,2262,2263,2264,2265,2266,2267,2268,2278,2279,2282,2286,2292,2294,2295,2297,2307,2308,2309,2311,2321,2322,2333,2348,2356,2362,2363,2380,2385,2386,2398,2400,2404,2405,2406,2410,2418,2421,2422,2426,2428,2437,2439,2442,2446,2451,2452,2456,2457,2458,2459,2460,2462,2463,2464,2465,2467,2472,2489,2493,2494,2495,2496,2497,2505,2518,2519,2522,2523,2530,2531,2537,2539,2540,2541,2542,2543,2545,2548,2550,2553,2554,2557,2558,2560,2564,2573,2577,2584,2585,2593,2605,2606,2607,2608,2610,2611,2622,2624,2625,2640,2641,2643,2644,2645,2646,2647,2648,2649,2650,2656,2657,2667,2668,2669,2670,2672,2674,2676,2683,2684,2693,2694,2699,2702,2711,2718,2723,2724,2728,2743,2744,2746,2747,2748,2749,2765,2766,2767,2774,2780,2781,2784,2785,2793,2794,2796,2797,2799,2800,2801,2803,2804,2805,2806,2807,2808,2821,2824,2833,2834,2835,2852,2853,2854,2855,2858,2859,2863,2875,2876,2877,2878,2879,2880,2882,2883,2885,2886,2887,2888,2889,2890,2897,2902,2908,2909,2915,2916,2917,2918,2921,2922,2924,2927,2933,2935,2937,2938,2939,2940,2945,2946,2947,2948,2955,2957,2958,2960,2962,2963,2964,2967,2978,2979,2984,2985,2991,2992,2993,2994,2995,2996,2998,2999,3000,3018,3021,3022,3026,3030,3032,3035,3039,3040,3041,3042,3043,3049,3052,3053,3054,3055,3057,3058,3059,3060,3061,3062,3064,3067,3068,3071,3072,3076,3087,3100,3109,3110,3116,3122,3126,3128,3129,3130,3131,3132,3135,3136,3138,3139,3140,3146,3150,3151,3152,3153,3155,3156,3166,3167,3169,3170,3171,3173,3174,3175,3179,3182,3183,3184,3186,3191,3211,3223,3224,3226,3244,3252,3253,3254,3255,3258,3259,3263,3264,3274,3275,3276,3277,3279,3282,3283,3284,3285,3287,3290,3300,3301,3302,3303,3305,3306,3311,3313,3315,3333,3335,3336,3337,3340,3353,3354,3355,3358,3359,3363,3366,3371,3374,3375,3379,3382,3388,3395,3396,3397,3399,3400,3403,3405,3406,3409,3410,3416,3417,3418,3419,3420,3421,3422,3424,3426,3427,3428,3429,3430,3432,3436,3437,3438,3439,3440,3441,3442,3443,3444,3445,3446,3460,3462,3463,3479,3480,3482,3485,3488,3497,3504,3507,3508,3515,3520,3521,3526,3528,3529,3530,3537,3538,3541,3542,3543,3547,3548,3549,3550,3551,3552,3553,3554,3555,3556,3562,3568,3569,3570,3571,3577,3578,3582,3583,3585,3586,3587,3591,3592,3594,3596,3597,3611,3614,3616,3618,3630,3631,3633,3636,3642,3645,3649,3655,3656,3657,3658,3659,3660,3662,3663,3664,3665,3670,3671,3672,3673,3682,3683,3684,3687,3689,3690,3697,3698,3699,3700,3704,3733,3735,3739,3741,3743,3744,3745,3746,3751,3753,3755,3761,3764,3765,3780,3782,3783,3784,3787,3792,3793,3795,3796,3797,3799,3802,3803,3804,3805,3808,3809,3831,3832,3833,3836,3837,3838,3839,3840,3847,3850,3856,3857,3858,3861,3869,3870,3871,3872,3873,3878,3879,3880,3881,3882,3884,3885,3886,3887,3897,3898,3899,3903,3904,3905,3906,3908,3910,3911,3912,3916,3917,3925,3926,3928,3938,3950,3953,3954,3959,3960,3968,3969,3979,3981,3982,3992,3995,4000,4007,4022,4023,4027,4028,4029,4030,4031,4040,4047,4059,4068,4071,4072,4074,4075,4077,4079,4081,4082,4083,4086,4087,4088,4091,4092,4098,4099,4109,4115,4116,4117,4123,4124,4125,4126,4131,4134,4136,4138,4139,4141,4142,4143,4144,4145,4146,4147,4148,4149,4154,4171,4172,4173,4174,4175,4178,4181,4182,4184,4186,4187,4192,4193,4194,4195,4203,4210,4212,4213,4215,4216,4217,4219,4220,4221,4225,4228,4229,4230,4232,4233,4237,4238,4239,4240,4241,4242,4243,4244,4245,4246,4249,4253,4256,4257,4258,4259,4260,4266,4267,4278,4283,4284,4285,4286,4296,4303,4304,4306,4307,4314,4316,4322,4323,4325,4329,4342,4351,4358,4359,4361,4362,4363,4364,4371,4374,4378,4385,4386,4388,4391,4398,4399,4400,4402,4412,4417,4418,4419,4427,4430,4432,4442,4443,4446,4447,4453,4455,4458,4459,4461,4464,4465,4468,4473,4474,4475,4480,4485,4487,4488,4489,4492,4500,4503,4504,4505,4506,4507,4508,4510,4516,4517,4519,4520,4521,4525,4530,4534,4535,4544,4545,4546,4547,4548,4552,4562,4563,4569,4571,4572,4575,4578,4588,4589,4591,4592,4595,4597,4605,4606,4607,4608,4610,4611,4612,4614,4615,4620,4622,4631,4632,4636,4638,4643,4646,4649,4657,4658,4670,4676,4677,4688,4707,4708,4711,4717,4718,4720,4723,4724,4726,4727,4728,4729,4730,4734,4748,4749,4750,4757,4772,4773,4776,4784,4785,4798,4799,4805,4806,4810,4811,4812,4813,4817,4818,4820,4822,4823,4828,4829,4831,4832,4833,4835,4837,4838,4839,4843,4844,4845,4852,4858,4862,4863,4864,4865,4866,4867,4875,4885,4899,4900,4904,4907,4914,4917,4918,4922,4923,4924,4925,4931,4932,4933,4939,4946,4947,4948,4958,4966,4975,4976,4978,4979,4982,4991,4992,4996,4998,5002,5003,5004,5005,5014,5015,5018,5019,5020,5021,5022,5023,5029,5037,5042,5043,5044,5047,5048,5050,5059,5060,5063,5067,5068,5069,5073,5078,5080,5086,5087,5092,5097,5100,5101,5102,5107,5110,5116,5117,5121,5124,5125,5128,5131,5133,5134,5135,5136,5146,5147,5148,5153,5156,5157,5158,5159,5162,5169,5173,5175,5176,5181,5182,5183,5186,5188,5190,5203,5204,5205,5211,5213,5215,5216,5219,5223,5228,5232,5233,5234,5236,5237,5242,5243,5249,5253,5257,5269,5271,5279,5284,5285,5286,5287,5289,5290,5291,5293,5300,5301,5303,5305,5306,5315,5316,5322,5323,5329,5330,5336,5337,5338,5340,5342,5347,5348,5350,5351,5353,5355,5356,5357,5360,5361,5366,5367,5368,5369,5372,5373,5374,5375,5376,5377,5378,5379,5380,5381,5382,5383,5384,5385,5386,5387,5388,5389,5390,5391,5392,5393,5394,5401,5402,5407,5408,5409,5410,5414,5416,5427,5432,5433,5434,5435,5446,5449,5453,5454,5459,5460,5461,5466,5468,5471,5476,5477,5478,5482,5485,5495,5496,5497,5499,5500,5508,5509,5510,5513,5515,5521,5524,5527,5531,5535,5536,5537,5538,5542,5544,5545,5546,5547,5548,5549,5550,5551,5552,5553,5554,5555,5561,5562,5568,5570,5571,5572,5576,5582,5583,5586,5587,5588,5589,5592,5599,5600,5601,5602,5611,5618,5619,5620,5621,5622,5624,5625,5634,5640,5643,5651,5654,5660,5661,5677,5678,5679,5686,5687,5694,5696,5697,5698,5702,5703,5704,5705,5707,5708,5713,5714,5715,5716,5717,5718,5725,5728,5731,5733,5735,5736,5737,5740,5741,5757,5758,5759,5774,5787,5788,5789,5800,5801,5803,5804,5805,5806,5807,5812,5813,5814,5816,5817,5818,5819,5820,5821,5824,5825,5826,5827,5828,5847,5848,5849,5868,5876,5878,5879,5885,5888,5890,5892,5896,5897,5907,5908,5910,5912,5918,5921,5925,5926,5931,5939,5941,5942,5944,5945,5946,5947,5948,5950,5951,5955,5956,5957,5959,5960,5961,5963,5964,5965,5966,5967,5968,5969,5974,5978,5979,5981,5982,5983,5984,5987,6000,6001,6002,6003,6017,6019,6020,6027,6028,6031,6032,6033,6040,6065,6069,6077,6089,6090,6091,6092,6094,6095,6097,6099,6100,6101,6102,6106,6107,6112,6114,6124,6125,6126,6129,6131,6132,6133,6134,6135,6138,6143,6144,6150,6151,6152,6157,6176,6187,6198,6199,6200,6206,6217,6218,6221,6222,6231,6236,6237,6238,6243,6248,6257,6260,6262,6270,6276,6277,6280,6282,6283,6284,6285,6286,6289,6290,6291,6292,6296,6306,6315,6316,6317,6318,6322,6325,6329,6331,6333,6347,6348,6349,6364,6368,6369,6370,6372,6373,6377,6379,6380,6383,6384,6386,6387,6391,6392,6396,6397,6398,6399,6400,6401,6403,6407,6408,6410,6413,6415,6416,6421,6422,6423,6424,6428,6435,6444,6445,6447,6450,6451,6452,6453,6454,6455,6456,6460,6461,6462,6463,6464,6465,6468,6471,6472,6480,6488,6489,6490,6491,6492,6493,6506,6508,6509,6510,6511,6512,6513,6520,6521,6522,6523,6535,6536,6537,6538,6541,6546,6549,6550,6552,6553,6554,6556,6560,6561,6563,6564,6566,6578,6579,6580,6583,6586,6591,6592,6599,6611,6617,6626,6627,6657,6662,6671,6675,6679,6690,6693,6694,6695,6696,6703,6704,6714,6719,6720,6726,6732,6733,6734,6738,6739,6740,6741,6742,6743,6744,6745,6746,6747,6757,6760,6761,6764,6765,6770,6772,6773,6786,6788,6795,6797,6798,6799,6816,6825,6826,6828,6830,6832,6833,6834,6840,6841,6843,6850,6855,6856,6857,6858,6861,6862,6868,6869,6874,6879,6883,6884,6892,6898,6899,6912,6913,6914,6915,6916,6917,6918,6919,6920,6930,6931,6932,6937,6938,6941,6946,6950,6951,6952,6958,6959,6960,6961,6972,6975,6976,6977,6979,6980,6982,6983,6984,6985,6986,6987,6988,6990,7000,7002,7003,7004,7005,7006,7007,7008,7010,7017,7018,7019,7020,7021,7030,7034,7042,7043,7044,7046,7047,7049,7050,7051,7052,7060,7063,7068,7074,7081,7086,7091,7092,7093,7095,7110,7111,7127,7136,7138,7142,7147,7148,7152,7156,7176,7182,7183,7184,7186,7188,7198,7199,7205,7215,7226,7227,7228,7231,7233,7235,7236,7237,7238,7255,7257,7260,7261,7262,7263,7267,7268,7269,7270,7272,7273,7274,7275,7276,7277,7282,7283,7285,7292,7293,7296,7297,7298,7309,7310,7313,7317,7318,7319,7326,7327,7328,7338,7341,7342,7348,7359,7361,7362,7364,7365,7366,7367,7368,7369,7370,7371,7372,7373,7374,7375,7376,7377,7378,7380,7381,7384,7389,7390,7394,7395,7396,7397,7398,7402,7403,7405,7409,7410,7414,7433,7436,7443,7444,7447,7450,7451,7453,7455,7457,7458,7459,7461,7464,7465,7478,7480,7481,7485,7491,7497,7502,7504,7509,7513,7542,7543,7544,7558,7566,7568,7571,7572,7573,7575,7577,7579,7581,7582,7583,7584,7585,7586,7587,7589,7594,7595,7596,7597,7598,7599,7604,7605,7609,7610,7614,7618,7620,7622,7624,7625,7628,7630,7639,7643,7652,7653,7654,7655,7671,7675,7679,7683,7684,7685,7695,7696,7701,7702,7717,7718,7733,7735,7744,7745,7747,7754,7755,7757,7758,7759,7760,7762,7763,7770,7776,7779,7786,7787,7809,7810,7817,7818,7830,7838,7840,7841,7842,7843,7846,7849,7850,7852,7854,7855,7857,7858,7861,7862,7863,7864,7867,7872,7876,7883,7884,7885,7886,7888,7891,7892,7893,7894,7897,7902,7903,7904,7907,7908,7909,7914,7915,7918,7919,7921,7923,7927,7936,7937,7969,7979,7986,7989,7993,8005,8006,8007,8008,8009,8010,8044,8047,8048,8049,8050,8051,8052,8053,8063,8065,8066,8081,8084,8085,8088,8115,8124,8125,8127,8128,8132,8133,8134,8136,8137,8138,8139,8140,8141,8142,8143,8146,8156,8159,8162,8183,8184,8194,8195,8196,8202,8203,8204,8205,8207,8228,8229,8230,8238,8239,8245,8246,8247,8248,8249,8253,8254,8263,8265,8267,8268,8269,8272,8274,8275,8278,8281,8293,8297,8298,8299,8303,8304,8305,8306,8310,8317,8322,8327,8328,8340,8341,8342,8348,8358,8359,8372,8373,8374,8375,8381,8382,8385,8386,8388,8390,8395,8397,8398,8400,8406,8407,8416,8418,8423,8425,8429,8430,8431,8443,8444,8445,8448,8449,8451,8461,8471,8472,8474,8486,8489,8490,8491,8494,8502,8510,8519,8520,8521,8530,8531,8533,8535,8541,8551,8552,8555,8556,8557,8563,8564,8565,8567,8568,8569,8570,8571,8572,8578,8579,8580,8581,8582,8583,8584,8585,8586,8587,8588,8589,8590,8591,8592,8593,8595,8596,8604,8605,8606,8608,8615,8618,8619,8623,8630,8651,8657,8660,8664,8680,8686,8709,8711,8712,8717,8718,8720,8721,8722,8724,8726,8727,8728,8736,8737,8738,8739,8740,8741,8742,8752,8754,8755,8756,8757,8762,8764,8769,8770,8771,8773,8791,8796,8797,8799,8801,8802,8804,8805,8806,8810,8811,8812,8826,8827,8828,8831,8838,8842,8847,8857,8866,8869,8871,8872,8873,8874,8877,8880,8881,8882,8883,8884,8885,8890,8903,8904,8908,8920,8921,8922,8929,8930,8931,8940,8943,8944,8945,8946,8954,8962,8963,8964,8965,8966,8967,8970,8971,8972,8976,8977,8978,8979,8980,8981,8987,8991,9005,9008,9009,9014,9015,9026,9028,9029,9032,9042,9043,9044,9045,9046,9057,9058,9059,9060,9061,9063,9072,9076,9077,9089,9091,9097,9109,9114,9129,9130,9131,9132,9136,9137,9139,9140,9143,9146,9148,9149,9150,9158,9161,9162,9164,9174,9177,9181,9193,9198,9202,9203,9204,9207,9208,9209,9210,9221,9222,9225,9226,9227,9231,9232,9233,9239,9241,9242,9251,9253,9267,9272,9273,9274,9275,9281,9282,9285,9288,9298,9309,9311,9312,9313,9324,9332,9337,9338,9341,9342,9343,9350,9360,9365,9371,9373,9374,9393,9394,9395,9396,9409,9410,9411,9412,9416,9422,9425,9428,9430,9431,9433,9434,9437,9450,9451,9452,9453,9454,9461,9463,9464,9465,9486,9487,9490,9491,9492,9499,9500,9501,9502,9503,9505,9506,9507,9508,9509,9510,9511,9512,9513,9514,9515,9516,9517,9518,9519,9520,9521,9522,9527,9533,9534,9535,9536,9537,9538,9539,9543,9544,9545,9546,9547,9548,9549,9550,9556,9557,9558,9560,9561,9563,9564,9573,9574,9578,9579,9586,9587,9593,9594,9595,9600,9602,9603,9613,9614,9616,9618,9619,9620,9621,9630,9631,9635,9636,9638,9643,9651,9656,9664,9665,9666,9668,9671,9679,9680,9686,9694,9707,9709,9710,9711,9722,9723,9727,9729,9734,9737,9739,9740,9741,9742,9745,9747,9750,9755,9759,9762,9763,9767,9768,9776,9779,9780,9781,9785,9787,9789,9790,9791,9797,9801,9802,9803,9814,9815,9816,9819,9822,9823,9824,9828,9829,9834,9835,9836,9837,9838,9839,9840,9847,9848,9849,9855,9859,9860,9861,9874,9885,9886,9887,9888,9889,9890,9891,9892,9893,9895,9896,9897,9898,9899,9901,9912,9913,9914,9915,9917,9925,9926,9927,9929,9931,9932,9933,9939,9940,9943,9947,9949,9950,9952,9953,9957,9960,9963,9964,9965,9966,9967,9970,9971,9972,9973,9974,9975,9980,9982,9985,9986,9987,9988,9989,9993,9995,10008,10012,10013,10014,10015,10020,10023,10024,10026,10029,10032,10033,10034,10035,10036,10048,10052,10060,10062,10067,10068,10069,10070,10071,10072,10073,10074,10075,10076,10079,10080,10083,10084,10085,10086,10087,10088,10097,10101,10104,10105,10108,10113,10114,10118,10125,10126,10134,10135,10137,10139,10145,10146,10147,10148,10153,10154,10160,10161,10170,10171,10172,10174,10175,10180,10181,10182,10185,10186,10190,10198,10199,10200,10201,10205,10206,10207,10211,10212,10213,10214,10215,10216,10237,10243,10248,10249,10251
20	294,887,1629,1773,2177,2663,3081,3383,3507,4383,4426,4429,4505,4556,5223,5516,5518,5519,5744,5920,6009,6244,6246,6459,6602,6641,7039,7516,7834,8391,8392,8443,8761,9147,9814,10082
21	120,465,696,791,828,1016,1017,1143,1918,2110,2316,2335,2453,2709,3583,3685,3791,3801,4045,4330,4406,4962,5066,5312,5463,5498,5543,5594,5670,5671,5672,5674,5675,5685,5701,5769,5989,5998,6358,6437,6570,6572,6573,6574,6575,6701,6712,7010,7145,7248,7482,7531,7552,7557,7898,7973,8003,8067,8087,8113,8135,8144,8145,8147,8148,8408,8475,8479,8655,8818,8870,9001,9002,9003,9006,9081,9442,9542,9708,9863,9948,10051
22	4969,5693,5694,6087,9585
23	101,145,517,694,998,1143,1321,2247,2601,3240,3241,3298,3646,4935,5089,5090,6470,6576,6614,6821,6890,7266,7281,7324,7546,7550,7712,8168,8560,8600,8688,9172,9268,9366,9367,9368,9857,10043,10044,10045,10191
24	116,158,221,233,643,644,720,853,854,906,1190,1368,1644,1702,1703,1948,2140,2175,2364,2365,2476,2487,2499,2500,2501,2752,2753,2827,2865,3110,3295,3305,3618,3717,3769,3770,3771,3856,3993,3998,4001,4110,4111,4345,4499,4520,4569,4777,5008,5093,5094,5164,5277,5278,5352,5397,5398,5399,5480,5648,5913,5914,5915,6070,6071,6846,6878,7099,7203,7204,7206,7358,7411,7828,7928,7929,8106,8259,8307,8320,8349,8656,8693,8950,9069,9153,9455,9471,9472,9698,9809,9930,9936,10100,10112,10120,10178,10202
25	333,6074,6075,6076,8923,8924
26	1100,4441,5579,5580,5581,6093,8415,8419
27	223,225,546,572,751,752,784,946,1020,1038,1039,1186,1255,1444,1445,1449,1451,1452,1475,1539,1594,1629,1637,1662,1788,1983,2138,2347,2349,2547,2563,2772,2789,2798,3037,3089,3207,3231,3291,3294,3337,3392,3464,3476,3581,3634,3635,3724,3790,3845,3986,4069,4320,4326,4333,4368,4382,4476,4526,4770,4771,4774,4886,4893,4903,4913,4961,5075,5223,5316,5396,5421,5563,5676,5680,5683,5766,5855,5994,6054,6059,6118,6123,6142,6145,6146,6149,6153,6220,6338,6402,6515,6516,6525,6598,6664,6698,6806,6831,6893,6894,6895,6923,7146,7190,7192,7307,7750,7843,7870,7984,8011,8012,8151,8197,8207,8292,8294,8295,8393,8534,8536,8537,8540,8631,9230,9279,9299,9388,9644,9690,9746,9781,9787,9831
28	304,360,361,829,1151,1316,1317,1394,2485,2756,3219,3892,5863,6256,6320,6321,6323,6324,6326,6327,6328,6409,6557,6903,6904,6934,7141,7289,7379,7554,7705,7769,7965,7966,7967,7988,8368,8466,8515,8786,9476,9572,9628,9868,10209
29	196,313,808,834,978,1745,1746,1913,2095,2315,2618,3229,3230,3579,3693,3695,5489,5540,5642,6374,6375,6376,6378,7520,8337,8417,8419,8460,8996,8998,9074,9295,9355,9356,9375,9376,9531,9782,9994,10039,10233
30	60,61,62,73,81,115,123,142,144,151,153,170,198,227,228,379,380,391,392,402,500,545,547,551,566,576,690,718,743,768,776,802,823,880,905,907,921,995,1019,1023,1076,1077,1078,1079,1093,1105,1112,1127,1135,1136,1137,1154,1156,1161,1177,1178,1179,1245,1246,1302,1310,1333,1388,1389,1398,1401,1402,1405,1408,1409,1419,1427,1429,1430,1518,1610,1616,1622,1624,1638,1669,1678,1685,1698,1699,1774,1794,1805,1836,1840,1872,1898,1911,1932,1936,1963,1971,1978,1992,2008,2046,2047,2066,2089,2109,2116,2139,2150,2199,2217,2221,2227,2240,2248,2251,2304,2305,2318,2324,2325,2330,2342,2353,2378,2420,2470,2471,2484,2511,2534,2551,2556,2582,2614,2623,2626,2659,2660,2671,2676,2695,2700,2714,2725,2750,2751,2759,2768,2776,2783,2786,2792,2809,2812,2813,2926,2956,2983,2986,2988,2989,2990,2997,3004,3005,3008,3036,3048,3078,3084,3119,3134,3159,3176,3208,3214,3215,3261,3272,3296,3299,3305,3323,3337,3370,3376,3377,3378,3411,3412,3430,3459,3471,3474,3487,3503,3509,3518,3531,3532,3539,3561,3566,3567,3572,3580,3593,3605,3607,3622,3637,3641,3647,3729,3730,3762,3763,3810,3823,3835,3841,3843,3860,3863,3946,3949,3952,3956,3965,3980,4009,4020,4025,4036,4041,4042,4107,4112,4121,4177,4183,4188,4191,4235,4236,4247,4278,4280,4281,4292,4340,4341,4347,4367,4375,4384,4405,4416,4429,4450,4454,4461,4467,4479,4483,4529,4530,4543,4561,4562,4570,4573,4574,4576,4594,4600,4605,4609,4613,4623,4634,4643,4650,4661,4662,4669,4687,4751,4758,4765,4804,4853,4881,4888,4896,4897,4911,4912,4920,4927,4930,4934,4938,4941,4942,4943,4944,4945,4949,4950,4954,4955,4957,4959,4971,4972,4974,4981,4991,4992,5001,5027,5030,5032,5036,5041,5069,5151,5165,5170,5184,5217,5239,5240,5241,5256,5282,5283,5316,5320,5321,5349,5359,5362,5363,5364,5365,5371,5406,5438,5449,5455,5486,5505,5506,5514,5520,5524,5539,5578,5591,5605,5616,5628,5635,5637,5646,5658,5667,5680,5688,5689,5694,5700,5709,5722,5739,5741,5751,5785,5797,5799,5839,5864,5872,5880,5881,5889,5891,5924,5936,5963,6063,6064,6068,6095,6125,6161,6163,6164,6198,6209,6215,6310,6425,6426,6427,6431,6432,6433,6434,6440,6448,6469,6519,6557,6558,6568,6601,6607,6618,6630,6680,6683,6689,6691,6699,6709,6710,6712,6717,6728,6729,6779,6780,6781,6786,6789,6790,6792,6794,6801,6835,6853,6854,6863,6865,6866,6891,6909,6933,6942,6962,6981,7034,7075,7083,7132,7137,7197,7209,7221,7234,7240,7254,7284,7286,7302,7303,7304,7305,7306,7308,7336,7354,7406,7431,7432,7435,7466,7470,7471,7495,7498,7508,7512,7515,7517,7530,7588,7616,7617,7619,7629,7633,7684,7723,7749,7761,7771,7780,7823,7839,7853,7860,7868,7895,7896,7899,7900,7913,7926,7934,7948,7960,7968,7977,7980,7998,8021,8022,8077,8078,8092,8094,8114,8170,8171,8172,8233,8234,8235,8236,8237,8240,8252,8260,8273,8301,8319,8329,8331,8332,8357,8404,8432,8443,8449,8464,8549,8550,8561,8574,8575,8637,8639,8646,8652,8654,8732,8758,8765,8784,8788,8795,8875,8878,8880,8887,8895,8913,8926,8954,8956,8988,9000,9007,9012,9090,9130,9138,9156,9175,9176,9191,9219,9223,9246,9247,9248,9249,9266,9294,9296,9326,9329,9330,9331,9347,9387,9388,9424,9426,9427,9428,9429,9467,9498,9504,9540,9580,9592,9598,9599,9608,9661,9662,9688,9691,9706,9714,9717,9721,9724,9725,9726,9734,9744,9764,9781,9787,9811,9865,9902,9916,9917,9924,9941,9965,9991,10002,10047,10079,10127,10131,10132,10134,10144,10163,10195,10196,10197
31	132,317,322,455,646,744,1006,1051,1063,1082,1434,1545,1905,1922,1924,2123,2136,2143,2144,2162,2343,2419,3028,3048,3143,3145,3168,3227,3228,3235,3236,3256,3305,3472,3478,3498,3560,3676,3679,3727,3776,3894,4014,4197,4288,4664,4786,5222,5225,5344,5345,5494,5558,5656,6420,6421,6529,6530,6640,6658,6716,6736,6752,6803,7024,7062,7104,7151,7172,7222,7223,7224,7225,7386,7646,7748,7784,7799,7800,7801,7802,7803,7804,7890,7933,8379,8416,8466,8499,8637,8803,8915,8994,8995,9146,9339,9340,9351,9492,9541,9589,9769,9826,9903,9962,10016,10046,10078,10133
32	1736,1737,3731,4299,7259,7401,7404
33	17,68,72,73,83,123,141,155,172,193,199,200,232,312,340,341,342,357,358,376,402,439,459,524,526,534,536,603,647,667,672,692,733,734,735,736,778,787,789,809,815,817,818,836,842,844,883,928,1012,1046,1053,1143,1154,1164,1239,1249,1250,1264,1265,1305,1313,1320,1359,1391,1400,1478,1500,1501,1527,1541,1542,1549,1578,1597,1603,1625,1629,1670,1673,1726,1738,1793,1816,1817,1835,1851,1858,1877,1894,1895,1916,1939,1945,1955,1967,2043,2061,2069,2070,2071,2072,2073,2074,2081,2096,2138,2186,2255,2271,2274,2297,2366,2392,2395,2399,2401,2424,2469,2481,2492,2535,2536,2552,2582,2583,2589,2614,2675,2691,2710,2721,2761,2788,2823,2871,2872,2873,2886,2911,2920,2951,3002,3003,3031,3046,3051,3103,3127,3187,3207,3281,3326,3337,3347,3368,3435,3448,3506,3507,3519,3557,3565,3638,3677,3705,3748,3822,3830,3856,3870,3876,3891,3895,3908,3930,3957,3958,3973,3974,3976,3978,3999,4010,4016,4043,4064,4066,4068,4089,4118,4162,4167,4196,4252,4262,4269,4282,4297,4300,4301,4315,4391,4395,4411,4421,4426,4429,4436,4452,4461,4505,4529,4530,4539,4557,4583,4590,4652,4663,4672,4673,4674,4690,4703,4884,4887,4891,4920,4921,4926,4973,4977,4983,4990,4991,5006,5010,5038,5045,5120,5172,5189,5221,5261,5267,5319,5340,5441,5475,5492,5512,5524,5538,5608,5631,5632,5633,5649,5650,5705,5742,5752,5773,5795,5810,5865,5866,5882,5884,5905,5906,5935,5936,5972,6010,6022,6038,6052,6095,6125,6129,6185,6188,6189,6190,6191,6224,6232,6236,6241,6245,6265,6300,6301,6302,6303,6304,6312,6362,6390,6441,6443,6474,6475,6476,6497,6517,6524,6569,6578,6584,6585,6606,6616,6665,6767,6783,6787,6791,6824,6876,6921,6939,6940,6941,6943,6944,6945,6947,6959,6966,6968,6969,7011,7028,7065,7070,7077,7096,7107,7113,7114,7115,7116,7131,7140,7167,7274,7315,7323,7352,7390,7422,7424,7425,7427,7428,7429,7450,7454,7482,7489,7490,7500,7501,7503,7511,7519,7529,7567,7578,7608,7623,7641,7644,7684,7709,7714,7725,7726,7727,7728,7729,7730,7731,7732,7738,7739,7740,7746,7829,7834,7855,7882,7924,7940,7949,8069,8070,8071,8072,8208,8235,8250,8313,8329,8347,8401,8426,8443,8492,8493,8611,8642,8643,8719,8763,8785,8835,8852,8855,8864,8865,8876,8888,8892,8893,8894,8897,8919,8925,8926,8927,8928,8951,8999,9047,9048,9049,9050,9051,9052,9053,9054,9055,9080,9084,9130,9147,9163,9171,9215,9216,9218,9229,9237,9238,9243,9287,9293,9328,9353,9358,9359,9386,9415,9417,9418,9419,9420,9421,9423,9438,9441,9492,9493,9504,9571,9580,9583,9590,9629,9659,9663,9670,9681,9690,9761,9781,9833,9876,9884,9900,9965,9977,10001,10011,10020,10091,10116,10134,10158,10208,10221,10222
34	66,73,174,185,188,215,292,295,369,370,401,440,456,458,460,502,512,527,532,544,571,573,578,593,594,600,738,745,760,830,843,892,992,1049,1089,1247,1293,1304,1306,1307,1308,1325,1334,1339,1341,1345,1410,1411,1428,1459,1465,1476,1479,1507,1586,1632,1679,1683,1694,1779,1831,1942,1975,1987,1988,1989,1990,2048,2049,2050,2051,2052,2093,2094,2120,2132,2133,2173,2222,2228,2276,2277,2290,2323,2326,2344,2345,2444,2562,2586,2613,2614,2706,2717,2719,2720,2741,2758,2802,2817,2828,2832,2836,2843,2844,2845,2851,2860,2874,2905,2912,2942,3001,3006,3010,3066,3086,3117,3133,3185,3188,3189,3197,3198,3199,3200,3201,3202,3208,3213,3216,3251,3260,3308,3322,3361,3367,3387,3404,3414,3454,3466,3470,3505,3583,3589,3600,3601,3606,3620,3621,3667,3688,3715,3734,3775,3779,3786,3855,3864,3874,3923,3924,3955,4015,4019,4026,4080,4095,4114,4140,4214,4218,4294,4336,4349,4350,4356,4404,4428,4433,4434,4461,4478,4513,4514,4523,4524,4527,4530,4542,4550,4567,4580,4619,4624,4691,4802,4803,4836,4849,4880,4937,4952,4965,5028,5071,5111,5160,5168,5195,5197,5440,5481,5524,5534,5560,5641,5668,5691,5692,5705,5745,5747,5760,5768,5777,5793,5831,5933,5954,5985,6007,6021,6035,6156,6160,6162,6192,6339,6340,6341,6342,6343,6344,6345,6350,6395,6409,6438,6473,6501,6551,6557,6565,6571,6597,6600,6610,6623,6624,6636,6661,6713,6775,6793,6800,6839,6885,6892,6956,7001,7036,7048,7053,7055,7064,7119,7127,7129,7143,7203,7242,7243,7288,7316,7438,7472,7510,7565,7591,7645,7663,7665,7672,7673,7681,7713,7743,7764,7765,7767,7781,7855,7887,7912,7938,7954,7955,7956,7990,7994,7995,8090,8091,8093,8163,8251,8266,8319,8370,8427,8440,8495,8511,8512,8522,8670,8672,8684,8730,8735,8789,8833,8904,8907,8926,8939,8942,8969,8985,8993,9024,9116,9118,9128,9144,9151,9197,9255,9258,9350,9361,9377,9467,9478,9481,9565,9604,9648,9659,9682,9705,9743,9765,9781,9842,9905,9906,9907,9928,9935,9954,9961,9984,9987,10017,10018,10041,10107,10117,10129,10138,10155,10166,10179,10250
35	1287,1288,1621,1796,3393,4127,4129,4940,5823,7191,7412,7496,8000,8013,8014,8016,8089,8635,8897,9271
36	73,134,135,142,197,214,220,278,282,284,305,307,308,309,328,388,438,483,484,485,492,549,550,551,552,562,563,584,700,712,715,716,717,721,740,747,763,764,765,766,769,805,814,822,867,871,899,900,937,938,939,957,962,983,996,997,1009,1010,1021,1022,1054,1059,1065,1086,1157,1180,1181,1183,1228,1240,1254,1267,1271,1314,1344,1385,1390,1397,1417,1433,1443,1448,1461,1499,1506,1509,1556,1559,1585,1597,1599,1602,1644,1648,1649,1650,1651,1652,1653,1659,1661,1669,1670,1677,1691,1704,1723,1750,1768,1769,1770,1812,1815,1819,1859,1902,1917,1944,1949,1950,1951,1952,1953,1956,1980,1994,1998,2010,2016,2035,2040,2067,2068,2100,2107,2121,2125,2128,2135,2161,2163,2191,2192,2193,2208,2216,2220,2272,2280,2281,2283,2289,2300,2301,2314,2338,2339,2347,2352,2357,2394,2396,2402,2429,2445,2461,2466,2477,2480,2491,2549,2570,2571,2590,2594,2599,2604,2609,2638,2696,2699,2712,2716,2729,2732,2739,2740,2775,2818,2819,2837,2899,2925,3007,3011,3012,3013,3014,3019,3023,3024,3047,3069,3099,3194,3203,3204,3205,3206,3209,3242,3305,3356,3360,3365,3475,3501,3513,3516,3517,3573,3619,3640,3653,3654,3668,3669,3678,3691,3716,3719,3750,3767,3777,3852,3877,3908,3909,3918,3961,3967,3975,3977,3984,3990,4006,4011,4021,4032,4033,4044,4048,4070,4073,4098,4100,4135,4205,4206,4207,4209,4234,4271,4298,4309,4310,4311,4344,4448,4493,4558,4629,4633,4642,4648,4667,4671,4675,4694,4704,4715,4761,4762,4797,4798,4800,4801,4850,4855,4871,4964,4994,5007,5019,5126,5127,5149,5174,5177,5189,5214,5223,5224,5238,5271,5294,5310,5326,5370,5418,5419,5472,5488,5501,5538,5541,5585,5603,5616,5659,5694,5695,5726,5744,5762,5775,5849,5894,5911,5927,5929,5940,5952,5953,5963,6011,6041,6045,6046,6058,6079,6081,6082,6113,6116,6125,6127,6139,6140,6147,6177,6179,6185,6186,6193,6194,6201,6225,6236,6242,6249,6269,6279,6307,6309,6319,6353,6354,6355,6429,6481,6522,6526,6531,6540,6559,6612,6619,6624,6632,6659,6660,6665,6697,6707,6737,6753,6754,6771,6774,6776,6796,6815,6873,6896,6936,6948,6955,7014,7015,7026,7031,7082,7106,7108,7134,7145,7195,7196,7207,7291,7333,7360,7363,7382,7391,7450,7452,7456,7460,7462,7463,7474,7475,7476,7499,7505,7507,7524,7539,7540,7541,7550,7601,7602,7603,7615,7626,7646,7652,7657,7684,7688,7737,7742,7772,7814,7825,7843,7922,7941,7942,7943,7944,7957,7992,7997,8002,8017,8018,8019,8068,8150,8160,8321,8330,8333,8334,8346,8351,8418,8421,8443,8465,8483,8488,8498,8505,8508,8516,8517,8518,8599,8610,8649,8839,8840,8841,8853,8856,8954,8955,8959,9036,9083,9085,9087,9122,9133,9162,9179,9180,9200,9224,9260,9290,9291,9344,9345,9346,9370,9390,9397,9398,9399,9408,9427,9441,9466,9484,9494,9495,9528,9562,9566,9567,9575,9576,9577,9580,9581,9582,9584,9604,9609,9610,9624,9625,9626,9641,9657,9668,9669,9689,9731,9754,9760,9783,9805,9850,9854,9866,9875,9934,9978,9979,10005,10020,10066,10079,10089,10094,10136,10158,10169,10176,10184,10235,10236,10238,10239,10240,10241,10245,10255
37	80,117,119,123,138,173,175,193,235,300,315,320,337,359,412,476,556,565,590,648,650,678,679,680,681,699,703,723,724,728,754,755,783,786,790,801,810,816,835,839,875,903,904,926,964,970,982,1000,1013,1028,1029,1031,1032,1033,1035,1040,1041,1042,1043,1045,1083,1182,1199,1254,1260,1268,1269,1270,1282,1300,1327,1363,1384,1401,1413,1415,1420,1421,1438,1441,1442,1446,1447,1450,1453,1477,1482,1497,1502,1510,1512,1522,1523,1524,1597,1635,1639,1640,1658,1661,1669,1672,1713,1714,1725,1730,1741,1743,1751,1772,1775,1777,1780,1789,1790,1791,1792,1821,1832,1833,1844,1845,1846,1847,1848,1850,1856,1900,1920,1934,1995,2032,2034,2076,2078,2079,2080,2083,2106,2130,2134,2137,2138,2160,2183,2189,2205,2237,2245,2270,2284,2291,2306,2314,2319,2327,2328,2329,2332,2334,2341,2350,2354,2390,2407,2412,2430,2431,2432,2433,2434,2440,2443,2448,2506,2532,2588,2598,2616,2621,2637,2639,2658,2664,2665,2666,2699,2731,2733,2734,2735,2736,2738,2742,2753,2825,2831,2881,2886,2901,2906,2907,2910,2928,2950,2968,2969,2970,2972,2973,3020,3023,3029,3096,3097,3108,3115,3118,3120,3125,3147,3160,3176,3177,3178,3181,3195,3212,3218,3220,3221,3222,3258,3265,3305,3316,3332,3357,3373,3380,3385,3398,3413,3430,3431,3494,3495,3496,3564,3595,3608,3632,3675,3678,3686,3692,3710,3713,3725,3749,3758,3759,3785,3788,3799,3807,3821,3824,3842,3853,3866,3908,3936,3937,3940,3941,3947,3970,3989,4009,4012,4013,4038,4046,4049,4050,4051,4052,4053,4054,4055,4056,4057,4058,4060,4061,4062,4063,4076,4079,4084,4097,4102,4104,4105,4132,4148,4157,4160,4180,4185,4202,4208,4211,4255,4263,4265,4274,4275,4276,4305,4312,4313,4318,4321,4335,4360,4365,4401,4409,4410,4439,4440,4461,4465,4472,4486,4502,4568,4593,4599,4601,4603,4635,4644,4645,4653,4654,4655,4656,4667,4695,4698,4699,4700,4701,4702,4705,4708,4712,4713,4714,4759,4763,4778,4779,4780,4781,4782,4783,4807,4841,4847,4856,4861,4872,4873,4874,4891,4892,4901,4902,4905,4906,4908,4915,4916,4946,4970,4988,4989,4991,4992,5017,5035,5062,5069,5070,5103,5104,5114,5137,5138,5139,5140,5161,5179,5183,5185,5189,5208,5220,5223,5225,5228,5240,5244,5245,5251,5262,5263,5264,5265,5271,5302,5308,5309,5311,5312,5341,5367,5405,5423,5442,5504,5522,5525,5526,5538,5556,5559,5567,5593,5623,5626,5627,5636,5723,5726,5731,5734,5744,5758,5771,5778,5779,5784,5786,5844,5849,5860,5875,5899,5919,5934,5943,5972,5977,5992,5999,6023,6030,6036,6037,6045,6047,6050,6051,6052,6066,6086,6125,6128,6136,6148,6154,6166,6167,6171,6172,6195,6210,6211,6219,6233,6240,6251,6255,6258,6269,6272,6273,6278,6293,6298,6308,6330,6334,6335,6336,6371,6439,6442,6482,6484,6499,6502,6532,6548,6587,6603,6604,6605,6609,6610,6619,6629,6666,6668,6670,6673,6674,6677,6681,6686,6687,6688,6706,6712,6715,6724,6727,6730,6735,6750,6777,6784,6785,6837,6838,6844,6880,6882,6900,6902,6906,6907,6908,6922,6935,6954,6957,6968,6970,6971,6994,7009,7016,7034,7038,7061,7078,7079,7085,7102,7105,7112,7117,7120,7177,7203,7232,7265,7271,7278,7294,7295,7311,7312,7335,7340,7393,7415,7416,7448,7449,7450,7454,7467,7468,7479,7482,7483,7488,7494,7533,7569,7593,7606,7631,7656,7659,7680,7689,7715,7740,7785,7811,7816,7820,7821,7822,7823,7847,7849,7855,7869,7871,7898,7905,7961,7970,7987,7999,8023,8024,8025,8026,8027,8028,8029,8030,8031,8032,8033,8034,8035,8036,8037,8038,8039,8040,8041,8042,8043,8045,8046,8107,8108,8109,8111,8125,8126,8129,8130,8131,8146,8152,8153,8154,8158,8199,8219,8227,8232,8261,8264,8279,8288,8289,8319,8324,8336,8343,8346,8377,8384,8402,8409,8457,8462,8463,8496,8513,8523,8524,8525,8526,8527,8528,8529,8577,8613,8614,8631,8638,8663,8679,8687,8691,8716,8743,8744,8751,8759,8760,8790,8825,8876,8895,8897,8908,8910,8911,8912,8917,8948,8949,8953,8958,8989,9017,9062,9073,9103,9108,9121,9125,9173,9181,9184,9189,9190,9206,9234,9235,9236,9250,9280,9327,9334,9335,9336,9351,9352,9354,9384,9403,9429,9436,9439,9443,9456,9457,9458,9459,9460,9466,9468,9473,9497,9568,9634,9652,9653,9654,9660,9668,9671,9674,9675,9676,9677,9678,9687,9692,9702,9724,9758,9770,9781,9814,9820,9856,9937,9941,9958,9968,10009,10052,10056,10061,10082,10108,10119,10149,10247
38	1336,1458,2559,3806,5024,5202,5484,5836,7087,7329,7331,7697,7837,7964,8056,8824,9306
39	70,82,84,123,202,325,453,464,568,596,597,598,618,623,626,627,635,654,655,739,796,804,821,841,922,1128,1142,1231,1232,1301,1318,1597,1631,1778,1834,1849,1863,1892,1947,1968,2138,2368,2369,2370,2372,2373,2374,2375,2389,2440,2447,2459,2475,2546,2569,2617,2655,2700,2715,2767,2787,2847,2857,2868,2952,2965,2966,3113,3157,3308,3345,3473,3486,3490,3492,3493,3502,3507,3510,3544,3623,3708,3709,3756,3870,3890,3927,3935,4009,4177,4444,4453,4498,4520,4522,4528,4562,4564,4565,4566,4569,4577,4626,4630,4651,4719,4773,4848,4997,4999,5052,5053,5084,5171,5191,5223,5225,5246,5247,5248,5288,5297,5298,5299,5304,5436,5439,5507,5524,5590,5595,5596,5597,5598,5802,5840,5849,5895,5922,5963,5993,6008,6095,6129,6165,6174,6182,6213,6226,6359,6389,6393,6394,6414,6436,6446,6505,6663,6749,6897,7014,7025,7212,7239,7264,7321,7343,7344,7383,7664,7682,7690,7691,7692,7693,7710,7751,7832,7843,8073,8074,8075,8076,8077,8262,8296,8319,8363,8418,8426,8602,8616,8621,8661,8710,8749,8780,8781,8782,8783,8832,8931,8988,9021,9031,9201,9211,9252,9254,9310,9363,9432,9489,9504,9554,9559,9573,9588,9606,9622,9673,9713,9753,9756,9757,9812,9922,9923,9941,9969,9981,10049,10079,10130
40	283,553,637,638,794,855,976,1274,1275,1331,1412,1550,1899,2246,2254,2331,2600,3077,3101,3158,3483,3512,3752,3754,3854,3908,4647,4739,4956,5016,5122,5193,5212,5346,5420,5426,5666,5930,6088,6155,6158,6207,6208,6457,6458,6679,6685,6702,6877,6881,6967,7054,7057,7084,7097,7974,8015,8064,8198,8199,8217,8352,8353,8354,8371,8478,8509,8830,9027,9033,9064,9065,9066,9284,9624,9640,10103
41	67,133,143,231,234,238,310,332,338,495,557,582,604,605,649,691,788,792,794,847,848,849,850,884,891,1036,1047,1085,1094,1116,1117,1208,1210,1211,1254,1362,1396,1435,1580,1597,1603,1628,1629,1803,1868,1932,1976,1997,2018,2085,2090,2092,2172,2260,2409,2653,2673,2742,2762,2763,2773,2913,3034,3063,3106,3107,3137,3149,3257,3268,3304,3305,3415,3430,3434,3447,3468,3484,3507,3714,3789,3907,3943,3987,4079,4085,4090,4096,4098,4109,4152,4177,4179,4308,4462,4529,4532,4538,4569,4668,4670,4814,4882,4889,5034,5069,5072,5095,5223,5235,5260,5324,5325,5402,5427,5429,5606,5645,5647,5699,5739,5849,5851,5861,5869,5879,5909,5916,6006,6121,6122,6367,6507,6527,6528,6613,6676,6684,6692,6810,6814,6823,6842,6847,6849,6901,6910,6925,6981,7031,7032,7033,7037,7100,7121,7166,7286,7300,7301,7440,7506,7552,7556,7795,7826,7827,7833,7843,7911,8020,8117,8118,8119,8120,8121,8161,8302,8318,8320,8496,8573,8594,8636,8645,8663,8701,8707,8708,8858,8862,8889,8916,8918,8926,8975,8988,9022,9082,9102,9105,9120,9123,9143,9157,9166,9186,9449,9607,9781,9858,9894,9908,9919,9951,10058,10059,10158,10164,10165
42	121,123,124,129,219,226,316,336,515,516,577,719,777,881,1072,1152,1182,1256,1361,1369,1471,1472,1473,1841,1863,1864,1912,1930,2129,2164,2214,2371,2502,2503,2504,2572,2737,2739,2745,2782,2791,2862,2959,3080,3102,3144,3207,3305,3307,3627,3628,3629,3849,3851,4128,4185,4354,4484,4497,4602,4706,4741,4857,4865,4868,4869,4870,4876,4877,4878,4879,4890,4910,4919,4951,4993,5108,5163,5189,5327,5328,5400,5417,5613,5617,5738,5764,5849,5850,5976,5997,6060,6095,6096,6125,6137,6236,6628,6655,6708,6755,6758,6759,6804,6805,6848,6886,7073,7088,7089,7126,7168,7210,7434,7607,7658,7843,7844,8110,8112,8155,8173,8174,8175,8176,8177,8178,8200,8201,8224,8225,8226,8424,8539,8844,9020,9289,9314,9525,9591,9781,9782
43	63,73,75,103,104,105,106,109,111,112,113,128,130,140,204,236,280,281,284,293,297,298,318,319,321,389,404,435,449,466,475,478,489,508,514,519,639,653,688,689,695,708,758,762,846,874,879,901,908,972,984,985,999,1002,1034,1048,1058,1060,1070,1073,1090,1095,1102,1111,1126,1144,1147,1148,1168,1193,1244,1248,1261,1290,1294,1337,1364,1372,1413,1414,1416,1440,1466,1503,1519,1530,1557,1599,1604,1629,1647,1654,1655,1656,1657,1660,1667,1712,1732,1735,1739,1777,1785,1786,1890,1891,1929,1956,1972,1976,2057,2105,2113,2170,2200,2203,2204,2210,2226,2271,2273,2278,2285,2333,2351,2367,2440,2441,2468,2482,2514,2525,2526,2527,2555,2581,2582,2628,2661,2688,2689,2705,2755,2795,2811,2829,2861,2904,2929,2961,2971,2976,2977,3043,3044,3082,3090,3104,3114,3207,3208,3232,3233,3289,3305,3338,3344,3364,3390,3394,3408,3423,3425,3456,3477,3491,3500,3514,3533,3534,3535,3536,3564,3584,3684,3703,3722,3757,3766,3768,3781,3827,3913,3991,3999,4001,4018,4035,4133,4165,4190,4193,4261,4287,4348,4389,4414,4423,4445,4451,4490,4492,4532,4555,4569,4572,4582,4617,4625,4637,4640,4692,4693,4755,4764,4815,4816,4821,4827,4860,4963,4997,5012,5025,5054,5055,5077,5105,5106,5113,5115,5123,5129,5132,5167,5178,5183,5192,5200,5240,5268,5272,5362,5368,5395,5411,5422,5437,5444,5449,5458,5467,5473,5474,5480,5490,5491,5493,5566,5604,5657,5662,5729,5730,5732,5750,5755,5849,5923,5963,5990,5991,6004,6012,6013,6014,6039,6043,6098,6104,6105,6108,6117,6173,6175,6183,6196,6203,6238,6261,6263,6264,6294,6366,6412,6466,6467,6478,6557,6562,6593,6596,6598,6608,6624,6667,6698,6748,6769,6800,6836,6870,6911,6963,6964,6965,6998,7034,7067,7094,7098,7128,7150,7160,7161,7171,7187,7205,7279,7286,7337,7355,7400,7407,7417,7426,7442,7487,7514,7554,7557,7571,7574,7640,7708,7755,7773,7774,7788,7789,7790,7791,7792,7793,7794,7796,7797,7798,7807,7824,7866,7880,7881,7935,7939,7978,7991,8007,8082,8083,8086,8116,8125,8179,8180,8181,8182,8222,8223,8231,8241,8242,8243,8258,8282,8309,8339,8387,8389,8396,8436,8450,8453,8456,8458,8473,8501,8514,8538,8601,8617,8640,8690,8748,8767,8769,8775,8795,8809,8810,8843,8850,8851,8861,8863,8891,8898,8900,8906,8937,8973,8974,9018,9078,9088,9093,9104,9112,9115,9134,9154,9159,9214,9245,9297,9378,9391,9441,9532,9601,9612,9695,9696,9697,9715,9748,9766,9781,9821,9883,9918,9941,9999,10000,10003,10028,10031,10036,10053,10054,10055,10077,10093,10183
44	329,372,436,490,525,785,1044,1065,1071,1133,1276,1565,1644,2091,2215,2302,2331,2369,2423,2587,3327,3461,3639,3711,3773,3834,4995,5009,5255,5271,5470,5561,5625,6018,6049,6381,6404,6669,6672,6756,6887,6889,6892,6924,7418,7667,7824,8103,8104,8105,8185,8186,8187,8188,8189,8190,8191,8192,8193,8286,8287,8405,8506,8507,8553,8554,8622,8648,8733,8986,9011,9187,9349,9427,9615,9798,9799,9800,9908
45	1163
46	171,334,491,509,521,585,706,917,1146,1154,1187,1222,1496,1724,1755,1760,1761,1762,1763,1764,1765,1766,1767,1820,1842,1863,1903,2030,2031,2037,2058,2059,2131,2303,2387,2529,2680,2697,2767,2944,3038,3085,3124,3196,3278,3342,3343,3402,3430,3452,3455,3525,3563,3696,3757,3883,3900,4088,4103,4153,4176,4270,4287,4327,4328,4460,4461,4604,4752,4767,4775,4808,4824,4825,4826,4946,4987,5061,5088,5096,5198,5199,5209,5210,5218,5340,5450,5557,5574,5681,5724,5726,5849,5858,5917,5986,5996,6029,6042,6044,6048,6055,6095,6212,6274,6405,6411,6479,6589,6751,6822,6851,7022,7029,7330,7332,7537,7588,7812,7836,7849,7950,7951,7952,7953,7958,7963,7972,7975,8054,8055,8057,8058,8059,8060,8061,8062,8123,8157,8323,8325,8326,8380,8384,8410,8504,8636,8659,8662,8669,8671,8673,8676,8678,8695,8697,8699,8703,8705,8706,8731,8768,8779,8822,8823,8895,8908,8932,8982,9019,9070,9094,9098,9101,9119,9240,9306,9369,9406,9407,9649,9650,9728,9777,9813,9825,9832,9870,9871,9872,10189,10223,10253
47	311,393,394,395,396,842,923,1030,1044,1170,1212,1213,1214,1215,1526,1609,1787,1955,2097,2102,2216,2934,3093,3094,3095,3208,3328,3329,3346,3450,3667,3684,3828,3829,4264,4666,5051,5611,5835,5871,6067,6159,6227,6239,6241,6250,6382,6500,6503,6533,6539,6875,7045,7534,7535,7536,7538,7901,8321,8360,8361,8362,8363,8364,8365,8366,8367,8681,8753,8954,9325,9390,9844
48	2520,2521,5456,5457
49	1234,1235,1508,2444,2574,2575,2576,2814,3015,3016,3017,3043,3243,3737,3825,3826,4200,4373,4394,4463,5832,5833,6108,6266,6267,7155,7477,8283,8284,8285,8481,8482,9307,9308,9817,9818,10217,10218,10219,10220
50	142,171,326,390,411,441,451,538,687,876,877,931,1151,1243,1333,1548,1581,1861,1976,2038,2045,2104,2150,2188,2225,2243,2244,2454,2455,2515,2597,2690,2727,2830,2869,2954,3025,3073,3074,3075,3083,3088,3123,3270,3309,3559,3609,3625,3650,3674,3720,3738,3742,3778,3975,4068,4119,4156,4337,4449,4477,4495,4533,4598,4618,4679,4681,5065,5191,5223,5317,5564,5638,5639,5763,5770,5794,5796,6360,6633,6800,6872,7363,7686,7741,7775,7823,8255,8311,8438,8441,8532,8746,8836,8837,9025,9205,9262,9263,9264,9265,9270,9413,9414,9444,9445,9446,9447,9524,9827,9983,10042
51	73,136,186,331,382,665,958,1014,1104,1131,1132,1141,1153,1297,1422,1467,1504,1634,1800,1801,1878,2065,2139,2174,2218,2219,2568,2777,2815,2870,3043,3172,3192,3237,3238,3457,3523,3524,3644,3684,3760,3888,3931,3932,3933,3934,3962,3963,4002,4003,4045,4093,4094,4380,4387,4429,4461,4511,4579,4696,4716,4731,4756,4929,4953,5081,5082,5083,5270,5318,5480,5532,5630,5652,5655,5710,5711,5767,5798,5838,5849,5862,5867,5874,5928,6072,6120,6125,6168,6169,6170,6202,6700,7013,7103,7122,7123,7124,7125,7179,7180,7181,7217,7334,7351,7473,7613,7651,7660,7661,7662,7711,7768,7819,7877,7878,7879,7976,8009,8125,8209,8210,8211,8212,8213,8214,8215,8216,8244,8319,8378,8439,8487,8544,8546,8547,8548,8562,8632,8633,8647,8702,8745,8817,8901,9023,9034,9035,9155,9362,9385,9482,9483,9497,9605,9720,9776,9845,9881,9955,10079,10095,10096,10098,10099,10152,10244
52	131,152,189,218,487,522,633,634,748,902,988,1025,1089,1199,1300,1406,1423,1480,1540,1543,1609,1620,1633,1718,1782,1879,1919,2019,2141,2179,2181,2202,2253,2346,2379,2381,2382,2383,2384,2388,2427,2473,2654,2678,2816,2826,2839,2894,2903,2931,3009,3033,3063,3088,3269,3305,3312,3327,3384,3481,3648,3702,3706,3707,3819,3867,4037,4038,4039,4226,4227,4234,4248,4407,4428,4501,4509,4536,4549,4569,4627,4659,4753,4754,4840,4895,4922,4997,5036,5464,5469,5503,5533,5538,5706,5756,5761,5772,5932,5980,6073,6241,6486,6547,6635,6638,6639,6800,6807,6827,6829,7066,7072,7130,7133,7325,7592,7621,7720,7721,7753,7778,7848,7865,7959,7982,7983,7996,8164,8316,8344,8393,8440,8476,8480,8542,8545,8715,8723,8776,8848,8968,9141,9319,9321,9322,9462,9639,9699,9716,9735,9736,9749,9752,9793,9794,9795,9796,9880,9959,9990,10007,10079,10157,10194
53	145,187,405,488,1098,1118,1236,3121,3305,3701,4768,5223,5230,5272,5274,5483,7007,7716,7722,8933,8934,8938,9182,9357,9474,10226,10227,10228
54	457,935,1576,1954,2062,4392,5229,5413,5414,5415,5822,6718,7526,7527,7528,7985,9038,9039,9040,9683,9882,10019,10167
55	2509,3914,3915,5180,9117,9278,9283,9810
56	340,583,719,2155,2395,3384,4037,4062,4807,5270,5295,5462,5898,6382,6487,6669,7152,8005,8277,8625,8959,9409,9662
57	222,241,290,291,301,318,327,452,767,851,1074,1223,1225,1238,1266,1431,1526,1709,1731,1814,1957,2033,2098,2108,2155,2165,2182,2211,2212,2216,2313,2436,2450,2567,2619,2620,2764,2779,3050,3088,3111,3112,3262,3273,3288,3327,3407,3489,3612,3617,3624,3643,3678,3712,3859,4009,4068,4204,4249,4358,4370,4461,4482,4529,4553,4554,4719,4894,4928,5223,5252,5258,5274,5428,5430,5447,5607,5616,5962,6015,6053,6061,6085,6103,6125,6236,6271,6281,6607,6628,6717,6817,6941,7189,7209,7218,7219,7241,7255,7299,7353,7521,7552,7627,7649,7703,7783,7806,7843,7919,8194,8320,8321,8356,8442,8446,8447,8620,8644,8650,8653,8787,8813,8814,8815,8816,8848,8849,8895,8960,9079,9196,9261,9300,9301,9302,9303,9304,9305,9392,9467,9469,9470,9477,9523,9569,9617,9646,9647,9781,9784,9873,9904,10027,10053,10079,10082,10123,10140,10141,10168
58	851,1285,1955,2020,2269,2474,3210,3602,4437,5334,6214,6225,8549,8550,8558,8634,8845,8846,9068,9127,9194,9315,9316,9317,9318,9320,9333
59	59,81,96,139,378,454,478,510,551,567,569,591,640,707,740,749,915,945,989,991,1103,1109,1143,1176,1257,1328,1329,1367,1403,1426,1612,1637,1668,1670,1674,1680,1777,1813,1926,1982,2011,2012,2013,2015,2164,2207,2216,2296,2490,2498,2512,2561,2595,2596,2742,2864,2867,2895,2936,3190,3217,3318,3341,3362,3410,3449,3558,3583,3651,3868,4101,4130,4137,4222,4223,4224,4352,4366,4413,4639,4641,4660,4668,4678,4683,4689,4842,4898,4941,4960,5013,5026,5040,5141,5223,5316,5403,5425,5517,5530,5616,5625,5684,5792,5846,5854,5877,5883,5887,5926,5934,6024,6111,6123,6129,6180,6181,6216,6228,6236,6288,6419,6477,6487,6611,6620,6621,6622,6631,6678,6682,6723,6867,6896,6909,7014,7034,7056,7090,7165,7211,7251,7252,7253,7265,7300,7322,7450,7469,7493,7532,7554,7576,7611,7612,7666,7668,7670,7674,7676,7677,7678,7687,7766,7865,7917,8007,8122,8206,8218,8220,8221,8321,8383,8422,8468,8469,8470,8475,8543,8852,8880,8908,8952,8954,9113,9126,9170,9174,9185,9188,9220,9244,9389,9496,9551,9552,9667,9685,9732,9734,9808,9908,9909,9910,9950,9979,9986,10128
60	142,343,803,963,1107,1160,1258,1626,1629,2229,2287,2288,2435,2513,2848,2980,2981,2982,3043,3271,3320,3331,3527,3726,4766,5118,5523,5653,6504,6725,7076,7203,7205,7439,7446,7600,7706,7707,7719,7752,8276,8609,8795,8984,9788,9792,9877,9920,10109,10110,10111,10121,10142,10143,10150,10151,10192,10193,10246
61	443,499,807,1366,1558,1905,2054,2111,2692,2850,3875,4596,4859,5231,5250,5333,5781,5782,5783,6721,6999,7669,7736,8576,9142,9645,9944,9945,9946,10229,10230,10231,10232
