district	schoolName
0	5295,5296
1	69,288,570,1067,1195,1457,1495,1622,1623,2859,3122,3382,3400,3633,3897,3906,4643,4718,5100,5888,6445,6460,6959,7897,8806,9091,9251,9960,10118
2	98,99,100,1365,5033,6034
3	1051
4	1975,4047,4266,4316,5876,5941,5942,8254,9533
5	134,1956,2402,2480,2604,2775,3501,3767,5894,5929,6194,9133,9582,9850,9934
6	165,166,1209,1993,2117,2941,5091,6654,9404,10224,10225
7	163,164,168,169,330,356,781,2478,2699,2914,3293,3305,3988,4355,5228,5811,6351,7698,7925,9095,9096,9984,10006
8	176,177,178,179,2056,5511,5673,6679
9	211,1114,1616,2890,3337,3430,3660,5651,5704,5735,6151,7010,7450,7579,8066,10024,10190
10	223,752,1637,2138,2547,3294,3337,4476,4526,6118,6664,6831,9644
11	241
12	290,291,9305
13	300,1045,2137,4486,6240,8346
14	305,309,740,1461,2314,3194,4021,4448,7319,9581,9625
15	318
16	322
17	63,130,297,489,874,1629,1890,1891,2482,4190,4617,4815,4821,5105,5115,5240,5491,5990,6596,6667,7571,7574,7939,8007,8974,9154,10031
18	339
19	232,340,341,342,524,526,1939,3207,4089,4887,4926,4973,5319,6312,6497,7140,7352,7882,7949,8852,8864,9084,9358,9492,9833,10222
20	8376
21	344,520,4289,4331,4332,4391,4393,7169,7208,7262,8935,8936
22	768,2695,3299,3459,3593,3763,3980,4454,4643,4751,5217,5282,5520,5591,5722,6717,6786,6942,7286,7336,7588,7839,7896,8784,8880,9917
23	379,718,1137,2217,2240,3532,4183,4530,4687,5184,5283,5539,6794,6863,8252,8574,8956,9725,9902
24	394,396,6533
25	457
26	463
27	461,462,2398,2406,2674,4071,4839,5005,5269,6950,6952,7152,7395,7414,8519,8520,10012
28	468,469,470,471,472,865,934,981,1101,1456,2241,2317,2416,2533,3337,3684,4387,4760,5273,5333,5721,6045,6274,6802,7012,7357,8937,9323
29	483,485,2394,3678,4048,5659,7145,7499,7688,8160,8483,8959,9528,10238
30	503,504,714,1347,3166,3223,4072,4131,4228,5342,7485,7618
31	506,1901,3372,7548,8886,9380
32	517,6890
33	542,2176,7035
34	546,8089
35	806,2751,3901,8443
36	637,638,3158,6155,6967,8015,8064,8199,8217,8830,9033
37	158,644,853,854,2865,6070,6071,7099,8349,9153
38	317,646,3028,7784,8499
39	217,686,1587,1689,1867,3211,3542,3543,3981,5337,5538,6236,7002,8418,8502,9499,9574,9707
40	700
41	918,919,1464,1505,1637,1771,1931,1943,2005,2206,2528,2538,2544,2887,3043,3297,3305,3337,3848,3983,4193,4201,4461,5152,5340,5849,6269,6287,6311,7080,7202,7419,7445,7843,8321,8426,8750,9700,9751,9787,9807,10025,10036
42	713,1597,1681,1682,2297,2875,2958,3258,4473,4717,5643,6521,6714,7255,8194,8445,8448,9253,9621,9734
43	717
44	719
45	720
46	730
47	733,734,735,736,1249,1597,3187,3976,4118,6010,6390,6443,7578,8925
48	739,6436
49	763,764,765,766,1228,1344,1599,1661,2161,3977,5149,6113,8498
50	6602,6641
51	772,774,2472,2693,4371,6578,8880,9227
52	788,3434
53	712,937,938,939,1723,3099,6526
54	812,813,6498,8095
55	17,439,815,817,818,1143,3565,4066,6241,6941,8069,8876,9171,9237
56	842
57	851
58	4696,5874,9023
59	182,856,2127,2962,2998,3285,4323,5029,5816,7450,8541,8756,9146,9781
60	1597,1803,3268,6367,7440,7556,8161
61	864
62	876,877,1976,4495,5191,5770,5796,7775
63	8439,8817,10244
64	893,894,895,896,897,1753,2126,2886,3310,4189,4461,4569,4769,5112,5339,5575,5746,6864,7522,7856,9169,9228,9383,9781,9992
65	908,1144,1735,5012,5566,6203,6466,6557,7161,7935,8450,8843,9245,9612
66	932,933,2797,3908,6187
67	940
68	941
69	2474,9068,9194
70	943,944
71	946
72	947,948
73	949,950,951
74	974,975,4164
75	371,2449,3511,3615,6555
76	881,3101,3102,9289
77	1003
78	1017
79	237,535,1026,1671,3315,3541,3649,4378,4932,5330,6617,7457,8044,9651
80	1031,1032,1033,6484,7061
81	1040,1041,1042,2431
82	750,4379,5975,6313,7135
83	1075,2403,7570
84	547,1076,1077,1078,1079,5069,5694,6709,10002
85	122,1086,2708,3433,5316,5720,5765,7203,7413,7831,9997
86	1092
87	1109,6723
88	1116,5260,6981
89	1118
90	1005,1169,1309,1342,1710,6615,7700,7824,8455,9998
91	4602,6628
92	576,1178,1427,1685,3641,4405,5505
93	1089,1196,1200,1204,1205,1219,2278,3507,4192,4489,4572,5482,5542,6150,6773,7359,7410,7436,9130,9143,9146,9745,10020
94	1211,3305,4179,5223,5849,7843,9781
95	1223,1225,4482,6607,8848,10027
96	1233,2053,5937,6235
97	1234,1235,1508,7155
98	1241
99	2438,9192
100	338,2773,3106,3107,3789,5606,7166
101	476,679,1000,1043,1269,1270,1714,2160,2733,2881,3195,3373,3725,4097,4401,4593,5183,5405,5522,5538,5919,6171,6330,7494,7689,8343,9668,9702
102	1283,1284,1285,1286,1291,1551,1552,6229,6230
103	1289,1292,3603,4469,6083,7423,8001,9488,9869
104	663,990,1295,1296,1629,2488,2930,4461,4721,5565,7805,10022
105	1311
106	1312
107	1313
108	954,1315,3339,3652
109	1316,1317,6934
110	695,3104,3114,7337,8243,8748
111	1346,1360
112	984,985,1364,1413,1414,1530,3232,3233,5493,5729,5730,6098,7824,7880,7881,8387,8389,9601
113	1058,1073,1337,2333,5129,7355,9918
114	1366,2054
115	227,228,566,776,907,1105,1310,1402,1405,1408,1409,1429,1518,1669,1840,1992,2008,2248,2342,2470,2471,3509,3860,4042,4561,4634,4669,4804,4943,4944,4957,5027,5030,5036,5628,5635,5658,6215,6425,6448,6607,6835,6866,6933,7137,7616,7617,8021,8092,8094,8404,9090,9191,9296,9592,9661,9662,9714,10127
116	117,119,1420,1421
117	678,1182,1282,1438,4185,4461,4708,5538,6900,7265,9473
118	1444,1445,1449,1450,1451,1452,9299
119	226,1369,1471,1472,1473,7658,8844
120	1493,1494,5629
121	393,395,5871
122	1513,1514,5271,6546
123	1526
124	279,1392,1393,1533,1534,1535,1536,1537,1538,1646,1738,2141,2142,4290,4291,4470,4471,5726,5727,6973,6974,7349,7350,7549,7553,7910,8728,8729,9529,9530
125	1550
126	578,1586,1831,2222,3589,5831,6501,6610,10078
127	3100,3910,5080,5173,6401,7409
128	805,1597,2121,2192,2193,2477,7942,7943,9441
129	959,1600,1606,2754,3540,3818,3889,4024,4420,4584,5849,6485,7058,7059,7118,7687,7704,7843,9030,10030
130	159,1597,7408,8808
131	1607,1608,2397,7153,8612
132	1179,1610,2251,3474,3561,5406,7515,8114
133	522,988,1480,1540,1609,1620,1633,2473,3819,4501,4922,5464,5503,5533,7066,7996,8476,8848,9639,9752,9959
134	307,308,1648,1650,1651,1949,3012,5418,5419,6116,6753,7474,9494
135	328,1649,1652,1950,3013,6754,7475,9495
136	693,1105,1562,1711,3562,7918,8791,9781,10052
137	1718,6241
138	1745,1746
139	91,936,1004,1584,1676,1747,1748,1749,1811,2898,3065,4170,4319,5266,5313,5669,5719,5859,6352,6634,7034,7249,7873,8363,8394,8440,9976
140	220,438,1059,1181,1240,1271,1390,1669,1768,1769,1770,2107,2429,2466,2590,2599,2729,3517,3573,4044,4205,5174,5488,5541,5953,6429,6624,7456,7772,7825,7922,9731,10136
141	3081,5920,7834,8761,10082
142	1773
143	1788
144	235,565,786,1327,1510,1522,1789,1790,1856,2034,2440,2664,3120,3160,3788,3842,3947,4009,4102,4208,4645,4705,5062,5104,5161,5189,5312,5367,5723,5860,6166,6273,6735,6837,6970,7034,7606,7816,7820,7871,7987,8463,8895,9190,9439,9497,9568,9687,10119
145	1796
146	1800,1801
147	1669,1837,1838,1976,2009,2252,2796,6657,8009,8866,8954,9666
148	1878,4461,9776
149	314,1166,1172,1564,1583,1615,1843,1882,1883,1884,1885,1886,1887,1888,1889,1917,2041,2119,2562,2932,3105,3247,3327,3430,3453,3522,3681,4435,4461,4686,5189,5223,5615,6032,6236,6364,7178,7521,7525,7590,7740,7815,8443,9013,9056,9475,9642,9830,10162
150	1012,1264,1629,1894,1895,2043,2395,4557,4884,5038,5882,6245,6569,6665,6947,7131,8250,8290,9229,9438,9492,9878
151	450,1335,1742,1896,1897,3985,4250,4251,6361,8908
152	1331,1899,5122,8198
153	1912
154	1922
155	1930,8224,8225
156	73,214,997,1951,1952,2035,2163,3516,3668,3669,4493,4675,5762,5952,7082,7524,7941,7944,8150,8505,8955,9085,9087,9370,9754,9783,10020,10158
157	1953
158	1955,5835,6241
159	1955
160	1957
161	1964,1965,1966,3499,4425
162	391,1194,1221,1497,1578,1627,1873,2000,2001,2004,2006,2286,2428,2465,2801,2886,2935,3258,3275,4708,5073,5340,5740,5818,5849,7433,7755,7843,7849,7872,9148,9177,9198,9527,9781,9943,10062
163	81,591,740,1612,1926,2013,2015,2216,2936,3583,4941,5013,5403,5530,5616,6419,7554,8321,8952,9170,9734,9808,9908,9909,9910,9979
164	114,1298,1596,1852,2024,2026,2636,3193,4381,5569,8859
165	2025,5196
166	1089,2044,4520,4572,4792,5705
167	1954,5822,6718,9882,10167
168	1576,2062
169	647,883,1578,1625,1817,1835,2069,2070,2071,2072,2073,2074,2081,2535,2536,2582,2675,2761,2823,3207,3435,3507,3830,4068,4162,4461,4505,4530,4583,5120,5172,5221,5441,6474,6475,6476,6783,6787,7028,7315,7709,7740,7834,7855,8235,8443,8926,9055,9571,9590,10020,10158
170	2076,2078,2079,2080,2621,6935,8462
171	3043,4579,5083,5652,6125,7473,7613,7819,9034,9035,9155,9385,9720
172	2097,6500,9844
173	756,873,2112,2216,3087,3751,5023,5037,5611,5925,5926,6556,7907,8449,8572,9267,10170
174	2191,5370,7476,9122
175	2195,2196,2197,2198,2774,2794,3116,4864,5257
176	73,1002,1244,1739,1777,2204,2226,2367,2582,2628,3408,3827,4490,4532,4569,4860,5437,5604,6117,6196,6294,6366,7407,7991,8436,8767,9715,9766,9883,10003,10028
177	2211,2212,2779,3617,5447,6817,6941
178	2213,7650
179	2214,8424
180	60,1836,3296,4661,5646,8765
181	963,1629,2229,2287,2288,3271,3320,4766,5653,6504,6725,7076,7203,7439,7752
182	2319,2430,4318,5943,6211
183	590,1447,2332,2334,6668,7961,8958,9234
184	1525,2336,2840,9372
185	2337
186	916,2151,2340,4494,5776,6223,7168,8909
187	1638,2360,2361,7756,9467
188	180,286,1555,2358,3337,3889,4936,6197,6581,7200,7347,9084
189	2364,2365,2752,3856,8259
190	2381,2382,2383,2384
191	73,357,376,402,1478,1945,2399,2552,2583,3506,3519,3876,3999,4196,4300,4301,4411,4426,4429,4529,4539,4920,4921,5492,5752,6939,6940,7623,8347,8855,9130,9147
192	2436,4461,4529,5223,7843,8446,9784
193	2453,5769,5998,9442
194	390,1243,2454,2455,3738,5564,9270
195	906,1155,2499,2500,2501,9930
196	2509
197	167,1470,1960,2505,2518,2519,3403,3460,3746,4278,5176,6704,7338,7671,7679,8741,8930,9396,9759,9767,10036
198	456,460,760,2123,2144,4014,6713,7386,8466
199	400,811,2564,5807,6262,7919,9492
200	2099,2565,2566,2822,3324,3862,4377,4408,4541,6297,9468,9833
201	2567
202	2574
203	2575,2576
204	2578,2579,2580
205	222,2619,2620
206	103,293,404,478,688,1294,2635,2976,2977,3044,3208,4287,4423,4827,5055,5474,6264,6608,7098,7150,7160,8082,8083,8223,8456,8861,10000,10183
207	1619,2659,3043,3664,4109,4867,5069,5121,6280,6296,6679,6799,8281
208	1100
209	1955,2672,2933,3529,9181
210	2701,6795
211	722,2299,2391,2757,3848,3948,4163,4268,4722,5223,5644,5741,5849,8878,9781,10081
212	1684,2771
213	2769
214	2713,2768,4283,6625,7287,9379
215	1734,1860,1955,2084,3528,5125,6396,7309,8400,9162,9982,10174
216	554,2780,2781,3136,6238,7883,8565
217	971,2577,2793,2855,5535,6520,6523,7684,7717,7718,7923,8583,8742,9425
218	518,1588,2799,2800,7639
219	2810
220	440,527,544,573,745,1307,1325,1479,1683,2093,2277,2290,2706,2717,2832,2836,2843,2844,2845,2851,2860,3185,3188,3189,3260,3308,3864,3955,4019,4336,4349,4404,4434,4478,4527,4580,4619,4624,4691,4952,5028,5534,5691,5777,6156,7242,7243,7316,7510,7665,7764,7765,7912,7994,7995,8370,8789,8904,8985,9197,9258,9377,9467,10250
221	2846
222	292,295,2874
223	444,2891,2892,2893
224	218,902,1406,1782,2903,6486
225	1413,1415,2738,3178,4873,6047,6673,6674,6724,7009,7078,7079
226	311,1044,5051,6067,6875,7045,7536,7901,8366
227	2389,2787,2965,2966,3113,9673
228	810,903,1597,1845,1847,2032,2327,3115,3125,3564,4012,4013,4046,4667,4861,5223,5999,6052,6442,6499,6610,6784,7203,7393,7569,7659,7785,7869
229	1846,1848,2328,2329,2968,2969,2970,2972,2973,6785,8130,9468
230	2980,2981,2982,5523
231	1433,1499,1556,2281,2289,2638,3011,3014,3691,4011,4558,7108,8856,9083,9854,10094
232	214,1544,3027,3684,4946,9781,10106,10254
233	3048,3727,5558,6640,6716,6736,7646,10046
234	1261,1466,1557,1647,2514,3043,3500,4133,4414,4555,4692,5077,5991,6562,6593,7400,8458,9214
235	327,3050,7806,10082
236	3070,8399,9637,10252
237	411,441,538,687,1861,2045,2150,2188,2244,2515,2597,2690,3074,3075,3088,3674,3720,3778,4679,5065,5763,5794,6360,6633,6872,7363,7823,8311,8836,8837,9205,9827
238	1212,1213,1214,1215,3093,3094,3095,6239,6250
239	3097,4410,4908,5271,5559,5771,5977,8126,10009,10061
240	3096,4365,6666
241	2313,3111,3112,3327,3489,4370
242	4334
243	3141,3142
244	3148
245	7211
246	574,2790,3162,3163,3164,3165,3922
247	992,1428,2048,2049,2050,2051,2052,2905,3197,3198,3199,3200,3201,3202,3600,4803,5790,6007,6339,6350,6600,7129,7472,7591,7743,7938,8163,8939,9128,9659,9705,9743,9954,10041
248	197,282,284,822,962,1385,1669,1812,1815,2216,2272,2461,2491,3203,3204,3205,3206,3877,3975,3990,4667,4671,4694,5271,5294,5585,5616,6531,6619,6707,6955,7291,7505,7550,8321,8346,8421,8599,8610,8853,9036,9200,9641,9805,9875
249	3235
250	3237,3238
251	2247,3240,3241,6576,7550,9172
252	3246,4017,6259,8433
253	3249,6483,7555,8566,9199
254	3248,3250
255	2109,2116,3378,3539,5785,6427,6699,7234,9000,9007
256	3266,3267,4585,5573,5726
257	3305
258	105,1102,1416,1929,2057,3305,3390,4451,4816,4963,5395,5849,7442,7755,7794,7798,8231,8396,8795,8973,9695,10093
259	363,513,685,1108,1145,1254,1589,1804,2592,3234,3314,3334,3389,3545,3574,3896,4343,4376,4422,4515,4530,4537,4540,4560,4616,4628,5130,6056,6057,6061,6449,6595,6722,7027,7071,7777,8766,9167,9213,9448,9655,9760,9771,9783,10010,10204
260	1976,2203,3338,4165,5490,6105
261	3346
262	3348,3349
263	920,942,1424,2156,2703,4231,4740,6130,6406,7441,9633
264	127,157,160,433,592,682,684,698,970,1191,1192,1218,1326,1332,1489,1490,1577,1955,2039,2275,2310,2331,2408,2413,2662,2677,2698,2700,2704,2838,2950,2953,3045,3056,3154,3180,3239,3245,3337,3351,3381,3527,3799,3944,4000,4122,4159,4346,4372,4391,4461,4732,4733,4773,4787,4834,4854,5011,5079,5449,5577,5584,5690,5815,5830,5857,5975,6084,6204,6275,6496,6582,7139,7149,7154,7314,7385,7780,7813,7845,7906,7945,8256,8271,8321,8414,8500,8603,8734,8896,8908,8926,9041,9069,9145,9195,9323,9485,9526,9597,9627,9804,9814,10079,10090,10115,10122,10203
265	1955,2443,2923,3369,7392
266	81,823,1971,2227,3134,3607,4020,4945,4959,5616,6440,6792,6891,7512,7633,7749,7823,8913,9429,10134
267	1177,3376,3377,4888,4927,4938,8550,8887,9294
268	3086,4965,5641,7713,7767,9481,9565
269	3001,3404,5195
270	62,142,153,170,1019,1136,1154,1245,1872,2484,2556,2582,2614,2725,2926,2956,3004,3008,3048,3119,3411,3412,3471,3531,4009,4112,4367,4416,4429,4562,4573,4609,4920,4974,5151,5170,5256,5371,5438,5455,5578,5667,5709,5924,6070,6198,6426,6689,6909,7034,7075,7308,7406,7466,7723,7895,8235,8240,8719,8758,8895,8926,9156,9717,10132
271	3430
272	977,2882,3438,4088,6157,7605,8156,9057,9988
273	1170,1609,3450,3667,6227,8365
274	3469
275	3523,3524
276	475,1148,1786,2555,2795,2829,3533,3534,3535,3536,3564,5025,5473,6261,7807,8538,8601
277	73,397,703,883,1622,1874,1935,1961,2157,2238,2573,2821,3568,3578,4000,4193,4520,4562,4569,4875,5703,6125,6222,6879,7405,7888,9131,9143,9146,9492,9558,10160
278	2194,3569,3594,4885,8159,8304,8728,8931,9947,10035
279	3575,8834,9718,10004
280	3576
281	3598,7250
282	3604,8941
283	7216
284	1382,3971,8077,9256,9257
285	9814
286	1072,2739,2862,3207,3627,4128,4354,4706,4910,5108,6236
287	3089,3634,3635,4886,8540
288	3684
289	834,3693,3695,5489,5642
290	3088,3680,3723,3725,4198,5155,5845,7229,7230,7421,9440,9701
291	1629,5766,6598,9690
292	3737
293	2987,3740,5849,8957,10079
294	1672,2637,2735,2736,2753,2831,3218,3220,3678,3749,3970,6128,6219,8227,8743,8744,9436,9856
295	4741,5764
296	3760
297	3769,3770,3771,7204,7206,7828
298	709,979,1302,1563,2356,3076,3554,3673,3704,3780,4858,4918,5044,5367,5368,5414,5427,5931,6364,6435,6788,6937,6941,7381,8449,8618,8619,8908,9058,9437,9453,9465,9816,10034,10048,10101,10171
299	2849,3798,3799,3800
300	3507,3799,3813,3814,4457,4531,4621,5119,5223,5741,6095,7843,10159
301	2612,3811,3812,3815,3816,3817,8428
302	3825
303	3828,3829
304	3881
305	1171,3018,3911,3912,4453,4852,7317,7447,9776,10199,10251
306	467,1052,1084,1090,1199,1635,1733,2629,2685,2686,2820,3088,3092,3546,3613,3846,3919,3920,4065,4272,4846,5098,5343,5358,5749,6254,6949,7010,7946,8257,8459,8607,8624,8793,8821,8829,9071,9269,9364,10112
307	3172,3931,3932,3933,3934,5630
308	3945,3996
309	3967,7742
310	83,200,603,778,1549,2271,2424,3103,3368,3856,3957,3973,3974,4262,4395,5267,5865,7450,7501,8999,9441,9884,9900,9965,10091
311	4022,4023
312	1397,1448,1559,2100,2220,3019,4032,4033,4135,4629,4667,4801,4855,5214,5616,5927,5940,6041,6079,6612,7463,8841,9224
313	4037,4038,4039
314	2172,6507,8573,9858
315	1948,2827,4110,4111,4345
316	1287,1288,1621,3393,4127,4129,4940,5823,7412,7496,8897
317	2900,4150,4151
318	4185,6125,9591
319	4200
320	454,569,1680,2595,3318,4137,4223,4660,7034,7612,8880
321	2427,2894,3269,4226,4227
322	2730,6542,6543,6544
323	151,3005,4247,4347,4543,4576,4623,4765,7435,7948
324	1898,2700,3261,4235,5680,6680,9498,9916
325	4254
326	4264
327	872,3292,4273,4279,8983
328	4281
329	418,886,930,1590,1752,1823,1893,2187,3282,3645,4068,4220,4256,4257,4306,4307,4711,4931,6094,6200,6626,9768,9974,9975,10172
330	4481
331	198,802,1023,1161,1401,1932,2139,2199,2221,2318,2623,2671,2751,3729,4340,4341,4467,4991,5872,6557,6558,6601,7240,7302,7306,7495,8236,8449,8575,8639,8788,8795,9326,9387,9388,9540,9688,9924,9941,10131,10132
332	4397
333	4437
334	3710,4439,4440,6609
335	464,884,2260,3137,3304,3415,3468,3507,4453,4529,5647,5699,6174,8926,9143,9157,9211,9908,10158
336	143,4462,6684,8862,9082,9166,9919
337	1474,4587,7808,10057
338	2432,4653,4654,4656
339	4655,7533
340	141,1359,3557,3677,4282,4297,4672,4673,4674,6022,6038,6052,6578,7070,7096,7107,7924,8492,8763,8785,8897,9293,9504,9876
341	4466
342	2682,4709,4710,6247,7744
343	120,465
344	4731
345	300,457,2239,4734,4975,7092
346	2934,3626,4736,4737,4738,5189,8867
347	701,3747,4685,4743,4744,4745,9479,9772,9773,9862,10123
348	645,661,1984,8165,8454,9480
349	6514
350	583,702,1579,2631,3208,3362,3618,4071,4287,5191,6025,6506,6577,7647,7782,7932,8350,8571,8778,9183,9658,9693,9855
351	4746
352	4747
353	748,4753,4754
354	1662,2347,4770,7146,8197
355	64,1818,3467,4461,4697,5223,5837,6234,6782,7559,7560,8380,8452,9152,9781
356	4369,4788,4790,4791
357	4789
358	7420,7843
359	4795,4796
360	4811
361	4794,4835,5958
362	6813,9286
363	4840
364	6705
365	1216,1432,2642,4078,4851,5451,5452,7280
366	4865,4866,6938,6990
367	9272
368	500,2759,4280,4942,5032,5041,8443,9734,9787
369	4889,7121
370	680,681,723,724,1502,3177,4079,4712,4713,4714,4901,4902,4905,4915,4916,5137,5308,5309,5778,6293,6298,6548,7038,7482,7483,7821,8277,8279,8949
371	1227,3828,4946,5502,8641,8725
372	2783,4949,4950,9175,9176,9219
373	4961
374	4962,8067
375	1857
376	4968
377	1391,2096,2274,2481,2614,2871,2872,2873,3930,4452,4703,4983,4990,5475,5512,6824,7424,7608,7834,8951,9054,9080,9328,9977,10001,10116
378	161,952,4980,6268,8420,8597,8598,8997
379	1854,4984,4985,4986,6346,9086
380	2479
381	3020,4988,4989,4991,4992,5138,5251,6336,7715,7740,9184,10108
382	325,922,4999,6226,8296,9969
383	213,5000,6241,6314
384	349,2178,2404,2437,2622,2767,2924,3379,4267,4388,4508,4631,5004,5203,5223,5236,5237,5694,6125,6318,6415,7215,8416,8890,9893
385	2110,3791,6358
386	4882,5034
387	154,216,575,782,1237,1277,4296,5042,5249,5478,5696,7902,8842,9950,10182
388	5046
389	5049
390	2014,5057,5058
391	0,1,2,3,4,5,6,7,8,9,10,11,12,13,14,15,16,18,19,20,21,22,23,24,25,26,27,28,29,30,31,32,33,34,35,36,37,38,39,40,41,42,43,44,45,46,47,49,50,51,52,53,54,55,56,57,78,85,88,89,126,137,149,156,184,190,191,194,206,207,243,247,249,259,267,272,274,275,276,303,306,348,350,351,353,355,374,375,384,387,398,407,409,413,419,429,432,434,446,448,473,474,479,481,494,497,498,511,529,533,539,540,561,589,607,612,614,617,628,629,642,652,669,704,710,726,727,731,737,742,759,761,770,773,800,820,824,825,838,852,858,859,861,863,866,868,870,889,913,927,953,967,969,994,1007,1024,1056,1062,1064,1068,1080,1088,1096,1097,1106,1110,1119,1122,1123,1124,1129,1138,1140,1159,1162,1163,1165,1174,1175,1197,1201,1203,1220,1224,1229,1242,1252,1253,1263,1273,1279,1281,1323,1324,1340,1349,1351,1355,1357,1371,1373,1374,1376,1378,1381,1387,1407,1437,1439,1460,1463,1469,1483,1484,1485,1491,1498,1515,1516,1521,1529,1547,1567,1570,1572,1574,1591,1595,1605,1617,1630,1642,1664,1675,1686,1701,1706,1708,1715,1716,1720,1722,1728,1729,1756,1757,1758,1795,1799,1809,1810,1826,1828,1830,1853,1862,1865,1866,1869,1876,1907,1909,1915,1923,1941,1959,1962,1970,1973,1974,1981,1986,2002,2003,2063,2101,2115,2145,2148,2149,2153,2154,2166,2184,2209,2234,2236,2249,2257,2262,2265,2268,2292,2295,2308,2321,2348,2363,2380,2386,2410,2452,2456,2457,2458,2460,2463,2494,2496,2523,2531,2541,2557,2558,2560,2584,2605,2608,2624,2640,2641,2645,2646,2648,2650,2657,2668,2669,2683,2684,2702,2724,2747,2749,2766,2784,2803,2805,2807,2808,2824,2833,2835,2852,2854,2877,2880,2883,2888,2908,2918,2921,2964,2978,2985,2991,2992,2993,2994,2995,3000,3022,3030,3039,3042,3053,3054,3057,3058,3061,3062,3068,3071,3109,3138,3140,3156,3171,3173,3175,3182,3183,3191,3244,3255,3274,3276,3284,3302,3303,3306,3311,3335,3336,3340,3354,3355,3358,3366,3371,3375,3388,3397,3399,3409,3416,3417,3419,3420,3424,3428,3429,3432,3436,3440,3442,3443,3444,3445,3462,3479,3488,3521,3547,3549,3550,3551,3552,3555,3571,3582,3591,3592,3596,3631,3655,3657,3659,3663,3665,3672,3682,3683,3687,3689,3697,3698,3700,3739,3744,3745,3765,3783,3784,3787,3793,3795,3803,3805,3808,3832,3833,3836,3837,3839,3847,3857,3858,3871,3879,3880,3885,3887,3898,3904,3905,3917,3926,3938,3954,3969,3992,4029,4031,4075,4077,4081,4082,4087,4091,4099,4116,4117,4124,4136,4139,4142,4144,4146,4147,4149,4173,4174,4175,4178,4184,4187,4195,4215,4216,4233,4238,4240,4241,4243,4244,4253,4284,4285,4342,4359,4362,4398,4400,4419,4432,4455,4459,4485,4507,4535,4547,4575,4588,4592,4595,4597,4610,4611,4612,4646,4658,4676,4720,4723,4724,4726,4728,4730,4749,4772,4776,4784,4799,4813,4833,4838,4843,4845,4863,4924,4948,4979,5003,5015,5018,5020,5022,5047,5050,5060,5067,5068,5078,5086,5087,5092,5097,5102,5116,5117,5124,5128,5131,5134,5135,5162,5175,5182,5190,5204,5211,5216,5279,5284,5285,5286,5287,5290,5293,5300,5301,5305,5306,5315,5322,5329,5351,5355,5360,5373,5376,5379,5380,5386,5387,5389,5390,5392,5409,5432,5433,5453,5454,5459,5461,5476,5510,5513,5521,5527,5537,5547,5549,5551,5554,5562,5570,5583,5588,5600,5602,5620,5621,5624,5661,5678,5679,5686,5687,5697,5708,5713,5715,5717,5718,5733,5736,5757,5759,5787,5801,5803,5804,5812,5820,5821,5824,5825,5826,5827,5828,5892,5897,5908,5910,5918,5945,5946,5948,5950,5956,5959,5961,5964,5965,5966,5968,5974,5978,5983,5984,6000,6001,6003,6031,6033,6090,6091,6092,6102,6107,6114,6124,6126,6144,6199,6217,6218,6221,6237,6243,6277,6282,6284,6285,6289,6290,6291,6317,6322,6331,6348,6349,6369,6370,6377,6380,6386,6400,6407,6408,6422,6428,6447,6450,6461,6462,6464,6465,6471,6489,6490,6491,6492,6508,6509,6512,6513,6536,6538,6550,6553,6554,6563,6564,6580,6586,6591,6675,6695,6720,6733,6761,6765,6797,6798,6826,6832,6834,6841,6856,6858,6862,6868,6884,6899,6912,6913,6915,6917,6918,6919,6932,6958,6961,6980,6983,6987,7006,7008,7018,7019,7021,7030,7043,7046,7052,7074,7086,7095,7110,7111,7184,7186,7188,7199,7228,7231,7233,7235,7238,7260,7268,7270,7273,7277,7293,7296,7298,7327,7328,7341,7364,7378,7396,7397,7403,7444,7451,7455,7459,7465,7480,7513,7558,7582,7584,7585,7589,7610,7622,7625,7630,7653,7654,7655,7685,7701,7735,7754,7759,7762,7776,7786,7809,7817,7840,7842,7846,7850,7857,7862,7863,7885,7886,7892,7893,7904,7915,7921,7937,7989,8006,8008,8047,8049,8051,8052,8065,8085,8124,8127,8132,8133,8134,8136,8137,8138,8139,8141,8143,8162,8204,8229,8239,8245,8247,8268,8272,8298,8306,8310,8317,8327,8359,8373,8374,8381,8385,8388,8398,8407,8430,8431,8444,8472,8531,8555,8556,8564,8568,8569,8579,8584,8585,8586,8587,8588,8589,8590,8591,8592,8593,8595,8605,8709,8711,8718,8721,8727,8737,8739,8764,8770,8796,8799,8802,8805,8811,8827,8828,8869,8873,8874,8881,8883,8885,8903,8920,8922,8940,8964,8967,8970,8972,8977,8979,8981,8991,9009,9015,9032,9044,9045,9046,9063,9077,9140,9149,9164,9202,9203,9207,9208,9222,9226,9242,9274,9281,9282,9288,9298,9311,9338,9365,9374,9394,9412,9433,9451,9452,9464,9486,9487,9491,9506,9508,9510,9511,9513,9514,9517,9519,9521,9522,9534,9536,9539,9543,9544,9545,9546,9547,9548,9556,9561,9564,9579,9587,9613,9616,9620,9630,9636,9638,9665,9680,9710,9711,9723,9740,9742,9763,9780,9789,9791,9797,9803,9815,9819,9823,9824,9828,9838,9839,9859,9860,9885,9887,9888,9889,9891,9896,9898,9901,9913,9914,9915,9925,9927,9933,9940,9949,9952,9970,9972,9993,10015,10060,10067,10069,10070,10072,10074,10076,10083,10084,10086,10088,10105,10113,10126,10135,10137,10145,10147,10154,10175,10186,10200,10205,10206,10211,10213,10214,10215,10249
392	956,2938,3059,4443,4835,5466,5705,9987,9995,10008
393	5089,5090
394	5093
395	5094
396	5139,5140,6148,6269,7999,8125,9676
397	1102,1802,5142,5145,5194,5871,6871
398	4438,5143,5144
399	1189,1613,1614,2459,3128,4461,5147,5148,6077
400	5180
401	3328,4010,4287,4909,5187,5191
402	1142,1849,1947,2475,4564,4565,4566,4577,5225,5507,8426,8832,9310,9606
403	5246,5247,5248
404	1266,4461,4553,4719,5252,7521
405	5254
406	2159,4475,4966,4982,4991,4992,6920,8826,10033
407	2215,2331,3711,5271,6669,8405,8622,9187
408	5272,5274,5483,9474
409	324,403,555,558,2355,2630,2896,3661,4390,4496,4665,5085,5154,5275,5276,5780,7484,8908,9623,10021
410	1368,5278,8307,10178
411	453,597,598,626,635,804,821,1778,1834,1892,2138,2375,2847,2857,2952,3490,3507,4009,4498,4569,4651,4997,5084,5171,5191,5288,5297,5298,5299,5304,5590,5963,6008,6182,6663,7025,7239,7264,7682,7832,8931,9201,9573,9622,9713,9941,10130
412	5307
413	577,1182,1256,1841,2164,2737,4865,4890,5163,5327,5328,5400,5613,5617,5738,5976,6060,9525
414	5281,5331,5332,8411
415	127,334,671,725,769,798,924,925,970,979,1011,1149,1154,1188,1199,1206,1256,1299,1330,1455,1497,1592,1725,1855,1863,1925,2190,2489,2699,2711,2863,2889,2960,3026,3167,3301,3337,3406,3430,3630,3684,3802,3884,3960,3979,4027,4148,4181,4221,4225,4322,4464,4480,4492,4516,4606,4607,4608,4750,4773,4946,4996,4998,5223,5243,5253,5340,5402,5449,5508,5524,5592,5725,5849,6002,6097,6276,6329,6423,6816,6874,7263,7274,7313,7348,7568,7577,7652,7779,7818,8303,8451,8510,8720,8762,8769,9193,9332,9787,9814,9965,9989,10080
416	3305,3776,5344,5345,7104,7222
417	3272,4375,4384,5362,5363,6618,7619,7900,8357
418	284,514,2113,3423,3514,5458,6598,8207,8640
419	414,595,621,1601,2643,2939,2940,3636,3928,4325,4447,4832,4862,4939,5382,6444,6693,6770,6898,7147,7575,8535,9895
420	845,5219
421	77,79,87,90,92,93,94,95,102,148,162,183,192,195,201,203,205,208,209,242,244,246,248,250,251,252,253,254,256,257,258,260,261,262,263,264,265,266,268,269,270,271,273,302,305,347,352,354,373,383,386,399,401,406,410,415,416,417,420,421,422,423,424,425,426,427,428,430,431,437,445,447,477,480,482,493,496,528,532,541,560,579,580,588,601,608,609,611,613,615,616,622,630,631,641,651,657,658,659,662,668,670,705,711,729,732,741,771,775,799,819,826,837,857,860,862,867,869,878,882,885,888,890,909,910,912,929,966,968,1008,1027,1055,1057,1061,1069,1081,1087,1091,1098,1113,1120,1121,1125,1130,1139,1158,1167,1173,1198,1226,1230,1251,1262,1272,1278,1280,1322,1338,1348,1350,1352,1353,1354,1356,1370,1375,1377,1379,1380,1383,1404,1436,1462,1468,1486,1487,1488,1492,1517,1520,1528,1546,1553,1554,1566,1568,1569,1571,1573,1575,1582,1593,1598,1618,1639,1640,1641,1643,1663,1665,1676,1688,1692,1693,1696,1700,1707,1717,1719,1721,1727,1740,1744,1759,1776,1783,1784,1796,1797,1806,1807,1808,1822,1824,1825,1827,1870,1875,1906,1910,1914,1921,1928,1938,1958,1969,1985,1991,1999,2027,2028,2029,2064,2114,2146,2147,2152,2167,2168,2185,2235,2256,2261,2263,2264,2267,2279,2282,2294,2309,2322,2362,2385,2426,2442,2446,2451,2459,2462,2464,2493,2495,2522,2530,2540,2542,2543,2545,2548,2550,2553,2554,2585,2593,2606,2607,2610,2625,2644,2647,2649,2656,2667,2723,2728,2746,2748,2765,2785,2804,2806,2834,2853,2858,2876,2879,2885,2909,2917,2922,2927,2937,2945,2946,2947,2948,2955,2957,2963,2979,2984,2996,2999,3021,3035,3040,3041,3049,3052,3055,3060,3067,3072,3110,3126,3129,3130,3131,3132,3139,3150,3151,3152,3153,3155,3169,3170,3174,3179,3184,3186,3224,3252,3253,3254,3263,3264,3277,3279,3283,3290,3300,3313,3353,3359,3374,3396,3410,3418,3421,3426,3437,3439,3441,3446,3463,3480,3482,3485,3497,3504,3508,3515,3520,3530,3537,3538,3548,3553,3556,3570,3577,3583,3585,3586,3587,3597,3656,3658,3662,3670,3690,3699,3741,3743,3753,3764,3782,3792,3796,3804,3809,3831,3838,3840,3850,3856,3861,3869,3872,3873,3882,3886,3899,3903,3916,3925,3953,3968,3982,3995,4028,4030,4059,4074,4083,4086,4092,4098,4115,4123,4138,4141,4143,4145,4171,4172,4182,4186,4194,4217,4219,4229,4230,4232,4237,4242,4245,4246,4258,4259,4260,4283,4286,4303,4304,4329,4358,4361,4363,4364,4385,4386,4399,4402,4417,4418,4427,4430,4442,4458,4488,4504,4510,4517,4519,4521,4530,4544,4546,4552,4563,4578,4589,4591,4620,4622,4657,4677,4727,4729,4748,4785,4798,4805,4806,4812,4817,4818,4820,4822,4823,4828,4829,4831,4837,4844,4923,4947,4978,5002,5014,5019,5021,5043,5048,5059,5101,5133,5136,5146,5153,5181,5186,5188,5205,5213,5215,5232,5233,5234,5289,5291,5303,5316,5323,5350,5353,5356,5361,5372,5374,5377,5378,5381,5383,5384,5385,5388,5391,5393,5408,5410,5434,5446,5460,5468,5509,5524,5536,5544,5545,5546,5548,5550,5552,5553,5555,5561,5571,5582,5589,5599,5601,5619,5625,5654,5660,5677,5698,5707,5714,5716,5737,5741,5758,5774,5788,5789,5800,5805,5813,5814,5819,5848,5890,5896,5907,5944,5947,5951,5955,5957,5960,5963,5967,5969,5981,5982,6032,6040,6089,6101,6106,6112,6131,6143,6198,6206,6257,6260,6270,6283,6286,6292,6315,6316,6325,6333,6347,6368,6373,6379,6383,6384,6387,6392,6397,6398,6399,6413,6421,6451,6452,6453,6454,6455,6456,6463,6472,6488,6493,6510,6511,6535,6537,6549,6552,6566,6579,6583,6592,6671,6694,6719,6726,6734,6738,6739,6740,6741,6742,6743,6744,6745,6746,6747,6760,6825,6828,6830,6833,6840,6855,6861,6869,6883,6914,6916,6930,6931,6959,6960,6979,6982,6985,6986,6988,7007,7020,7042,7047,7051,7063,7068,7081,7142,7148,7183,7198,7227,7236,7237,7261,7269,7276,7292,7297,7326,7342,7362,7365,7366,7367,7368,7369,7370,7371,7372,7373,7374,7375,7376,7377,7380,7384,7398,7402,7443,7458,7464,7481,7509,7572,7573,7581,7583,7586,7587,7594,7595,7596,7597,7598,7599,7604,7609,7614,7624,7628,7695,7696,7702,7733,7747,7757,7758,7760,7763,7770,7787,7810,7841,7852,7858,7861,7864,7884,7891,7903,7914,7927,7936,7979,7986,7993,8005,8007,8048,8050,8053,8063,8088,8125,8128,8140,8142,8203,8230,8238,8246,8248,8265,8269,8278,8297,8299,8305,8328,8340,8341,8342,8358,8375,8382,8386,8390,8397,8406,8429,8443,8471,8486,8489,8490,8491,8521,8530,8552,8557,8563,8567,8570,8578,8596,8604,8623,8712,8717,8722,8726,8736,8738,8740,8752,8754,8757,8797,8801,8804,8812,8831,8857,8871,8872,8882,8884,8904,8921,8929,8946,8962,8963,8965,8966,8971,8976,8978,8980,8987,9008,9014,9026,9028,9043,9072,9076,9097,9114,9132,9136,9137,9150,9158,9161,9204,9209,9210,9221,9225,9241,9273,9285,9312,9337,9341,9342,9343,9360,9371,9373,9393,9395,9409,9410,9411,9434,9450,9454,9461,9463,9501,9502,9503,9505,9507,9509,9512,9515,9516,9518,9520,9535,9538,9549,9550,9557,9560,9563,9578,9586,9593,9594,9595,9603,9618,9619,9631,9635,9643,9656,9664,9679,9694,9709,9722,9729,9741,9750,9762,9785,9790,9801,9802,9822,9829,9836,9837,9840,9861,9886,9890,9897,9899,9912,9926,9929,9931,9932,9939,9953,9957,9963,9971,9985,10013,10014,10023,10026,10032,10052,10068,10071,10073,10075,10087,10097,10104,10114,10125,10134,10139,10146,10148,10161,10185,10201,10207,10212,10216,10248
422	5394,10153
423	1703,2140,2175,3717,3993,5352,5397,5398,5399,5915,6878,7411,8106,9698,9936
424	999,2273,5183,5444,7514
425	5411,8242
426	5413,5414,5415
427	118,146,5416,7497
428	5417
429	65,5431
430	2786,4605,5514,5868,6710,7504
431	5465
432	553,2246,3077,3752,3754,3854,4647,5016,5346,5930,6457,6458,6679,6685,7084,8371
433	5480
434	1635,3959,4203,4446,5223,5242,5471,5496,5497,5499,5500,5634,5705,7060,7843,7855,9174,9671,9781,9986,10079
435	294,887,1629,2663,3383,3507,4383,4426,4429,4505,4556,5223,5516,5518,5519,5744,6009,6244,6246,6459,7039,8391,8392,8443,9147
436	2534,2551,2997,4600,4662,5349,5797,7771,9744
437	5579,5580,5581,8419
438	660,3671,5586,5587,5878,6020,6757,6892
439	655,796,1128,1318,2655,3345,3492,3493,3510,3623,3708,3709,4626,4630,5052,5053,5223,5595,5596,5597,5598,6213,6359,6414,8319,8363,8418,8749,9559,9753,9923
440	5616
441	4317,5663,5664,5665
442	3685,5543,5670,5672,5675,5685,7145
443	5671
444	6087
445	4969,5693,5694
446	2042,5705
447	4511,5710,5711,8125
448	212,1115,4569,4586,5031,5753,5754,6184,9570
449	443,499,1558,2111,2692,2850,4596,4859,5231,5250,5781,5782,5783,6721,6999,8576,10231,10232
450	5807,5808,5809
451	5829
452	5833
453	1150,4742,5841,5842,5843,8079
454	2517,5853,6205
455	5856
456	5879
457	6821,9857
458	5829,5900,5901,5902,5903,5904,9781
459	836,1320,1738,3031,3326,3822,3891,4016,5905,5906,6616,7390,7644,8208,8611
460	332,2913,4109,5069,5072,6613
461	116,221,233,1702,2476,2487,3305,3998,4001,4499,4520,4569,5164,5480,5648,7928,7929,9069
462	5914,9455,9471,9472
463	643,1190,2753,3618,5277,5913,8320,10202
464	5926
465	8453
466	299,1904,2124,2627,4967,5971,6016
467	5973
468	2709,5989,6701,7010,8818,9003
469	3714,5324,5879,8636,9022
470	5325
471	204,466,1290,2210,4582,4625,5732,6012,6013,7094,7487,7773,7866,8891,9159,9999
472	6059
473	6062
474	189,1089,1199,1543,2816,2826,2931,3009,3033,3088,3305,3867,4428,4536,4569,4895,4997,5706,6827,7778,7848,7865,8344,8545,9319,10007,10079
475	634,3312,3648,4407,6073,7130,7753,9141
476	333,6074,6075,6076
477	2508,6078,6080
478	4441,6093,8415
479	1066,1386,1395,1871,5817,6095,6099,6100,6231,7262,8196,9973
480	6103
481	6108
482	6120
483	486,728,831,832,833,842,1637,2670,3226,3337,3733,4614,4899,4900,4958,5515,6133,6134,6135,7310,7894,8274,8275,8943,8944,9416,9781,10108
484	6137
485	572,751,784,5994,6142,6145,6146,9831
486	1594,2349,2563,3207,3476,4069,4320,4326,4333,4368,4774,4903,5396,5676,5680,5683,6123,6149,6806,8292,8294,8295,9746
487	6168
488	567,1367,1674,1982,3190,4366,5934,6180,6181,6228,7090,9113,9732
489	1358,2483,4491,5424
490	2105,2661,3477,3768,5054,5167,6183
491	199,536,692,789,809,1053,1239,1400,1673,1877,2061,2138,2691,3978,4043,4167,4891,5010,5632,5633,5972,6185,6188,6189,6190,6191,6241,6524,6943,7428,7450,7641,8313,8329,8835,8892,8893,8894,9243,9493,9659,9670
492	435,758,1599,1712,1972,2811,4389,5178,5272,5422,5750,6478,6870,6998,8116
493	983,2010,3356,4633,4871,5007,6177,6201,6665,6737,6948,9344,9345,9346,10239,10240,10241
494	3997,4295
495	653,4261,6263,7774,9441
496	1363,1934,2390,7177,8039
497	321,3914,3915
498	210,699,1695,1908,2135,3653,4474,4917,5806,6032,6236,7034,7462,9350,9990
499	879,2170,2705,3289,3394,4348,5662,6104,8501,8769,9134
500	319,5368,6238
501	6249
502	683,723,827,1333,1933,2007,2180,2376,2414,2415,2602,2770,2778,3063,3211,3453,3736,4045,4079,4120,4199,5314,5870,6119,6236,6252,6253,6545,6609,6731,7173,7245,7246,7247,7356,7684,7741,8319,8321,8345,8403,8467,8807,8854,8868,8902,9435,9440,9496,9730,9941,10164,10173,10187,10188
503	6266,8482
504	6288
505	697,1037,2393,9841
506	312,459,672,1916,2255,2492,2589,5261,6125,6300,6302,6303,6304,7422,8401,9163,9238,9681,9761
507	6320
508	6321
509	304,360,361,829,1151,1394,2485,2756,3892,5863,6256,6323,6324,6326,6327,6328,6409,6557,7141,7379,7554,7705,7988,8368,8466,8515,8786,9476,9572,9628,9868,10209
510	801,1597,2814,4321,4335,4502,4759,5035,5220,6335,6727,6954,7477
511	369,738,2444,3775,4026,4294,4461,5168,6340,6341,6342,6343,6344,6345,7055,8730,9361,9906,9907,10117
512	2712,6353,6354,6355,9657
513	2315,2618,6374,6375,8337,9074,9356
514	978,3227,3228,3229,3230,6376,9355,10233
515	808,6378,8460,9994
516	334,1635,2055,2312,2359,3772,4106,4357,4424,6385,7203,8291,9212
517	6389
518	82,84,2368,2369,2370,2372,2373,2374,6393,6394,9489
519	656,960,961,1099,2591,3774,4403,4529,5223,6417,6418,9956
520	2136,3894,6420,6421,6752,7801
521	2539,5879,6424,6611,6703,7091,7156,8771,9430,9980
522	1025,4234,4248,6807,9699,9880,10194
523	73,123,690,1302,1698,1932,2066,2089,2626,2660,2990,3036,3841,3863,3952,4191,4758,5241,5689,5799,6431,6432,6433,6434,7083,7284,7913,8549,9580,9965,10079,10144
524	6494,6495,6711,9568,9996
525	8635
526	6503
527	1539,6515,6516,6519
528	507,5074,5852,6888,8484
529	442,530,581,1629,2088,2224,2611,2676,2743,2744,2967,3259,3422,3755,4525,4534,4545,4548,4649,4907,4914,5357,5366,5407,6372,6403,6560,6561,7453,7566,9139
530	3801,5312,5463,5498,5674,6437,6570,6572,6573,6574,6575,6712,7248,7482,8087,8113,8148,8475
531	3046,6232,6584,6585,9492
532	389,708,901,1785,2285,2351,2688,3364,3584,3913,4018,5113,6014,6624,7034,7978,8222,8775,9018,9093
533	7217
534	1143,5883,6611,6620,6621,6622,6631,7532
535	6628
536	1879,2654,3063,5538,6635,6638,6639,8440
537	48,107,110,239,240,245,364,365,366,367,523,564,586,599,602,606,610,619,620,632,779,795,840,842,1090,1102,1134,1202,1207,1425,1531,1532,1611,1645,1829,1839,1863,1927,1977,1979,1996,2021,2022,2023,2118,2171,2411,2524,2633,2634,2651,2652,2707,2726,2866,2884,2886,2919,2943,2984,3280,3286,3305,3319,3338,3352,3368,3386,3430,3458,3580,3588,3694,3728,3865,4067,4088,4113,4161,4177,4193,4206,4293,4302,4324,4456,4489,4680,4682,4809,4883,4946,5056,5064,5069,5109,5201,5206,5207,5223,5259,5292,5462,5528,5529,5609,5610,5614,5712,5748,5834,5893,5949,6115,6141,6332,6356,6388,6518,6642,6643,6644,6646,6647,6648,6649,6650,6651,6652,6653,7023,7107,7158,7220,7320,7437,7518,7551,7694,7849,7851,7889,7930,7931,8004,8169,8319,8497,8798,8820,8879,9067,9135,9165,9381,9382,9405,9611,9853,9864,9911,10234,10242
538	285,2377,3465,4339,5069,6590,6656,9632
539	1112,1805,1936,3622,3843,4188,4960,4981,5625,5688,5936,6630,6678,6682,7254,8637,8732,8875,9188,9608,9691,9917
540	1635,1661,1777,1832,1900,2350,2448,2588,2742,3265,4360,4465,5069,5185,5228,5442,5744,6045,6439,6532,6677,6686,6687,6688,6906,6908,6957,7232,7593,8107,8146,8199,8264,8577,8825
541	59,1670,5792,5887,6024,6477,8007,8852,9220
542	4929,5318,6072,6700,7711,8546
543	551,552,899,900,1021,1022,1180,1183,1602,2067,2068,2300,2301,2338,2339,2696,2699,2739,2740,2818,2819,3023,3024,3908,3909,3918,4206,4207,4798,4800,5126,5127,5224,5238,5694,5695,6045,6046,6125,6127,6139,6140,6185,6186,6659,6660,7450,7452,7507,7615,8334,8839,8840,9566,9567,9609,9610,9624,9626,9668,9669,10089
544	6337,6778
545	3835,6781,7221,7998
546	380,1302,1333,1388,1389,1398,1624,1678,2150,2776,2792,2989,3078,3176,3810,4278,4605,4934,5001,5240,5864,6469,6712,6789,6790,6853,6854,6962,6981,7305,7354,7629,7853,7934,8237,8329,8954,8988,9598,9599,9865,10197
547	6800
548	219,4497,4993,6708,6804,6805,7073,7168,7434
549	6808
550	2347,3590,6809,8503,9712
551	3088,5988,6534,6811,6812,7339
552	6081,6815,7737
553	965,1603,4353,6637,6762,8717,8819,10177
554	5039,6819,6820,7356
555	6859,6860
556	1637,1777,2207,2561,2864,2895,3341,3868,4639,4683,5141,5684,5854,6487,7450,7611,7766,7865,8122,8422,9174
557	139,510,1328,1668,2011,3362,4224,6867,6909,7469
558	6892
559	1983,3231,6893,6894,6895,7750
560	6905,9276
561	1254,4308,5235,6676,6823,6910,8916,9449
562	372,436,490,1065,1276,1565,1644,2423,2587,3327,3773,3790,4995,5009,5255,5625,6018,6404,6698,6887,6923,6924,7418,7667,7824,8733,8986,9427,9798,9799,9800
563	3610,3964,6926,6927,6928,6929
564	155,842,1164,1250,1265,1541,1542,1793,2366,2392,2401,2721,4436,4663,4690,5006,6265,6362,6921,6945,7489,7490,7511,7684,8888,9359,9663
565	666,757,1182,1259,1669,1798,2400,2405,2439,2497,3614,3761,4314,4632,5369,5611,5939,6627,6690,6946,6951,7390,8348,8615,8847,9005,9313,10181,10237
566	128,762,2278,2581,2755,2971,3082,3722,3991,3999,4445,4640,5467,6698,6911,6963,6964,6965,9078,9748
567	3127,5649,6966,7940,9353
568	2060,2266,5477,6019,6027,6028,6138,6975,6976,6977,7272,7478,7502,7643,8461,8533,9500,9668
569	6768
570	377,898,955,1182,1687,1777,2510,2615,3317,5076,5150,5443,6594,6704,6978,7834,7916,8477,8774,8777,8794,9092,9806
571	108,1564,1754,4166,4168,4169,6989,6991,6992,6993,6995,6996,6997,7174,7286,7648
572	71,289,1184,1418,3287,3878,4134,4212,5157,5401,5568,5702,6696,7000,7003,7004,7005,9129,9835
573	1636,4518,5791,7040,7041,7947,8080
574	323,676,677,986,987,1697,1863,2259,2467,3146,3305,3799,4391,4461,4571,5110,5338,5524,5728,5847,6480,7049,7050,7838,7867,8146,8423,8425,8810,9779,9787,9989,10160
575	2254,3483,3512,4739,5193,5666,7054,7057,9640,10103
576	487,2141,2346,3702,5036,6547,7072,9736
577	7101
578	7520,9531,10039
579	1858,2911,3638,4315,6959,7113,7425,7746,8493
580	1305,3051,4010,6969,7115,7116,7167
581	3684,5270,5838,5849,5862,7103,8487,8562,9482,9497
582	1467,1504,2174,3457,4716,5767,7122,7123,7124,7125,8009,8547,9483
583	797,3902,5995,7157,7159,7161,7162,9979
584	501,3666,5280,7164
585	7175
586	4387,6202,7181
587	3361,7203,7209
588	980,3207,3951,4079,4108,5412,5683,5743,7031,7213,7214,7486,8800,10050,10210
589	7218,7219
590	905,1135,1156,1699,1911,2750,2768,2986,3084,3487,3572,3580,3605,4574,4853,4881,4992,5240,5506,5891,6209,7684,7868,7926,8443,9223,9266,9424,9428,9504,10163,10195,10196
591	9826
592	1924,2343,3236,5494,7223,7225
593	2728,5445,8416
594	1644
595	313,2095,5540
596	1329,1403,2498,4898,5026,5040,5425,6129,7251,7252,7253,7322,7493,8218,9185,9389
597	7255
598	224,345,346,2486,3079,3208,3893,3994,5487,7144,7256,9160,9492,9629,9736
599	1905,7669,7736
600	1736,1737,3731,4299,7259,7401,7404
601	7266,8560
602	7185,8434
603	193,277,543,551,753,2086,2311,2421,2422,2887,3333,3405,3427,3616,3870,4707,4798,4933,5183,5347,5348,5731,6176,6972,6984,7017,7136,7282,7283,7285,7461,8007,8084,8267,8474,9537,9602,9917
604	7289
605	767,851,1238,1814,3678,3859,4554,5428,6085,6125,6717,7209,7299,7353,7783,8194,8321,8815,9523,9617,9873,9904
606	2085,6814
607	80,138,904,982,1401,1669,2138,2314,2341,2354,2407,3413,4076,5423,5875,5934,5972,6154,6195,6251,6629,6922,7016,7278,7311,7312,7467,7823,8402,8790,8876,8912,9181,9327,9354,9466,9937,9941,10056
608	7345,7346
609	58,70,109,111,112,113,145,147,174,229,230,231,255,280,296,340,368,492,505,508,509,537,548,583,584,636,664,719,721,841,846,892,921,923,973,995,1016,1093,1153,1255,1274,1275,1336,1341,1419,1422,1481,1500,1503,1560,1580,1585,1654,1655,1656,1657,1660,1666,1751,1755,1761,1762,1763,1764,1765,1774,1775,1779,1780,1942,1997,2012,2030,2031,2058,2059,2082,2102,2106,2129,2155,2169,2177,2218,2219,2242,2291,2303,2353,2395,2469,2572,2673,2679,2680,2734,2782,2928,2942,2944,2974,2975,3073,3091,3219,3221,3222,3316,3325,3342,3343,3344,3384,3391,3639,3647,3806,3888,3923,3929,3941,3949,3950,3966,4007,4037,4062,4090,4152,4153,4154,4155,4156,4157,4158,4222,4236,4270,4277,4351,4487,4652,4670,4735,4755,4764,4777,4807,4810,4919,4951,5008,5106,5123,5165,5169,5199,5270,5295,5310,5375,5462,5484,5495,5622,5627,5637,5701,5786,5885,5886,5898,5916,5917,5970,5996,6005,6037,6039,6042,6132,6158,6159,6160,6161,6162,6173,6214,6258,6301,6365,6382,6391,6487,6539,6567,6606,6645,6662,6669,6692,6702,6748,6763,6766,6771,6774,6818,6842,6843,6844,6845,6846,6847,6848,6849,6850,6851,6852,6886,6901,6903,6904,6925,6944,6953,7056,7062,7093,7152,7171,7172,7187,7224,7275,7318,7331,7358,7361,7363,7399,7426,7523,7534,7535,7547,7571,7592,7640,7697,7699,7726,7745,7860,7899,7955,7957,7958,7959,7962,7963,7964,7968,7969,7970,7971,7972,7973,7974,7975,7976,7977,7980,7981,8005,8022,8034,8054,8056,8058,8059,8060,8061,8062,8179,8193,8219,8261,8270,8314,8315,8338,8339,8377,8413,8437,8438,8485,8514,8551,8608,8625,8626,8627,8628,8629,8630,8638,8642,8643,8647,8648,8649,8650,8651,8652,8653,8654,8655,8656,8657,8658,8659,8660,8661,8662,8663,8664,8665,8666,8667,8668,8669,8670,8671,8673,8674,8675,8676,8677,8678,8679,8680,8681,8682,8683,8685,8686,8687,8688,8689,8690,8691,8692,8693,8694,8695,8696,8697,8698,8699,8700,8701,8702,8703,8704,8705,8706,8707,8708,8731,8751,8755,8773,8809,8810,8822,8823,8824,8849,8900,8959,8975,8982,8994,9011,9012,9029,9093,9098,9099,9100,9101,9102,9103,9104,9105,9106,9107,9108,9109,9110,9111,9112,9115,9117,9120,9124,9125,9168,9240,9279,9280,9284,9297,9301,9324,9349,9406,9407,9409,9470,9576,9585,9607,9662,9719,9721,9770,9794,9795,9848,9871,9872,9978,10018,10120,10124,10169,10208,10253
610	7430
611	755,3385,3824,4409,6136,6233,6272,6715,7448,7449,7450,7454
612	7415,7416
613	5335
614	604,605,849,850,1085,1629,2090,5429,7506,7833,10058,10059
615	1085,1628,2092,5427,5861,9123
616	7516
617	7528,7985
618	935,4392,7526,7527,9683,10019
619	1030,2216,4666,5611,8321,8753,8954,9325
620	563,747,814,1157,1819,1859,2040,2125,2128,3305,3642,3750,4070,4648,4762,4797,5472,5849,5911,6045,6058,6179,6796,7539,7540,7541,8508,9580
621	125,318,914,970,4461,5223,5524,7044,7542,7543,7544,9309,9781
622	133,1868,2018,3063,3430,3907,3987,4177,4532,4538,4814,5851,6528,6810,7795,7911,8302,8988
623	828,2335,7557
624	673,674,7561,7562,7563,7564,8905,9004
625	3718,4391,4971,4992,5682,7244,7580
626	871,996,1054,1509,1704,2571,2716,2732,2837,3007,3360,3513,3961,3984,4704,4850,6011,6193,6309,6319,7333,7601,7602,7603,7992,7997,9260,10005,10066,10255
627	7627
628	3612,7550,7632,8319
629	1691,4964,5775,6225,7657,9484
630	665,958,5532,7660,8319,8633,9605,9955
631	2603,6178
632	7666,7668,7670,7674,7676,7677,7678,7687
633	1301,3890,7014,7690,7691,7692,7693,9922
634	2225,4356,7686,7741
635	131,1300,1423,5932,7720,7721
636	3161,7723,7724
637	1967,3448,3748,4269,7323,7567,7714,7727,7728,7729,7730,7732
638	928,7114,7731,9421
639	72,123,193,358,534,883,1154,1501,1527,1603,1726,2710,2886,2920,3281,3337,3870,3908,4064,4068,4391,4461,4529,4590,4977,5189,5340,5524,5538,5705,5742,5795,6095,6236,6767,6876,7065,7274,7429,7454,7519,7725,7738,7739,8426,8865,8919,9215,9386,9580,9781,10011,10134
640	830,3583,5560,7053,7781,9024
641	455,1082,1905,3679,5656,7024,7784,7799,7800,7802,7803,7804,7933,8416,8637,8915,9351,9492,9589,9903,9962
642	1046,3003,3895,5935,7829
643	287,362,1577,2350,3330,4286,7069,7874,7875
644	7877,7878,7879,8378
645	2897,2915,2916,5979,6306,8253
646	744,1006,1063,1545,2162,2419,3143,3145,3472,3478,3498,4664,6803,7748,8803,9146,9541,9769,10016
647	132,458,3676,4288,6658,7890,10133
648	7898
649	1143,2316,4045,5594,7531,9708,9948
650	335,993,3526,4126,4249,4468,4503,4757,6468,6541,7854,7908,7909,8228,8372,8724,9042,9600,10180,10198
651	66,73,185,215,370,571,600,1049,1089,1247,1293,1304,1306,1339,1410,1411,1465,1632,1679,2173,2276,2614,2719,2720,2817,3006,3010,3117,3133,3367,3470,3505,3606,3779,4114,4140,4218,4350,4428,4514,4523,4524,4530,4542,4550,4567,4836,5111,5160,5481,5705,5747,5793,6395,6409,6438,6597,6623,6624,6892,7036,7127,7143,7288,7855,7887,7954,7956,7990,8266,8319,8522,8672,8833,8926,8939,8942,8993,9116,9118,9128,9781,9842,9984,10017,10129,10179
652	2758,2828,3251,6956
653	1794,2046,2047,2304,2305,2324,2330,2812,2983,2988,3214,3566,3567,4896,4911,4912,4930,4954,4955,4971,5239,5320,5321,5364,5889,6063,6064,6163,6164,6683,6728,6729,6865,7303,7431,7470,7498,7780,8077,8331,8464,9246,9247,9248,9249,9426,9427
654	2325,2813,3215,4897,4930,4972,5365,6729,7304,7471,8078,8234,8332
655	7432
656	7769,7965,7966,7967
657	2379,3707,5980,7982,7983,8480
658	1038,1039,2772,3986,5075,5223,5316,5421,6054,6153,6338,7843,8393,9388
659	225,1475,2789,2798,3037,3845,4913,6220,6525,7984,9787
660	8010
661	8011
662	7191,8013,8014
663	8000,8016
664	278,388,549,550,562,769,867,957,1009,1065,1267,1417,1443,1506,1644,1917,1944,2208,2216,2283,2352,2357,2549,2594,2899,3069,3475,3619,3654,3777,3852,4073,4098,4209,4234,4298,4309,4642,4715,4761,5019,5223,5501,5603,5726,5744,5963,6147,6269,6307,6430,6522,6540,6697,6873,6896,6936,7031,7360,7460,7626,7652,7684,7814,7843,8002,8018,8068,8333,8351,8418,8518,9162,9408,9562,9760,10079,10245
665	484,1010,1653,1994,2280,2396,3365,6279,6481,6559,8017,9584
666	1750,1980,8019
667	234,238,847,848,2762,2763,4569,7032,7033,7300,7301,7826,7827
668	557,582,1117,1603,3943,8020,8025,9186,9951
669	1995
670	2284,5262,5263,5264,5265,6086,8029,8030,8032,8129
671	8031
672	123,175,193,359,412,556,648,650,699,703,728,754,783,835,875,926,964,970,1035,1199,1254,1260,1482,1497,1597,1658,1713,1725,1730,1741,1772,1821,1833,1844,1850,1920,2083,2130,2134,2183,2189,2205,2237,2245,2270,2306,2412,2434,2532,2598,2658,2699,2731,2825,2886,2906,2910,2950,3023,3029,3108,3118,3147,3176,3181,3258,3305,3332,3380,3398,3430,3431,3608,3632,3686,3713,3785,3799,3807,3853,3866,3908,3936,3937,3940,3989,4038,4049,4051,4053,4055,4056,4057,4060,4062,4132,4148,4160,4180,4202,4255,4263,4265,4305,4312,4313,4461,4472,4568,4593,4601,4603,4635,4644,4695,4698,4699,4700,4701,4702,4763,4778,4779,4780,4781,4782,4783,4807,4847,4856,4891,4892,4946,5017,5070,5103,5114,5179,5225,5240,5244,5245,5302,5311,5341,5525,5556,5593,5636,5726,5731,5734,5758,5784,5844,5849,5899,5992,5999,6023,6030,6036,6171,6210,6255,6278,6308,6482,6587,6619,6670,6706,6880,6882,6907,6994,7102,7112,7117,7120,7271,7294,7295,7335,7656,7811,7822,7847,7855,7898,7905,8023,8024,8026,8027,8028,8033,8035,8036,8037,8038,8040,8041,8158,8288,8289,8319,8324,8336,8384,8457,8631,8716,8917,8989,9121,9189,9206,9235,9250,9334,9335,9336,9384,9403,9429,9668,9674,9724,9758,9781,9814,9820,9958,9968,10082,10247
673	1384,1453,2433,2616,4872,6603,6604,6902,8042,8043,8910,8911,9236
674	171,334,491,521,585,706,917,1146,1154,1187,1222,1458,1496,1724,1760,1766,1767,1820,1842,1863,1903,2037,2131,2387,2529,2559,2697,2767,3038,3085,3124,3196,3278,3402,3430,3452,3455,3525,3563,3696,3757,3883,3900,4088,4176,4287,4327,4328,4460,4461,4604,4752,4767,4775,4808,4824,4825,4826,4946,4987,5061,5088,5096,5198,5202,5209,5210,5218,5340,5450,5557,5574,5681,5724,5726,5836,5849,5858,5986,6029,6044,6048,6055,6095,6212,6274,6405,6411,6589,6751,6822,7022,7029,7087,7329,7330,7332,7537,7588,7812,7836,7837,7849,7950,7951,7952,7953,8055,8057,8123,8157,8323,8325,8326,8380,8384,8410,8504,8636,8768,8779,8895,8908,8932,9019,9070,9094,9119,9306,9369,9649,9650,9728,9777,9813,9825,9832,9870,10189,10223
675	2036,2333,3395,4465,5849,6772,7843,9781,10079
676	1851,2297,3002,4252,5884,6129,6224,6517,7011,8070,8071,8072
677	4528,5840,6749,7710,7751,8073,8074,8076,9554
678	8075
679	75,106,236,281,449,689,1034,1090,1126,1372,1519,2526,2527,2904,2961,3425,3684,3703,3766,3781,4001,4035,4193,4572,5132,5192,5362,5449,5923,5963,7128,7205,7417,7557,7708,8086,8258,8309,8473,9088,9781,10036,10053,10054,10055
680	188,401,502,512,532,593,594,843,1308,1334,1345,1459,1476,1507,1694,2094,2120,2323,2326,2345,2586,2613,2741,2802,2912,3454,3466,3601,3620,3621,3667,3715,3734,3874,4214,4433,4513,4802,4880,4937,5071,5197,5440,5668,5692,5760,5768,5933,6021,6035,6551,6661,6775,6793,6839,7048,7119,7438,7663,8090,8091,8093,8427,8495,8735,8907,8969,9144,9151,9255,9350,9478,9648,9961,9987,10107,10166
681	725,746,1217,3430,4461,4572,5226,5524,5849,6095,7843,8096,8097,8098,9781,10079
682	554,780,1015,1946,2087,2293,2347,2632,2687,3684,4034,4098,4819,4830,5354,7920,8099,8100,8101,8102,9786,10156
683	1044,5470,6208,6672,8103,8104,8105,8506,8507
684	794,855,976,2331,3908,4956,5420,5426,6088,6207,6877,6881,7097,8478,8509,9027
685	337,1477,2443,2506,4599,4841,4874,6050,6968,7631,8045,8046,8108,8109,8111,9351,9352,10149
686	1497,4239,8115,9431
687	1362,1396,3447,4085,5645,8118
688	1580,8117
689	495,1210,2409,4096,6006,7100,8119
690	67,649,792,794,891,1036,1047,1094,1932,3149,3257,3484,4079,5069,5095,5869,6527,7031,8120,8121,8889
691	283,1412,5212
692	8131
693	696,1918,3583,4406,5066,8135,8145,8408,8870,9542
694	8144,8147,9081
695	171,842,1001,1018,1303,1705,2103,2122,2138,2320,2417,2507,2681,3401,3622,3718,3721,4042,4338,4512,5166,5271,5404,6109,6128,6164,6357,7177,7388,7492,8149,8335,8792,8961,9016,9348,9553,9668,9745,10092
696	4906,6681,8154,8513,8908,9660,10052
697	1976,2347,3794,4391,4461,4581,4793,5223,5524,7387,7835,8166,8167,8319,9778,10079
698	73,123,144,402,1127,1430,1616,1638,1978,2420,2511,2714,2809,3305,3323,3337,3430,3503,3518,3637,3730,3946,4025,4177,4292,4461,4483,4529,4570,4613,4650,5359,5449,5486,5524,5605,5739,5741,5751,5839,5963,6068,6095,6125,6568,6691,6780,7197,7508,7517,7960,8170,8171,8172,8233,8301,8432,8646,8988,9130,9138,9467,9724,9726,9781,9991,10079
699	1361,2504,2791,7126
700	123,124,129,316,1863,1864,2502,2503,3305,3307,3628,3629,3849,3851,4868,4869,4870,4876,4877,4878,4879,5849,5850,6095,6096,6758,6759,7088,7089,7843,7844,8110,8112,8173,8174,8175,8176,8177,8178,9781,9782
701	104,298,1147,1193,1667,2440,2441,2525,2689,3456,3581,4492,6769,7788,7789,7790,7791,7792,7793,7796,7797,8617,8850,8851,8863,8906,9391,9696,9697
702	8181
703	140,1048,1060,1070,1095,1168,1248,1604,2468,3491,4637,4693,5077,5657,5755,6004,6043,6108,6175,6412,7067,7279,7286,8180,8182,8282,8937,9781,9941,10077
704	785,2302,3461,8186,9908
705	329,525,1071,2091,2369,3834,6049,8185,8192,8554
706	6889,8187,8188,8190
707	8189,8201
708	2371,2959,7210,8200
709	121,336,515,516,777,1152,2745,3080,3144,4484,4857,5189,5997,6655,6755,7607,8155,9020,9314
710	2699,3305,3684,4506,4569,4636,5228,5576,5849,6732,7176,7267,7843,8202,8205,9814,9986
711	749,989,3558,3651,4352,5846,7576,8206,9126
712	73,186,1020,1132,3464,3962,4003,4045,4094,4429,4893,5082,5480,5855,6170,6402,7180,7351,7662,8207,8210,8212,8214,8216,8745
713	73,186,1132,1634,3963,4045,4429,4756,5480,7351,8211,8745
714	2870,3644,4002,4093,5081,5655,5928,6169,7179,7651,7661,8209,8213,8215
715	8226
716	1268,1441,1442,1743,4084,7105,7340,7680,8232,8953
717	519,3207,7554,8241
718	1100,1561,1690,2878,4079,4412,6248,6522,7257,7684,7876,8183,8494,9089,9849
719	791,10051
720	1622,3823,4121,9347
721	4050,4052,4054,4058,4061,4063
722	86
723	381
724	787
725	6416,7001
726	7642
727	8263
728	9173,9821
729	8280
730	3015,3016,3017,3243,8283,8284,8285
731	1133,8286,8287,9615
732	1131,7013
733	8300
734	76,402,2949,3507,3939,3942,4415,8308,9130,10158
735	8312
736	1435,2653,3034,5909,7552,8318,8320,8858,10165
737	4103,5024,6479
738	408
739	8352,8353,8354
740	1787,7538,8361,8362
741	8363
742	2934,3208,3328,3329,8360,8364,9390
743	8367
744	1014,4330,9863
745	1219,3098,3451,4431,5027,5938,6299,7163,7637,8435,9596
746	2520,2521,5456,5457
747	2016,3242,5177,9179,9180,10184
748	478,551,640,915,945,2164,3410,4101,4130,4678,4689,4842,5517,6123,6236,7014,7917,8220,8221,8468,8469,8470,8475,8954,9244,9496,9667,9950,10128
749	3826,4373,8481
750	4463,5832,6267,9818
751	715,1670,2609,4006,7134,7195,7196,7391,8330,8516,8517,9689,10176
752	1446,8496,8523,8524,8525,8526,8527,8528,8529
753	3609,4337,9025
754	3291,3392,4382,5563,7192,7870,8151,8534,8536,8537
755	8539
756	8543
757	136,331,2139,2568,2815,3192,7334,8244,8544,8548,10152
758	3599,8549,8634,9320
759	2269,8550,9127
760	5561,6381,6756,8191,8553
761	8558
762	790,1597,2901,3357,3494,3495,3496,3595,4211,4275,6371,6750,8897,9073,9634
763	4276,7170,8559
764	8561
765	3724,4771,7190,7307
766	566,5640,6152,8580,8581
767	310,691,1208,1976,2742,4098,4668,5402,5739,6121,6122,7037,7286,8496,8594,8645,8918,9894
768	1454,4210,4976,5316,6129,7620
769	8606
770	150,7545
771	587,7859,9292,9924
772	1186,8631
773	8644
774	4068,8713,8714,10102
775	3706,4509,7133,9462
776	152,3481,4627,5772,7325,8723
777	1881,3350
778	123,202,596,618,623,627,654,1231,1232,1631,1863,1968,2447,2459,2546,2700,2715,2767,2868,3157,3308,3502,3507,3756,3870,3927,3935,4177,4444,4520,4562,4719,4773,4848,5524,5802,5849,6095,6165,6446,6897,7212,7321,7344,7383,7664,7843,8077,8262,8616,8621,8710,8780,8781,8782,8783,8988,9021,9031,9363,9432,9504,9588,9756,9812,9981,10079
779	2155,8787
780	2841,2842,4299
781	8813,8814,8816
782	1399,3064,3611,5156,6017,6069,7182,8838,9490
783	8845
784	2020,3602,5334,6225,8846
785	8895
786	972,1732,1956,2200,2861,3090,4997,8125,8898,9532
787	8899
788	8923,8924
789	2425,5849,5873
790	3121,8933
791	8938
792	315,1028,1029,1523,1524,1791,1792,2639,2665,2666,3675,4104,4105,4274,5504,5623,5626,6167,6171,6172,6334,6730,6777,6838,6971,7479,8152,8153,8613,8614,8759,8760,8947,8948
793	633,1919,2179,2253,2839,3327,5761,6800,8393,8542,8715,8776,8968,10157
794	2017,4461,5227,7034,7843,8990
795	1185,8992
796	196,1913,3579,4786,6529,6530,8417,8419,8995,8996,8998,9295
797	7552,8003,8479,9001,9002,9006
798	5336
799	2201,3610,4396,9037,9217
800	5229,9039,9040
801	9038
802	68,172,844,1670,2186,2951,3347,3705,3958,4421,5650,6441,6968,7077,7482,7503,7529,8927,8928,9047,9048,9049,9050,9051,9052,9053,9218,9415,9417,9629,10221
803	1880,2537,2902,4922,6599,9059,9060,9061
804	2600,9064,9065,9066,9624
805	1431,9079
806	4008,6363,7201,7258,7290,8412
807	9196
808	476,531,911,1319,1511,2699,2718,3032,3135,3797,4040,4213,4374,4465,4505,4615,5063,5223,5531,6506,6857,7138,7744,8293,8395,8571,9231,9232,9233,9239,9573,9755,9855,10243
809	7780,9246
810	568,1597,2440,2569,2617,3473,3486,3544,4522,5436,5439,5849,5895,5922,5993,6129,6505,7343,8602,9252,9254,9757,10049
811	9261
812	1333,1581,3270,3625,8255,9262,9263,9264,9265,9524
813	9271
814	9275
815	9277
816	9283,9810
817	9278
818	9290,9291
819	301,1731,2216,3288,3407,4009,5223,5274,5430,5616,6061,6281,7241,7843,10079
820	4928,5962,8620,9392,9469
821	2108,6053,8442,9300,9302,9303,9304
822	9307,9308
823	9318
824	3210,9315,9316,9317
825	2181,2202,2388,2678,3384,4549,4659,5756,6829,8164,9321,9322,9716,9735,9749
826	61,545,551,743,880,1246,1963,3208,3762,3956,4009,4036,4041,4107,4450,4941,5316,5700,6310,6779,6801,7132,7209,7530,7761,9329,9330,9331,9706
827	9333
828	8901
829	9782
830	1975,1987,1988,1989,1990,2132,2133,2228,2344,2562,3066,3208,3213,3216,3322,3361,3387,3414,3688,3786,3855,3924,4015,4080,4095,4849,5524,5745,5954,5985,6192,6473,6557,6565,6571,6636,6800,6885,7064,7203,7565,7645,7672,7673,7681,8251,8440,8511,8512,8684,9604,9682,9765,9928,9935,10138,10155
831	9362
832	101,1321,2601,3298,3646,6470,6614,7281,7324,7546,7712,8600,9268,9366,9367,9368,10191
833	318,639,1111,1440,2271,2929,3757,5200,5268,6467,6836,9378
834	9375,9376
835	142,716,1254,1812,3209,4100,5538,7106,7207,8443,8954,9397,9398,9399,9427
836	9400,9401,9402
837	142,171,326,1151,2038,2104,2727,2830,2954,3025,3083,3975,4449,4681,6800,8441,9413,9414,9983,10042
838	667,1816,1955,2788,4991,5045,5608,5631,5773,5810,5866,6791,7427,7500,8443,9216,9287,9418,9419,9420,9422,9423,9583,9690
839	2307,6410
840	181,675,3921
841	9017,9443
842	451,931,1548,2243,2869,3123,3309,3559,3650,3742,4068,4119,4477,4533,4598,4618,5223,5317,5638,5639,8532,8746,9444,9445,9446,9447
843	5208,6605,7085,8632,9456,9457,9458,9459,9460
844	1103,1426,2490,2512,3449,4413,5877,9684
845	9551
846	96,378,707,991,1176,1257,1813,2296,2596,2742,2867,3217,4641,4668,5223,5316,6111,6216,6896,7165,7265,7300,8383,8908,9552,9685,9986
847	1086,1659,2347,2445,2925,3716,4344,5189,5326,6082,6242,7014,7382,8488,9604,9866
848	135,1902,3047,3640,4271,4994,6776,8465,9390,9575,9577
849	8914,9621
850	452,1709,2033,2098,2165,2182,2450,2764,3088,3262,3612,3624,3643,3712,4068,4204,4249,4358,4894,5258,5607,6015,6236,6271,6607,7189,7552,7649,7703,7919,8320,8356,8447,8960,9477,9569,9646,9647,9781,10053
851	173,320,816,839,1013,1083,1300,1512,2907,3212,3692,3758,3759,3821,4970,5526,5567,5779,6051,6066,6125,6502,6712,7468,7488,7849,8409,9062,9652,9653,9654,9671,9675,9677,9678,9692
852	1182,4299,6305,7026,9178,9733,9738
853	1526,1674,1937,2223,2418,5159,5618,7389,7830,8582,8945,9537,9734,9739
854	4559,4684,6936,9075,9147
855	9774,9775
856	142,343,1107,1160,2848,3043,7706,7707,7719,8609,8795,9703,9704,9788,9792,9851,9852,9877,9905,9920,10193
857	8012,9230,9781
858	2019,5469,7621,8316,9793,9796
859	2065,5867
860	3110,7203,9809
861	9817
862	624,625,793,1343,1637,1940,2075,2158,2298,2516,2722,2760,2856,3084,3225,3321,3684,3732,3820,3844,3848,3972,4004,4005,4068,4530,4551,4725,4970,5099,5223,5448,5479,5517,5612,5748,5963,6026,6110,6295,6582,6588,6698,6709,7109,7193,7194,7634,7635,7636,7638,7734,8355,8369,8747,8772,8860,9010,9259,9492,9555,9672,9781,9843,9846,10079
863	1302,1344,2077,2694,4125,5912,5921,6125,6795,7683,8081,9614,9737,9834,9847
864	9867,9868,9879
865	382,2777,4953,9845,9881
866	1434,2143,3168,3256,3560,4197,5222,5225,7151,8379,9339,9340
867	115,391,392,2378,2676,3159,3370,3965,4479,4594,5880,5881,8260,8273,8319,9764,9811,10047
868	9921
869	9928
870	385,2100,2984,3735,4109,4500,5158,7394,7502,8877,9492
871	9938,9942
872	807,5333,9944,9945
873	9946
874	6382
875	74,1781,2258,4688,5340,5435,5485,5987,6786,9727,9747,9892,9964,9967
876	1303,3363,4925,7205,8195,9966
877	97,559,1050,1388,3618,4904,5107,6065,6764,7226,7491,7675,8184,8249,8322,8448,9428,9874,10029
878	10037,10038,10040
879	694,998,1143,4935,8168,10043,10044,10045
880	6293,10063,10064,10065
881	10079
882	1658,9686,10085
883	1104,1141,1297,5798,10095,10096,10098,10099
884	10109,10110,10111,10121
885	3295,8950,10100,10112
886	2230,2231,2232,2233,2250,4638,5572,7127
887	1074,1526,3273,10140,10141
888	803,1258,2435,2513,3331,3527,5118,7205,7446,7600,8276,8984,10142,10143,10150,10151,10246
889	10164
890	10168
891	4380,7768
892	1626,3726,10192
893	3043,4394,10217
894	2444,10218,10219,10220
895	187,405,488,1098,1236,3701,4768,5223,5230,7007,7716,7722,8934,9182,9357,10226,10227,10228
896	3875,9142,9645,10229,10230
897	1314,1677,1998,2570,3719,4310,4311,5936,6632,7015,7646,9466,9979,10235,10236
