district,schoolName,schoolAddress,medianResult,unit,lead,status,city,county,latitude,longitude,maxResult
Carmel Unified,Carmel Adult,8421 Carmel Valley Road Carmel CA 93923,,,False,tested,,Monterey County,36.535958,-121.858099,
Carmel Unified,Carmel Child Development Center,8460 Carmel Valley Road Carmel CA 93923-9538,,,False,tested,,Monterey County,36.535958,-121.858099,
Carmel Unified,Carmel High,3600 Ocean Avenue Carmel CA 93923,,,False,tested,Carmel-by-the-Sea,Monterey County,36.555138,-121.920148,
Carmel Unified,Carmel Middle,4380 Carmel Valley Road Carmel CA 93922-2740,,,False,tested,San Diego,San Diego County,32.93374,-117.23870900000001,
Carmel Unified,Carmel River Elementary,Monte Verde Street and 15th Avenue Carmel CA 93923,9.0,ppb,True,tested,Carmel-by-the-Sea,Monterey County,36.56035,-121.924329,9.0
Carmel Unified,Carmel Valley High,27335 Schulte Road Carmel CA 93923-9537,,,False,tested,,Monterey County,36.528085,-121.83060400000001,
Carmel Unified,Tularcitos Elementary,35 Ford Road Carmel Valley CA 93924-9649,,,False,tested,,Monterey County,36.483618,-121.73015,
