district,schoolName,schoolAddress,medianResult,unit,lead,status,city,county,latitude,longitude
Carmel Unified,Carmel Adult,8421 Carmel Valley Road Carmel CA 93923,NA,NA,FALSE,tested,NA,Monterey County,36.535958,-121.858099
Carmel Unified,Carmel Child Development Center,8460 Carmel Valley Road Carmel CA 93923-9538,NA,NA,FALSE,tested,NA,Monterey County,36.535958,-121.858099
Carmel Unified,Carmel High,3600 Ocean Avenue Carmel CA 93923,NA,NA,FALSE,tested,Carmel-by-the-Sea,Monterey County,36.555138,-121.920148
Carmel Unified,Carmel Middle,4380 Carmel Valley Road Carmel CA 93922-2740,NA,NA,FALSE,tested,San Diego,San Diego County,32.93374,-117.238709
Carmel Unified,Carmel River Elementary,Monte Verde Street and 15th Avenue Carmel CA 93923,9,ppb,TRUE,tested,Carmel-by-the-Sea,Monterey County,36.56035,-121.924329
Carmel Unified,Carmel Valley High,27335 Schulte Road Carmel CA 93923-9537,NA,NA,FALSE,tested,NA,Monterey County,36.528085,-121.830604
Carmel Unified,Tularcitos Elementary,35 Ford Road Carmel Valley CA 93924-9649,NA,NA,FALSE,tested,NA,Monterey County,36.483618,-121.73015
