district,schoolName,schoolAddress,medianResult,unit,lead,status,city,county,latitude,longitude,maxResult
Carpinteria Unified,Aliso Elementary,4545 Carpinteria Avenue Carpinteria CA 93013-1811,,,False,tested,Carpinteria,Santa Barbara County,34.401226,-119.52664399999999,
Carpinteria Unified,Canalino Elementary,1480 Linden Ave. Carpinteria CA 93013-1414,,,False,tested,Carpinteria,Santa Barbara County,34.404589,-119.51574199999999,
Carpinteria Unified,Carpinteria Family,1480 Linden Avenue Carpinteria CA 93013-1414,,,,not tested,Carpinteria,Santa Barbara County,34.404589,-119.51574199999999,
Carpinteria Unified,Carpinteria Middle,5351 Carpinteria Avenue Carpinteria CA 93013-2101,,,False,tested,Carpinteria,Santa Barbara County,34.396138,-119.515725,
Carpinteria Unified,Carpinteria Senior High,4810 Foothill Road Carpinteria CA 93013-3084,,,False,tested,Carpinteria,Santa Barbara County,34.411245,-119.516852,
Carpinteria Unified,Rincon High (Continuation),4698 Foothill Rd. Carpinteria CA 93013-3084,,,False,tested,Carpinteria,Santa Barbara County,34.415962,-119.54028400000001,
Carpinteria Unified,Summerland Elementary,135 Valencia Avenue Summerland CA 93067-9999,,,False,tested,Summerland,Santa Barbara County,34.421471000000004,-119.597277,
