district,schoolName,schoolAddress,medianResult,unit,lead,status,city,county,latitude,longitude
Carpinteria Unified,Aliso Elementary,4545 Carpinteria Avenue Carpinteria CA 93013-1811,NA,NA,FALSE,tested,Carpinteria,Santa Barbara County,34.401226,-119.526644
Carpinteria Unified,Canalino Elementary,1480 Linden Ave. Carpinteria CA 93013-1414,NA,NA,FALSE,tested,Carpinteria,Santa Barbara County,34.404589,-119.515742
Carpinteria Unified,Carpinteria Family,1480 Linden Avenue Carpinteria CA 93013-1414,NA,NA,NA,not tested,Carpinteria,Santa Barbara County,34.404589,-119.515742
Carpinteria Unified,Carpinteria Middle,5351 Carpinteria Avenue Carpinteria CA 93013-2101,NA,NA,FALSE,tested,Carpinteria,Santa Barbara County,34.396138,-119.515725
Carpinteria Unified,Carpinteria Senior High,4810 Foothill Road Carpinteria CA 93013-3084,NA,NA,FALSE,tested,Carpinteria,Santa Barbara County,34.411245,-119.516852
Carpinteria Unified,Rincon High (Continuation),4698 Foothill Rd. Carpinteria CA 93013-3084,NA,NA,FALSE,tested,Carpinteria,Santa Barbara County,34.415962,-119.540284
Carpinteria Unified,Summerland Elementary,135 Valencia Avenue Summerland CA 93067-9999,NA,NA,FALSE,tested,Summerland,Santa Barbara County,34.421471,-119.597277
