district,schoolName,schoolAddress,medianResult,unit,lead,status,city,county,latitude,longitude,maxResult
Compton Unified,Anderson Elementary,2210 East 130th Street Compton CA 90222-2110,,,False,tested,,Los Angeles County,33.914605,-118.270706,
Compton Unified,Bunche Middle,12338 Mona Boulevard Compton CA 90220-1320,9.3,ppb,True,tested,LA,Los Angeles County,33.927032000000004,-118.229849,9.3
Compton Unified,Bursch Elementary,2505 West 156th Street Compton CA 90220-2640,,,False,tested,Compton,Los Angeles County,33.891295,-118.25588300000001,
Compton Unified,Carver Elementary,1425 East 120th Street Los Angeles CA 90059-2418,,,False,tested,,Los Angeles County,33.923662,-118.249807,
Compton Unified,Centennial High,2606 North Central Avenue Compton CA 90222-1640,,,False,tested,Compton,Los Angeles County,33.916064,-118.254305,
Compton Unified,Cesar Chavez Continuation High,12501 North Wilmington Compton CA 90222,5.2,ppb,True,tested,Compton,Los Angeles County,33.909455,-118.23915900000001,5.2
Compton Unified,"Clinton, William Jefferson",6500 Compton Boulevard Compton CA 90221-3181,,,False,tested,Compton,Los Angeles County,33.895396000000005,-118.183576,
Compton Unified,Compton Community Day High,2300 West Caldwell St Compton CA 90220-4116,,,False,tested,Compton,Los Angeles County,33.883167,-118.24976000000001,
Compton Unified,Compton Community Day Middle,2300 West Caldwell Street Compton CA 90220-4116,,,False,tested,Compton,Los Angeles County,33.883167,-118.24976000000001,
Compton Unified,Compton High,601 South Acacia Street Compton CA 90220-3702,,,False,tested,Compton,Los Angeles County,33.890944,-118.227079,
Compton Unified,Compton Middle Opportunity,2300 West Caldwell Street Building A Compton CA 90220-4116,,,False,tested,Compton,Los Angeles County,33.882911,-118.249247,
Compton Unified,Davis Middle,621 West Poplar Street Compton CA 90220-1927,,,False,tested,Compton,Los Angeles County,33.900104,-118.234568,
Compton Unified,Dickison Elementary,905 North Aranbe Street Compton CA 90220-2023,,,False,tested,Compton,Los Angeles County,33.902136999999996,-118.232335,
Compton Unified,Dominguez High,15301 South San Jose Avenue Compton CA 90221-3131,5.3,ppb,True,tested,Paramount,Los Angeles County,33.892953000000006,-118.18311100000001,5.3
Compton Unified,El Segundo School,1480 W El Segundo Blvd Compton CA 90249,,,False,tested,Compton,Los Angeles County,33.916339,-118.247322,
Compton Unified,Emerson Elementary,1011 East Caldwell Street Compton CA 90221-4340,,,False,tested,Compton,Los Angeles County,33.884603000000006,-118.211914,
Compton Unified,Enterprise Middle,2600 West Compton Boulevard Compton CA 90220-1324,9.9,ppb,True,tested,Compton,Los Angeles County,33.895346,-118.258007,9.9
Compton Unified,Foster Elementary,1620 North Pannes Street Compton CA 90221-1734,,,False,tested,Compton,Los Angeles County,33.906259999999996,-118.20254299999999,
Compton Unified,Francis Willard School,310 E El Segundo Blvd Compton CA 90222,,,False,tested,,Los Angeles County,33.916339,-118.269295,
Compton Unified,Kelly Elementary,2320 East Alondra Boulevard Compton CA 90221-4202,,,False,tested,Compton,Los Angeles County,33.888689,-118.20553500000001,
Compton Unified,Laurel Street Elementary,1321 West Laurel Street Compton CA 90220-2801,,,False,tested,Compton,Los Angeles County,33.892803,-118.23848600000001,
Compton Unified,Longfellow Elementary,1101 South Dwight Street Compton CA 90220-4496,,,False,tested,Compton,Los Angeles County,33.885425,-118.241013,
Compton Unified,Martin Luther King Elementary,2270 East 122nd Street Compton CA 90222-1304,,,False,tested,,Los Angeles County,33.921278,-118.269582,
Compton Unified,Mayo Elementary,915 North Mayo Avenue Compton CA 90221-2112,,,False,tested,Compton,Los Angeles County,33.902190999999995,-118.213077,
Compton Unified,McKinley Elementary,14431 Stanford Avenue Compton CA 90220-1128,,,False,tested,Compton,Los Angeles County,33.907314,-118.263101,
Compton Unified,Ralph Bunche Elementary,16223 South Haskins Lane Carson CA 90746-1021,,,False,tested,Compton,Los Angeles County,33.884536,-118.261096,
Compton Unified,Robert F. Kennedy Elementary,1305 South Oleander Street Compton CA 90220-4646,,,False,tested,Compton,Los Angeles County,33.883759999999995,-118.228429,
Compton Unified,Roosevelt Elementary,700 North Bradfield Avenue Compton CA 90221-2307,,,False,tested,Compton,Los Angeles County,33.900356,-118.203969,
Compton Unified,Roosevelt Middle,1200 East Alondra Boulevard Compton CA 90221-4306,,,False,tested,Compton,Los Angeles County,33.888558,-118.20978400000001,
Compton Unified,Rosecrans Elementary,1301 North Acacia Avenue Compton CA 90227-4001,,,False,tested,Compton,Los Angeles County,33.904742999999996,-118.22841299999999,
Compton Unified,Thomas Jefferson School,13314 Mona Blvd Compton CA 90059,,,False,tested,LA,Los Angeles County,33.927032000000004,-118.229849,
Compton Unified,Tibby Elementary,1400 West Poplar Street Compton CA 90220-1537,,,False,tested,Compton,Los Angeles County,33.899852,-118.24673600000001,
Compton Unified,Today's Fresh Start-Compton,4476 Crenshaw Boulevard Los Angeles CA 90043-1208,,,,not tested,LA,Los Angeles County,33.988384,-118.33095700000001,
Compton Unified,Vanguard Learning Center,13305 South San Pedro Street Los Angeles CA 90061-2254,,,False,tested,LA,Los Angeles County,34.015629,-118.265096,
Compton Unified,Washington Elementary,1421 North Wilmington Avenue Compton CA 90222-3406,,,False,tested,Compton,Los Angeles County,33.905691999999995,-118.238495,
Compton Unified,Whaley Middle,14401 South Gibson Avenue Compton CA 90221-2514,,,False,tested,Lynwood,Los Angeles County,33.902638,-118.189357,
Compton Unified,Willowbrook Middle,2601 North Wilmington Avenue Compton CA 90222-2004,7.3,ppb,True,tested,Compton,Los Angeles County,33.915585,-118.23915900000001,7.3
