district,schoolName,schoolAddress,medianResult,unit,lead,status,city,county,latitude,longitude,maxResult
Cypress Elementary,A. E. Arnold Elementary,9281 Denni Street Cypress CA 90630-2724,6.55,ppb,True,tested,Cypress,Orange County,33.824705,-118.054602,7.1
Cypress Elementary,Clara J. King Elementary,8710 Moody Street Cypress CA 90630-2220,,,False,tested,Cypress,Orange County,33.814886,-118.04551000000001,
Cypress Elementary,Frank Vessels Elementary,5900 Cathy Ave Cypress CA 90630-4615,9.9,ppb,True,tested,Cypress,Orange County,33.811659999999996,-118.03009099999998,9.9
Cypress Elementary,Juliet Morris Elementary,9952 Graham Street Cypress CA 90630-3815,5.8,ppb,True,tested,Cypress,Orange County,33.818178,-118.034526,5.8
Cypress Elementary,Margaret Landell Elementary,9739 Denni Street Cypress CA 90630-3447,,,,not tested,Cypress,Orange County,33.819769,-118.05452700000001,
Cypress Elementary,Steve Luther Elementary,4631 La Palma Ave La Palma CA 90623-1620,5.04,ppb,True,tested,La Palma,Orange County,33.846354999999996,-118.04108799999999,5.04
