district,schoolName,schoolAddress,medianResult,unit,lead,status,city,county,latitude,longitude,maxResult
Dehesa Elementary,Dehesa Elementary,4612 Dehesa Road B El Cajon CA 92019-2922,,,,not tested,El Cajon,San Diego County,32.786068,-116.91161299999999,
Dehesa Elementary,Diego Hills Charter,4585 College Avenue San Diego CA 92115-4011,,,,not tested,San Diego,San Diego County,32.760647999999996,-117.06663300000001,
Dehesa Elementary,Inspire Charter School - South,4612 Dehesa Road El Cajon CA 92019-2922,,,,not tested,El Cajon,San Diego County,32.786068,-116.91161299999999,
Dehesa Elementary,MethodSchools,4612 Dehesa Rd El Cajon CA 92019-2922,,,,not tested,El Cajon,San Diego County,32.786068,-116.91161299999999,
Dehesa Elementary,Mosaica Online Academy of Southern California,4612 Dehesa Road C El Cajon CA 92019-2922,,,,not tested,El Cajon,San Diego County,32.786068,-116.91161299999999,
