district,schoolName,schoolAddress,medianResult,unit,lead,status,city,county,latitude,longitude,maxResult
Dixie Elementary,Dixie Elementary,1175 Idylberry Drive San Rafael CA 94903-1131,,,False,tested,San Rafael,Marin County,38.029087,-122.574307,
Dixie Elementary,Mary E. Silveira Elementary,375 Blackstone Drive San Rafael CA 94903-1401,,,False,tested,San Rafael,Marin County,38.037579,-122.544478,
Dixie Elementary,Miller Creek Middle,2255 Las Gallinas Avenue San Rafael CA 94903-1699,,,False,tested,San Rafael,Marin County,38.00632,-122.54443,
Dixie Elementary,Vallecito Elementary,50 Nova Albion Way San Rafael CA 94903-3556,,,False,tested,San Rafael,Marin County,38.007809,-122.5494,
