district,schoolName,schoolAddress,medianResult,unit,lead,status,city,county,latitude,longitude
Escalon Unified,Dent Elementary,1998 Yosemite Avenue Escalon CA 95320-1845,NA,NA,FALSE,tested,NA,San Joaquin County,37.798341,-120.989266
Escalon Unified,El Portal Middle,805 First Street Escalon CA 95320-1508,NA,NA,FALSE,tested,Escalon,San Joaquin County,37.793849,-121.00234
Escalon Unified,Escalon Charter Academy,1520 Yosemite Avenue Escalon CA 95320-1753,NA,NA,FALSE,tested,NA,San Joaquin County,37.798531,-120.994298
Escalon Unified,Escalon High,1528 East Yosemite Avenue Escalon CA 95320-1753,NA,NA,FALSE,tested,Escalon,San Joaquin County,37.800464,-120.994563
Escalon Unified,Farmington Elementary,25233 East Highway 4 Farmington CA 95230-0068,NA,NA,NA,not tested,Escalon,San Joaquin County,37.931091,-121.004083
Escalon Unified,Vista High (Continuation),1520 Yosemite Ave. Escalon CA 95320-1753,NA,NA,FALSE,tested,NA,San Joaquin County,37.798531,-120.994298
