district,schoolName,schoolAddress,medianResult,unit,lead,status,city,county,latitude,longitude,maxResult
Escalon Unified,Dent Elementary,1998 Yosemite Avenue Escalon CA 95320-1845,,,False,tested,,San Joaquin County,37.798341,-120.98926599999999,
Escalon Unified,El Portal Middle,805 First Street Escalon CA 95320-1508,,,False,tested,Escalon,San Joaquin County,37.793849,-121.00233999999999,
Escalon Unified,Escalon Charter Academy,1520 Yosemite Avenue Escalon CA 95320-1753,,,False,tested,,San Joaquin County,37.798531,-120.994298,
Escalon Unified,Escalon High,1528 East Yosemite Avenue Escalon CA 95320-1753,,,False,tested,Escalon,San Joaquin County,37.800464,-120.99456299999999,
Escalon Unified,Farmington Elementary,25233 East Highway 4 Farmington CA 95230-0068,,,,not tested,Escalon,San Joaquin County,37.931090999999995,-121.00408300000001,
Escalon Unified,Vista High (Continuation),1520 Yosemite Ave. Escalon CA 95320-1753,,,False,tested,,San Joaquin County,37.798531,-120.994298,
