district,schoolName,schoolAddress,medianResult,unit,lead,status,city,county,latitude,longitude,maxResult
Esparto Unified,Esparto Elementary,17120 Omega Street Esparto CA 95627-0069,,,,not tested,,Yolo County,38.692667,-122.02338400000001,
Esparto Unified,Esparto High,17121 Yolo Avenue Esparto CA 95627-0069,,,,not tested,,Yolo County,38.690869,-122.01715800000001,
Esparto Unified,Esparto Middle,26058 Country Road 21A Esparto CA 95627,,,,not tested,Esparto,Yolo County,38.690166,-122.024825,
Esparto Unified,Madison Community High,17923 Stephens Street Madison CA 95653,,,,not tested,,Yolo County,38.679575,-121.97167900000001,
