district,schoolName,schoolAddress,medianResult,unit,lead,status,city,county,latitude,longitude
Esparto Unified,Esparto Elementary,17120 Omega Street Esparto CA 95627-0069,NA,NA,NA,not tested,NA,Yolo County,38.692667,-122.023384
Esparto Unified,Esparto High,17121 Yolo Avenue Esparto CA 95627-0069,NA,NA,NA,not tested,NA,Yolo County,38.690869,-122.017158
Esparto Unified,Esparto Middle,26058 Country Road 21A Esparto CA 95627,NA,NA,NA,not tested,Esparto,Yolo County,38.690166,-122.024825
Esparto Unified,Madison Community High,17923 Stephens Street Madison CA 95653,NA,NA,NA,not tested,NA,Yolo County,38.679575,-121.971679
