district,schoolName,schoolAddress,medianResult,unit,lead,status,city,county,latitude,longitude,maxResult
Fairfax Elementary,Fairfax Jr. High,1500 South Fairfax Road Bakersfield CA 93307-3151,,,False,tested,,Kern County,35.352635,-118.93196699999999,
Fairfax Elementary,Shirley Lane Elementary,6714 Shirley Lane Bakersfield CA 93307-3179,,,False,tested,,Kern County,35.343377000000004,-118.938667,
Fairfax Elementary,Virginia Avenue Elementary,3301 Virginia Avenue Bakersfield CA 93307-2931,,,False,tested,Bakersfield,Kern County,35.36135,-118.94880900000001,
Fairfax Elementary,Zephyr Lane Elementary,6327 Zephyr Lane Bakersfield CA 93307,,,False,tested,Bakersfield,Kern County,35.346978,-118.934502,
