district,schoolName,schoolAddress,medianResult,unit,lead,status,city,county,latitude,longitude,maxResult
Fullerton Joint Union High,Buena Park High,8833 Academy Drive Buena Park CA 90621-3705,,,False,tested,Buena Park,Orange County,33.86102,-117.98016000000001,
Fullerton Joint Union High,Fullerton School District Nutrition Center,389 W Truslow Fullerton CA 92832,12.0,ppb,True,tested,Fullerton,Orange County,33.867364,-117.93063300000001,12.0
Fullerton Joint Union High,Fullerton Union High,201 East Chapman Avenue Fullerton CA 92832-1925,,,False,tested,Fullerton,Orange County,33.874068,-117.92194599999999,
Fullerton Joint Union High,La Habra High,801 West Highlander Avenue La Habra CA 90631-3720,,,False,tested,La Habra,Orange County,33.937265000000004,-117.95703999999999,
Fullerton Joint Union High,La Sierra High (Alternative),951 North State College Boulevard Fullerton CA 92831,,,False,tested,Fullerton,Orange County,33.886559999999996,-117.88975400000001,
Fullerton Joint Union High,La Vista High (Continuation),909 North State College Boulevard Fullerton CA 92831-3013,,,False,tested,Fullerton,Orange County,33.878029999999995,-117.88976799999999,
Fullerton Joint Union High,Sonora High,401 South Palm Street La Habra CA 90631-5735,,,False,tested,La Habra,Orange County,33.928104,-117.926594,
Fullerton Joint Union High,Sunny Hills High,1801 Warburton Way Fullerton CA 92833-2235,,,False,tested,Fullerton,Orange County,33.884334,-117.95265,
Fullerton Joint Union High,Troy High,2200 East Dorothy Lane Fullerton CA 92831-3036,,,False,tested,Fullerton,Orange County,33.881375,-117.89500600000001,
