district,schoolName,schoolAddress,medianResult,unit,lead,status,city,county,latitude,longitude
Garden Grove Unified,A. J. Cook Elementary,9802 Woodbury Avenue Garden Grove CA 92844-2819,NA,NA,FALSE,tested,Garden Grove,Orange County,33.763539,-117.958166
Garden Grove Unified,Adult Education,11262 Garden Grove Boulevard Garden Grove CA 92843,NA,NA,NA,not tested,Garden Grove,Orange County,33.774123,-117.93704
Garden Grove Unified,Agnes Ware Stanley Elementary,12201 Elmwood Avenue Garden Grove CA 92840-3439,NA,NA,FALSE,tested,Garden Grove,Orange County,33.785712,-117.937955
Garden Grove Unified,Alamitos Intermediate,12381 Dale Street Garden Grove CA 92841-3219,NA,NA,FALSE,tested,Stanton,Orange County,33.782746,-117.98416
Garden Grove Unified,Bolsa Grande High,9401 Westminster Avenue Garden Grove CA 92844-2901,NA,NA,FALSE,tested,Garden Grove,Orange County,33.759417,-117.962259
Garden Grove Unified,Brookhurst Elementary,9821 William Dalton Way Garden Grove CA 92841-3841,NA,NA,FALSE,tested,Garden Grove,Orange County,33.783525,-117.960795
Garden Grove Unified,Bryant Elementary,8371 Orangewood Avenue Garden Grove CA 92841-1517,NA,NA,FALSE,tested,Garden Grove,Orange County,33.795555,-118.007584
Garden Grove Unified,C. C. Violette Elementary,12091 Lampson Avenue Garden Grove CA 92840-5643,NA,NA,FALSE,tested,Garden Grove,Orange County,33.7817,-117.922911
Garden Grove Unified,Clinton Elementary,13641 Clinton Street Garden Grove CA 92843-4110,NA,NA,FALSE,tested,Garden Grove,Orange County,33.764861,-117.911514
Garden Grove Unified,Donald S. Jordan Intermediate,9821 Woodbury Road Garden Grove CA 92844-2835,NA,NA,FALSE,tested,Garden Grove,Orange County,33.763659,-117.939508
Garden Grove Unified,Dr. Walter C. Ralston Intermediate,10851 East Lampson Avenue Garden Grove CA 92840-5134,NA,NA,FALSE,tested,Garden Grove,Orange County,33.782429,-117.943434
Garden Grove Unified,Dwight D. Eisenhower Elementary,13221 Lilly Street Garden Grove CA 92843-2156,NA,NA,FALSE,tested,Garden Grove,Orange County,33.770614,-117.906954
Garden Grove Unified,Earl Warren Elementary,12871 Estock Drive Garden Grove CA 92840-4205,NA,NA,FALSE,tested,Garden Grove,Orange County,33.785421,-117.909194
Garden Grove Unified,Edward Russell Elementary,600 South Jackson Street Santa Ana CA 92704-1457,NA,NA,FALSE,tested,Santa Ana,Orange County,33.739862,-117.915791
Garden Grove Unified,Enders Elementary,12302 Springdale Street Garden Grove CA 92845-2239,NA,NA,FALSE,tested,Garden Grove,Orange County,33.785053,-118.019717
Garden Grove Unified,Ernest O. Lawrence Elementary,12521 Monroe Garden Grove CA 92841-4422,NA,NA,FALSE,tested,Garden Grove,Orange County,33.780172,-117.987347
Garden Grove Unified,Ethan B. Allen Elementary,16200 Bushard Street Fountain Valley CA 92708-1505,NA,NA,FALSE,tested,Fountain Valley,Orange County,33.715969,-117.963197
Garden Grove Unified,Ethel M. Evans Elementary,12281 Nelson Street Garden Grove CA 92840-3205,NA,NA,FALSE,tested,Garden Grove,Orange County,33.785788,-117.94561
Garden Grove Unified,Excelsior Elementary,10421 Woodbury Road Garden Grove CA 92843-3277,NA,NA,FALSE,tested,Garden Grove,Orange County,33.763687,-117.94792
Garden Grove Unified,Faylane Elementary,11731 Morrie Lane Garden Grove CA 92840-1906,NA,NA,FALSE,tested,Garden Grove,Orange County,33.79182,-117.952812
Garden Grove Unified,Garden Grove High,11271 Stanford Avenue Garden Grove CA 92840-5317,NA,NA,FALSE,tested,Garden Grove,Orange County,33.777936,-117.935583
Garden Grove Unified,Garden Park Elementary,6562 Stanford Avenue Garden Grove CA 92845-2243,NA,NA,FALSE,tested,Garden Grove,Orange County,33.777645,-118.01825
Garden Grove Unified,Genevieve M. Crosby Elementary,12181 West Street Garden Grove CA 92840-3803,NA,NA,FALSE,tested,Garden Grove,Orange County,33.786113,-117.923795
Garden Grove Unified,Gilbert Elementary,9551 Orangewood Avenue Garden Grove CA 92841-1737,NA,NA,FALSE,tested,Garden Grove,Orange County,33.795892,-117.966575
Garden Grove Unified,Heritage Elementary,426 South Andres Place Santa Ana CA 92704-1123,NA,NA,FALSE,tested,Santa Ana,Orange County,33.740718,-117.931575
Garden Grove Unified,Hilton D. Bell Intermediate,12345 Springdale Street Garden Grove CA 92845-2238,NA,NA,FALSE,tested,Garden Grove,Orange County,33.785549,-118.019911
Garden Grove Unified,Izaak Walton Intermediate,12181 Buaro Street Garden Grove CA 92840-3924,NA,NA,FALSE,tested,Garden Grove,Orange County,33.786945,-117.919315
Garden Grove Unified,James Irvine Intermediate,10552 Hazard Avenue Garden Grove CA 92843-5109,NA,NA,FALSE,tested,Orange,Orange County,33.752225,-117.945297
Garden Grove Unified,James Monroe Elementary,16225 Newhope Street Fountain Valley CA 92708-1703,NA,NA,FALSE,tested,Fountain Valley,Orange County,33.727865,-117.928671
Garden Grove Unified,John Marshall Elementary,15791 Bushard Street Westminster CA 92683-7455,NA,NA,FALSE,tested,Orange,Orange County,33.73326,-117.963512
Garden Grove Unified,John Murdy Elementary,14851 Donegal Drive Garden Grove CA 92844-3237,NA,NA,FALSE,tested,Garden Grove,Orange County,33.746928,-117.961291
Garden Grove Unified,Jordan Secondary Learning Center,9915 Woodbury Avenue Garden Grove CA 92844-2838,NA,NA,FALSE,tested,Garden Grove,Orange County,33.763504,-117.956916
Garden Grove Unified,La Quinta High,10372 McFadden Street Westminster CA 92683-7098,NA,NA,FALSE,tested,Westminster,Orange County,33.735988,-117.949406
Garden Grove Unified,Lake Intermediate School,10801 Orangewood Avenue Garden Grove CA 92840-1644,NA,NA,FALSE,tested,Garden Grove,Orange County,33.795816,-117.942432
Garden Grove Unified,Leo Carrillo Elementary,15270 Bushard Street Westminster CA 92683-6502,NA,NA,FALSE,tested,Orange,Orange County,33.740781,-117.963413
Garden Grove Unified,Leroy L. Doig Intermediate,12752 Trask Avenue Garden Grove CA 92843-3041,NA,NA,FALSE,tested,Garden Grove,Orange County,33.76701,-117.924349
Garden Grove Unified,Linton T. Simmons Elementary,11602 Steele Drive Garden Grove CA 92841-2121,NA,NA,FALSE,tested,Garden Grove,Orange County,33.793591,-117.945073
Garden Grove Unified,Los Amigos High,16566 Newhope Street Fountain Valley CA 92708-2403,NA,NA,FALSE,tested,Fountain Valley,Orange County,33.721861,-117.92629
Garden Grove Unified,Louis G. Zeyen Elementary,12081 South Magnolia Street Garden Grove CA 92841-3314,NA,NA,FALSE,tested,Anaheim,Orange County,33.803116,-117.975635
Garden Grove Unified,Loyal Barker Elementary,12565 Springdale Street Garden Grove CA 92845-2841,NA,NA,FALSE,tested,Garden Grove,Orange County,33.780172,-118.020042
Garden Grove Unified,Mamie L. Northcutt Elementary,11303 Sandstone Street Fountain Valley CA 92708-3025,NA,NA,FALSE,tested,Fountain Valley,Orange County,33.71901,-117.931646
Garden Grove Unified,Marie L. Hare High,12012 Magnolia Street Garden Grove CA 92841-1644,14.3,ppb,TRUE,tested,Garden Grove,Orange County,33.78817,-117.975332
Garden Grove Unified,Mark Twain Special Center,11802 Loara Street Garden Grove CA 92840-2324,NA,NA,FALSE,tested,Garden Grove,Orange County,33.791046,-117.936769
Garden Grove Unified,Merton E. Hill Elementary,9681 11th Street Garden Grove CA 92844-3101,NA,NA,FALSE,tested,Garden Grove,Orange County,33.754099,-117.960117
Garden Grove Unified,Mitchell Elementary,13451 Taft Avenue Garden Grove CA 92843-2444,6.89,ppb,TRUE,tested,NA,Merced County,37.233675,-120.25771
Garden Grove Unified,Morningside Elementary,10521 Morningside Drive Garden Grove CA 92843-4810,NA,NA,FALSE,tested,Garden Grove,Orange County,33.75649,-117.946398
Garden Grove Unified,Newhope Elementary,4419 West Regent Drive Santa Ana CA 92704-2245,NA,NA,FALSE,tested,Santa Ana,Orange County,33.732195,-117.927151
Garden Grove Unified,Ocia A. Peters Elementary,13162 Newhope Street Garden Grove CA 92843-1416,NA,NA,FALSE,tested,Garden Grove,Orange County,33.771559,-117.929012
Garden Grove Unified,Pacifica High,6851 Lampson Avenue Garden Grove CA 92845-2211,NA,NA,FALSE,tested,Garden Grove,Orange County,33.781087,-118.01439
Garden Grove Unified,Parkview Elementary,12272 Wilken Way Garden Grove CA 92840-2699,NA,NA,FALSE,tested,Garden Grove,Orange County,33.793744,-117.92298
Garden Grove Unified,Patton Elementary,6861 Santa Rita Avenue Garden Grove CA 92845-1443,NA,NA,FALSE,tested,Garden Grove,Orange County,33.78937,-118.01321
Garden Grove Unified,Post Elementary,14641 Ward Street Westminster CA 92683-5830,NA,NA,FALSE,tested,Westminster,Orange County,33.739583,-117.946099
Garden Grove Unified,R. F. Hazard Elementary,4218 West Hazard Avenue Santa Ana CA 92703-2610,NA,NA,FALSE,tested,Santa Ana,Orange County,33.751522,-117.9256
Garden Grove Unified,Rancho Alamitos High,11351 Dale Street Garden Grove CA 92841-1598,NA,NA,FALSE,tested,Garden Grove,Orange County,33.797909,-117.984513
Garden Grove Unified,Riverdale Elementary,13222 Lewis Street Garden Grove CA 92843-2229,10.2,ppb,TRUE,tested,Garden Grove,Orange County,33.771243,-117.89701
Garden Grove Unified,Rosita Elementary,4726 Hazard Avenue Santa Ana CA 92703-2537,NA,NA,FALSE,tested,Orange,Orange County,33.752347,-117.932063
Garden Grove Unified,Santiago High,12342 Trask Avenue Garden Grove CA 92843-2812,5.46,ppb,TRUE,tested,Garden Grove,Orange County,33.76701,-117.924349
Garden Grove Unified,Sarah McGarvin Intermediate,9802 Bishop Place Westminster CA 92683-6605,NA,NA,FALSE,tested,Westminster,Orange County,33.741198,-117.959598
Garden Grove Unified,Stanford Elementary,12721 Magnolia Avenue Garden Grove CA 92841-4739,NA,NA,FALSE,tested,Riverside,Riverside County,33.886469,-117.507033
Garden Grove Unified,Stephen R. Fitz Intermediate,4600 West McFadden Avenue Santa Ana CA 92704-1142,NA,NA,FALSE,tested,Santa Ana,Orange County,33.737407,-117.930545
Garden Grove Unified,Sunnyside Elementary,9972 East Russell Avenue Garden Grove CA 92844-2431,NA,NA,FALSE,tested,Garden Grove,Orange County,33.767698,-117.956184
Garden Grove Unified,Susan B. Anthony Elementary,15320 Pickford Street Westminster CA 92683-7015,NA,NA,FALSE,tested,Westminster,Orange County,33.740756,-117.951336
Garden Grove Unified,Thomas Paine Elementary,15792 Ward Street Garden Grove CA 92843-5348,NA,NA,FALSE,tested,Garden Grove,Orange County,33.734314,-117.94591
Garden Grove Unified,Wakeham Elementary,7772 Chapman Avenue Garden Grove CA 92841-3003,NA,NA,FALSE,tested,Garden Grove,Orange County,33.788436,-117.97993
Garden Grove Unified,Woodbury Elementary,11362 Woodbury Road Garden Grove CA 92843-3599,NA,NA,FALSE,tested,Garden Grove,Orange County,33.763666,-117.931233
