district,schoolName,schoolAddress,medianResult,unit,lead,status,city,county,latitude,longitude
Grass Valley Elementary,Bell Hill Academy,342 South School Street Grass Valley CA 95945-6632,NA,NA,NA,not tested,NA,Nevada County,39.215077,-121.067757
Grass Valley Elementary,Grass Valley Charter,225 South Auburn Street Grass Valley CA 95945-7229,NA,NA,FALSE,tested,NA,Nevada County,39.215365,-121.061572
Grass Valley Elementary,Grass Valley Preschool,10840 Gilmore Way Grass Valley CA 95945-5409,NA,NA,FALSE,tested,Grass Valley,Nevada County,39.221654,-121.073681
Grass Valley Elementary,Lyman Gilmore Middle,10837 Rough and Ready Highway Grass Valley CA 95945-8522,NA,NA,FALSE,tested,Grass Valley,Nevada County,39.22272,-121.073628
Grass Valley Elementary,Margaret G. Scotten Elementary,10821 Squirrel Creek Road Grass Valley CA 95945-5414,NA,NA,FALSE,tested,Grass Valley,Nevada County,39.22228,-121.076868
