district,schoolName,schoolAddress,medianResult,unit,lead,status,city,county,latitude,longitude
Arcata Elementary,Arcata Elementary,2400 Baldwin Street Arcata CA 95521-5168,NA,NA,FALSE,tested,Arcata,Humboldt County,40.882387,-124.086332
Arcata Elementary,Coastal Grove Charter,1897 S Street Arcata CA 95521-5474,NA,NA,FALSE,tested,Arcata,Humboldt County,40.876966,-124.09863
Arcata Elementary,Fuente Nueva Charter,1730 Janes Road Arcata CA 95521-9623,NA,NA,FALSE,tested,Arcata,Humboldt County,40.880507,-124.100576
Arcata Elementary,Redwood Coast Montessori,1611 Peninsula Drive Arcata CA 95521-9658,NA,NA,FALSE,tested,Arcata,Humboldt County,40.845518,-124.169336
Arcata Elementary,Sunny Brae Middle,1430 Buttermilk Lane Arcata CA 95521-6910,NA,NA,FALSE,tested,Arcata,Humboldt County,40.857432,-124.066797
Arcata Elementary,Union Street Charter,470 Union Street Arcata CA 95521-6429,5.4,ppb,TRUE,tested,Arcata,Humboldt County,40.862904,-124.076942
