district,schoolName,schoolAddress,medianResult,unit,lead,status,city,county,latitude,longitude,maxResult
Arcata Elementary,Arcata Elementary,2400 Baldwin Street Arcata CA 95521-5168,,,False,tested,Arcata,Humboldt County,40.882387,-124.08633200000001,
Arcata Elementary,Coastal Grove Charter,1897 S Street Arcata CA 95521-5474,,,False,tested,Arcata,Humboldt County,40.876965999999996,-124.09863,
Arcata Elementary,Fuente Nueva Charter,1730 Janes Road Arcata CA 95521-9623,,,False,tested,Arcata,Humboldt County,40.880507,-124.100576,
Arcata Elementary,Redwood Coast Montessori,1611 Peninsula Drive Arcata CA 95521-9658,,,False,tested,Arcata,Humboldt County,40.845518,-124.16933600000002,
Arcata Elementary,Sunny Brae Middle,1430 Buttermilk Lane Arcata CA 95521-6910,,,False,tested,Arcata,Humboldt County,40.857432,-124.066797,
Arcata Elementary,Union Street Charter,470 Union Street Arcata CA 95521-6429,5.4,ppb,True,tested,Arcata,Humboldt County,40.862904,-124.07694199999999,5.4
