district,schoolName,schoolAddress,medianResult,unit,lead,status,city,county,latitude,longitude
Hughson Unified,Dickens (Billy Joe) High (Continuation),6937 Fox Road Hughson CA 95326-0099,8.289,ppb,TRUE,tested,NA,Stanislaus County,37.602121,-120.86613
Hughson Unified,Emilie J. Ross Middle,7448 Fox Road Hughson CA 95326-0189,NA,NA,FALSE,tested,NA,Stanislaus County,37.601868,-120.853549
Hughson Unified,Fox Road Elementary,7600 Fox Road Hughson CA 95326-9627,NA,NA,NA,not tested,NA,Stanislaus County,37.601866,-120.852822
Hughson Unified,Hughson Elementary,7201 East Whitmore Avenue Hughson CA 95326-0189,NA,NA,NA,not tested,NA,Stanislaus County,37.594844,-120.862994
Hughson Unified,Hughson High,7419 East Whitmore Avenue Hughson CA 95326-0099,NA,NA,FALSE,tested,Hughson,Stanislaus County,37.595937,-120.859662
