district,schoolName,schoolAddress,medianResult,unit,lead,status,city,county,latitude,longitude,maxResult
Hughson Unified,Dickens (Billy Joe) High (Continuation),6937 Fox Road Hughson CA 95326-0099,8.289,ppb,True,tested,,Stanislaus County,37.602121000000004,-120.86613,10.51
Hughson Unified,Emilie J. Ross Middle,7448 Fox Road Hughson CA 95326-0189,,,False,tested,,Stanislaus County,37.601867999999996,-120.853549,
Hughson Unified,Fox Road Elementary,7600 Fox Road Hughson CA 95326-9627,,,,not tested,,Stanislaus County,37.601865999999994,-120.852822,
Hughson Unified,Hughson Elementary,7201 East Whitmore Avenue Hughson CA 95326-0189,,,,not tested,,Stanislaus County,37.594844,-120.862994,
Hughson Unified,Hughson High,7419 East Whitmore Avenue Hughson CA 95326-0099,,,False,tested,Hughson,Stanislaus County,37.595937,-120.85966200000001,
