district,schoolName,schoolAddress,medianResult,unit,lead,status,city,county,latitude,longitude,maxResult
Jefferson Union High,Adult Education Division,699 Serramonte Boulevard Suite 111 Daly City CA 94015-3219,,,False,tested,Daly City,San Mateo County,37.668040000000005,-122.478545,
Jefferson Union High,Jefferson High,6996 Mission Street Daly City CA 94014-2035,,,False,tested,Daly City,San Mateo County,37.696191999999996,-122.466375,
Jefferson Union High,Oceana High,401 Paloma Avenue Pacifica CA 94044-2436,,,,not tested,Pacifica,San Mateo County,37.639201,-122.486802,
Jefferson Union High,Summit Public School: Shasta,699 Serramonte Boulevard Daly City CA 94015-4132,,,False,tested,Daly City,San Mateo County,37.668634000000004,-122.477728,
Jefferson Union High,Terra Nova High,1450 Terra Nova Boulevard Pacifica CA 94044-3615,,,,not tested,Pacifica,San Mateo County,37.590855,-122.47570400000001,
Jefferson Union High,Thornton High,115 First Avenue Daly City CA 94014-2643,,,False,tested,Daly City,San Mateo County,37.691328999999996,-122.463774,
Jefferson Union High,Westmoor High,131 Westmoor Avenue Daly City CA 94015-3843,,,False,tested,Daly City,San Mateo County,37.683183,-122.485118,
