district,schoolName,schoolAddress,medianResult,unit,lead,status,city,county,latitude,longitude
Kings Canyon Joint Unified,A. L. Conner Elementary,222 Fourth Street Orange Cove CA 93646-2111,NA,NA,FALSE,tested,Orange Cove,Fresno County,36.62972,-119.307957
Kings Canyon Joint Unified,Citrus Middle,1400 Anchor Avenue Orange Cove CA 93646-2111,NA,NA,FALSE,tested,Orange Cove,Fresno County,36.624646,-119.322659
Kings Canyon Joint Unified,General Grant Middle,360 North East Avenue Reedley CA 93654-2510,NA,NA,FALSE,tested,Reedley,Fresno County,36.599666,-119.444152
Kings Canyon Joint Unified,Jefferson Elementary,1037 East Duff Avenue Reedley CA 93654-3505,NA,NA,FALSE,tested,Reedley,Fresno County,36.59259,-119.437969
Kings Canyon Joint Unified,KC KIDS Pre-School,1220 East Washington Avenue Reedley CA 93654-3595,NA,NA,FALSE,tested,Reedley,Fresno County,36.591369,-119.436286
Kings Canyon Joint Unified,Lincoln Elementary,374 East North Avenue Reedley CA 93654-2535,NA,NA,FALSE,tested,Reedley,Fresno County,36.600861,-119.444875
Kings Canyon Joint Unified,McCord Elementary,333 Center Street Orange Cove CA 93646-2056,NA,NA,FALSE,tested,Orange Cove,Fresno County,36.628367,-119.313793
Kings Canyon Joint Unified,Mountain View (Alternative),877 E. North Avenue Reedley CA 93654-2426,NA,NA,FALSE,tested,Reedley,Fresno County,36.600544,-119.447145
Kings Canyon Joint Unified,Orange Cove High,1700 Anchor Avenue Orange Cove CA 93646-2374,NA,NA,FALSE,tested,Orange Cove,Fresno County,36.624646,-119.322659
Kings Canyon Joint Unified,Reedley High,740 West North Avenue Reedley CA 93654-2418,8.2,ppb,TRUE,tested,Reedley,Fresno County,36.600684,-119.456315
Kings Canyon Joint Unified,Reedley Middle College High,995 North Reed Avenue Reedley CA 93654-2017,NA,NA,NA,not tested,Reedley,Fresno County,36.605832,-119.457776
Kings Canyon Joint Unified,Sheridan Elementary,1001 Ninth Street Orange Cove CA 93646-2311,NA,NA,FALSE,tested,Orange Cove,Fresno County,36.618112,-119.317883
Kings Canyon Joint Unified,Silas Bartsch,2225 East North Avenue Reedley CA 93654-9473,14,ppb,TRUE,tested,Reedley,Fresno County,36.600544,-119.447145
Kings Canyon Joint Unified,Thomas Law Reed Elementary,1400 North Frankwood Avenue Reedley CA 93654-2269,NA,NA,FALSE,tested,Reedley,Fresno County,36.606901,-119.448723
Kings Canyon Joint Unified,Washington Elementary,1250 K Street Reedley CA 93654-3331,7.3,ppb,TRUE,tested,Reedley,Fresno County,36.59271,-119.452463
