district,schoolName,schoolAddress,medianResult,unit,lead,status,city,county,latitude,longitude
La Habra City Elementary,Arbolita Elementary,1001 East Brookdale Avenue La Habra CA 90631-3114,NA,NA,FALSE,tested,La Habra,Orange County,33.94374,-117.936416
La Habra City Elementary,El Cerrito Elementary,1051 North Hillside La Habra CA 90631-2820,NA,NA,FALSE,tested,La Habra,Orange County,33.941839,-117.948909
La Habra City Elementary,Imperial Middle,1450 South Schoolwood Drive La Habra CA 90631-7276,5.4,ppb,TRUE,tested,La Habra,Orange County,33.914458,-117.953396
La Habra City Elementary,Ladera Palma Elementary,2151 East Brookdale Avenue La Habra CA 90631-3267,NA,NA,FALSE,tested,La Habra,Orange County,33.944012,-117.922232
La Habra City Elementary,Las Lomas Elementary,301 Las Lomas Drive La Habra CA 90631-7171,NA,NA,FALSE,tested,La Habra,Orange County,33.921285,-117.947375
La Habra City Elementary,Las Positas Elementary,1400 South Schoolwood Drive La Habra CA 90631-7276,NA,NA,FALSE,tested,La Habra,Orange County,33.914516,-117.955288
La Habra City Elementary,Sierra Vista Elementary,1800 East Whittier Boulevard La Habra CA 90631-4171,NA,NA,FALSE,tested,La Habra,Orange County,33.938544,-117.927905
La Habra City Elementary,Walnut Elementary,625 North Walnut Street La Habra CA 90631-3711,NA,NA,FALSE,tested,La Habra,Orange County,33.938128,-117.951663
La Habra City Elementary,Washington Middle,716 East La Habra Boulevard La Habra CA 90631-5530,8.1,ppb,TRUE,tested,La Habra,Orange County,33.930403,-117.938406
