district,schoolName,schoolAddress,medianResult,unit,lead,status,city,county,latitude,longitude,maxResult
Lemoore Union Elementary,Bridges Academy,1200 West Cinnamon Drive Lemoore CA 93245-9420,,,False,tested,,Kings County,36.307014,-119.78443600000001,
Lemoore Union Elementary,Cinnamon Elementary,500 East Cinnamon Drive Lemoore CA 93245-2988,,,False,tested,,Kings County,36.307126000000004,-119.77551399999999,
Lemoore Union Elementary,Lemoore Elementary,573 Bush Street Lemoore CA 93245-3545,6.3,ppb,True,tested,,Kings County,36.297698,-119.80904,9.7
Lemoore Union Elementary,Lemoore University Elementary Charter,450 Marsh Drive Lemoore CA 93245,7.3,ppb,True,tested,Lemoore,Kings County,36.291858000000005,-119.828138,7.3
Lemoore Union Elementary,Liberty Middle,1000 Liberty Drive Lemoore CA 93245-3418,,,False,tested,,Kings County,36.309746000000004,-119.79439599999999,
Lemoore Union Elementary,Meadow Lane Elementary,Meadow Lane and Quandt Lemoore CA 93245-3418,5.3,ppb,True,tested,Lemoore,Kings County,36.318699,-119.77874299999999,5.3
Lemoore Union Elementary,P. W. Engvall Elementary,19th and Cedar Lemoore CA 93245,13.0,ppb,True,tested,,Kings County,36.29385,-119.78347099999999,13.0
