district,schoolName,schoolAddress,medianResult,unit,lead,status,city,county,latitude,longitude,maxResult
Lennox,Buford Elementary,4919 West 109th Street Lennox CA 90304-2135,,,False,tested,,Los Angeles County,33.936777,-118.36390700000001,
Lennox,Century Academy for Excellence,2400 West 85th Street Inglewood CA 90305-1816,,,,not tested,Inglewood,Los Angeles County,33.960811,-118.31894299999999,
Lennox,Century Community Charter,901 South Maple Street Inglewood CA 90301-3823,,,,not tested,Inglewood,Los Angeles County,33.952197999999996,-118.354072,
Lennox,Dolores Huerta Elementary,4125 West 105th Street Lennox CA 90304-2019,,,False,tested,Inglewood,Los Angeles County,33.940995,-118.34687199999999,
Lennox,Felton Elementary,10417 Felton Avenue Lennox CA 90304-1709,,,False,tested,,Los Angeles County,33.920738,-118.36608999999999,
Lennox,Jefferson Elementary,10322 Condon Avenue Lennox CA 90304-1436,,,False,tested,Inglewood,Los Angeles County,33.94225,-118.358853,
Lennox,"Lennox Mathematics, Science and Technology Academy",11036 Hawthorne Boulevard Lennox CA 90304-2316,,,False,tested,,Los Angeles County,33.935143,-118.35196,
Lennox,Lennox Middle,11033 Buford Avenue Lennox CA 90304-2126,,,False,tested,Lennox,Los Angeles County,33.934809,-118.364777,
Lennox,Moffett Elementary,11050 Larch Avenue Lennox CA 90304-1419,,,False,tested,,Los Angeles County,33.935546,-118.349318,
