district,schoolName,schoolAddress,medianResult,unit,lead,status,city,county,latitude,longitude
Lodi Unified,Ansel Adams,9275 Glacier Point Drive Stockton CA 95212-3494,NA,NA,FALSE,tested,Stockton,San Joaquin County,38.033322,-121.275658
Lodi Unified,Aspire Benjamin Holt College Preparatory Academy,3201 East Morada Lane Stockton CA 95212-3110,NA,NA,FALSE,tested,Stockton,San Joaquin County,38.037061,-121.274379
Lodi Unified,Aspire Benjamin Holt Middle School,3293 East Morada Lane Stockton CA 95212-3110,NA,NA,FALSE,tested,Stockton,San Joaquin County,38.037066,-121.273373
Lodi Unified,Aspire River Oaks Charter,1801 Pyrenees Avenue Stockton CA 95210-5207,NA,NA,FALSE,tested,Stockton,San Joaquin County,38.02697,-121.292028
Lodi Unified,Aspire Vincent Shalvey Academy,10038 Hwy 99 East Frontage Road Stockton CA 95212,NA,NA,FALSE,tested,Stockton,San Joaquin County,38.046162,-121.257336
Lodi Unified,Bear Creek High,10555 Thornton Road Stockton CA 95209-4100,NA,NA,FALSE,tested,Stockton,San Joaquin County,38.051877,-121.351346
Lodi Unified,Beckman Elementary,2201 Scarborough Drive Lodi CA 95240-6600,NA,NA,FALSE,tested,Lodi,San Joaquin County,38.105639,-121.280988
Lodi Unified,Christa McAuliffe Middle,3880 Iron Canyon Circle Stockton CA 95209-3612,NA,NA,FALSE,tested,Stockton,San Joaquin County,38.04508,-121.366808
Lodi Unified,Clairmont Elementary,8282 Lemans Avenue Stockton CA 95210-2280,NA,NA,FALSE,tested,Stockton,San Joaquin County,38.026477,-121.288262
Lodi Unified,Clyde W. Needham Elementary,420 South Pleasant Avenue Lodi CA 95240-4033,NA,NA,FALSE,tested,Lodi,San Joaquin County,38.128847,-121.276654
Lodi Unified,Creekside Elementary,2515 Estate Drive Stockton CA 95209-1185,NA,NA,FALSE,tested,Stockton,San Joaquin County,38.041697,-121.349068
Lodi Unified,Delta Sierra Middle,2255 Wagner Heights Road Stockton CA 95209-4700,NA,NA,FALSE,tested,Stockton,San Joaquin County,38.03591,-121.342532
Lodi Unified,Elkhorn,10505 North Davis Road Stockton CA 95209-4327,10,ppb,TRUE,tested,Stockton,San Joaquin County,38.069161,-121.333375
Lodi Unified,Ellerth E. Larson Elementary,2375 Giannoni Way Lodi CA 95242-4795,NA,NA,FALSE,tested,Lodi,San Joaquin County,38.103896,-121.302325
Lodi Unified,Erma B. Reese Elementary,1800 West Elm Street Lodi CA 95242-2917,NA,NA,FALSE,tested,Lodi,San Joaquin County,38.136127,-121.295418
Lodi Unified,George Lincoln Mosher,3220 Buddy Holly Drive Stockton CA 95212-2708,NA,NA,FALSE,tested,Stockton,San Joaquin County,38.046026,-121.272879
Lodi Unified,George Washington Elementary,831 West Lockeford Street Lodi CA 95240-1633,NA,NA,FALSE,tested,Lodi,San Joaquin County,38.138311,-121.283615
Lodi Unified,Heritage Elementary,509 Eden Street Lodi CA 95240-4207,NA,NA,FALSE,tested,Lodi,San Joaquin County,38.127998,-121.262547
Lodi Unified,Joe Serna Jr. Charter,19 South Central Avenue Lodi CA 95240-3148,NA,NA,FALSE,tested,Lodi,San Joaquin County,38.133635,-121.265517
Lodi Unified,John Muir Elementary,2303 Whistler Way Stockton CA 95209-4157,NA,NA,FALSE,tested,Stockton,San Joaquin County,38.049151,-121.343367
Lodi Unified,Julia Morgan Elementary,3777 A. G. Spanos Boulevard Stockton CA 95209-3780,NA,NA,FALSE,tested,Stockton,San Joaquin County,38.051071,-121.35801
Lodi Unified,Lakewood Elementary,1100 North Ham Lane Lodi CA 95242-2322,NA,NA,FALSE,tested,Lodi,San Joaquin County,38.14629,-121.288535
Lodi Unified,Lawrence Elementary,721 Calaveras Street Lodi CA 95240-0628,NA,NA,FALSE,tested,Lodi,San Joaquin County,38.142891,-121.265756
Lodi Unified,Leroy Nichols Elementary,1301 South Crescent Avenue Lodi CA 95240-6001,NA,NA,FALSE,tested,Lodi,San Joaquin County,38.117095,-121.282806
Lodi Unified,Liberty High,660 West Walnut Street Lodi CA 95240-3437,NA,NA,FALSE,tested,Lodi,San Joaquin County,38.131252,-121.281447
Lodi Unified,Lockeford Elementary,19456 North Tully Road Lockeford CA 95237-9752,NA,NA,NA,not tested,NA,San Joaquin County,38.160805,-121.14706
Lodi Unified,Lodi Adult,542 East Pine Street Lodi CA 95240-3034,NA,NA,FALSE,tested,Lodi,San Joaquin County,38.134078,-121.262313
Lodi Unified,Lodi High,3 South Pacific Avenue Lodi CA 95242-3020,8.8,ppb,TRUE,tested,Lodi,San Joaquin County,38.133057,-121.292012
Lodi Unified,Lodi Middle,945 South Ham Lane Lodi CA 95242-3822,5.6,ppb,TRUE,tested,Lodi,San Joaquin County,38.122153,-121.288365
Lodi Unified,Lois E. Borchardt Elementary,375 Culbertson Drive Lodi CA 95240-8873,NA,NA,FALSE,tested,Lodi,San Joaquin County,38.103344,-121.264989
Lodi Unified,Manlio Silva Elementary,6250 Scott Creek Drive Stockton CA 95219-7244,NA,NA,FALSE,tested,Stockton,San Joaquin County,38.053746,-121.391524
Lodi Unified,Middle College High,5151 Pacific Avenue Stockton CA 95207-6370,NA,NA,NA,not tested,Stockton,San Joaquin County,37.99596,-121.314647
Lodi Unified,Millswood Middle,233 North Mills Ave Lodi CA 95242-2954,NA,NA,FALSE,tested,Lodi,San Joaquin County,38.137918,-121.297431
Lodi Unified,Morada Middle,5001 Eastview Drive Stockton CA 95212,NA,NA,FALSE,tested,Stockton,San Joaquin County,38.046454,-121.249983
Lodi Unified,Morada Middle,5001 Eastview Drive Stockton CA 95212-2125,NA,NA,FALSE,tested,Stockton,San Joaquin County,38.046454,-121.249983
Lodi Unified,Oakwood Elementary,1315 Woodcreek Way Stockton CA 95209-2050,NA,NA,FALSE,tested,Stockton,San Joaquin County,38.034386,-121.329102
Lodi Unified,Parklane Elementary,8405 Tam O'Shanter Drive Stockton CA 95210-2110,NA,NA,FALSE,tested,Stockton,San Joaquin County,38.027056,-121.301708
Lodi Unified,Plaza Robles Continuation High,9434 Thornton Road Stockton CA 95209-1263,NA,NA,FALSE,tested,Stockton,San Joaquin County,38.036009,-121.339523
Lodi Unified,Podesta Ranch Elementary,9950 Windmill Park Drive Stockton CA 95209-4326,NA,NA,FALSE,tested,Stockton,San Joaquin County,38.044839,-121.324907
Lodi Unified,Rio Valley Charter,550 W Century Boulevard Lodi CA 95240-6602,NA,NA,FALSE,tested,Lodi,San Joaquin County,38.107174,-121.280253
Lodi Unified,Ronald E. McNair High,9550 Ronald East McNair Way Stockton CA 95210-2800,NA,NA,FALSE,tested,Stockton,San Joaquin County,38.041683,-121.299967
Lodi Unified,Sutherland Elementary,550 Spring River Circle Stockton CA 95210-4479,NA,NA,FALSE,tested,Stockton,San Joaquin County,38.034344,-121.306206
Lodi Unified,Tokay High,1111 West Century Boulevard Lodi CA 95240-6605,NA,NA,FALSE,tested,Lodi,San Joaquin County,38.109932,-121.284708
Lodi Unified,Victor Elementary,17670 North Bruella Road Victor CA 95253-9999,7.15,ppb,TRUE,tested,NA,San Joaquin County,38.143226,-121.205965
Lodi Unified,Vinewood Elementary,1600 West Tokay Street Lodi CA 95242-3435,NA,NA,FALSE,tested,Lodi,San Joaquin County,38.126334,-121.29345
Lodi Unified,Wagner-Holt Elementary,8778 Brattle Place Stockton CA 95209-4850,NA,NA,FALSE,tested,Stockton,San Joaquin County,38.029305,-121.352831
Lodi Unified,Westwood Elementary,9444 Caywood Drive Stockton CA 95210-1500,NA,NA,FALSE,tested,Stockton,San Joaquin County,38.035402,-121.290141
Lodi Unified,Woodbridge,1290 Lilac Street Lodi CA 95242-9127,NA,NA,FALSE,tested,Lodi,San Joaquin County,38.150337,-121.304735
