district,schoolName,schoolAddress,medianResult,unit,lead,status,city,county,latitude,longitude
Mammoth Unified,Mammoth Elementary,1500 Meridan Blvd. Mammoth Lakes CA 93546-3209,NA,NA,NA,not tested,Mammoth Lakes,Mono County,37.641537,-118.958368
Mammoth Unified,Mammoth High,365 Sierra Park Road Mammoth Lakes CA 93546,NA,NA,NA,not tested,NA,Mono County,37.640868,-118.963827
Mammoth Unified,Mammoth Middle,1600 Meridian Blvd Mammoth Lakes CA 93546-2429,NA,NA,NA,not tested,NA,Mono County,37.640139,-118.966595
Mammoth Unified,Sierra High (Continuation),461 Sierra Park Road Mammoth Lakes CA 93546,NA,NA,NA,not tested,NA,Mono County,37.6385,-118.962843
