district,schoolName,schoolAddress,medianResult,unit,lead,status,city,county,latitude,longitude,maxResult
Mammoth Unified,Mammoth Elementary,1500 Meridan Blvd. Mammoth Lakes CA 93546-3209,,,,not tested,Mammoth Lakes,Mono County,37.641537,-118.958368,
Mammoth Unified,Mammoth High,365 Sierra Park Road Mammoth Lakes CA 93546,,,,not tested,,Mono County,37.640868,-118.963827,
Mammoth Unified,Mammoth Middle,1600 Meridian Blvd Mammoth Lakes CA 93546-2429,,,,not tested,,Mono County,37.640139000000005,-118.966595,
Mammoth Unified,Sierra High (Continuation),461 Sierra Park Road Mammoth Lakes CA 93546,,,,not tested,,Mono County,37.6385,-118.96284299999999,
