district,schoolName,schoolAddress,medianResult,unit,lead,status,city,county,latitude,longitude,maxResult
Maricopa Unified,Inspire Charter School - Kern,955 Stanislaus Maricopa CA 93252-9779,,,,not tested,Maricopa,Kern County,35.054285,-119.40376299999998,
Maricopa Unified,Maricopa Elementary,955 Stanislaus St Maricopa CA 93252-8231,,,False,tested,Maricopa,Kern County,35.055434000000005,-119.402739,
Maricopa Unified,Maricopa High,955 Stanislaus Street Maricopa CA 93252-8231,5.08,ppb,True,tested,Maricopa,Kern County,35.055434000000005,-119.402739,5.08
Maricopa Unified,Maricopa Middle,955 Stanislaus Str Maricopa CA 93252-9779,,,False,tested,Maricopa,Kern County,35.055434000000005,-119.402739,
