district,schoolName,schoolAddress,medianResult,unit,lead,status,city,county,latitude,longitude,maxResult
Middletown Unified,Alphabet Soup Co op Preschool,21075 Bush St Middletown CA 95461,,,False,tested,,Lake County,38.754016,-122.615443,
Middletown Unified,Cobb Mountain Elementary,15895 Highway 175 Middletown CA 95461-0338,,,,not tested,Middletown,Lake County,38.830394,-122.72188799999999,
Middletown Unified,Coyote Valley Elementary,18950 Coyote Valley Road Middletown CA 95461-0338,,,,not tested,Hidden Valley Lake,Lake County,38.795163,-122.558819,
Middletown Unified,Early Connection Preschool,15846 Wardlaw ST Middletown CA 95461,,,False,tested,,Lake County,38.755097,-122.61592399999999,
Middletown Unified,Lake County International Charter,15850 Armstrong Street Middletown CA 95461,,,False,tested,,Lake County,38.751383000000004,-122.614554,
Middletown Unified,Middletown High,20932 Big Canyon Road B Middletown CA 95461-0338,,,False,tested,Middletown,Lake County,38.755814,-122.615067,
Middletown Unified,Minnie Cannon Elementary,15846 Wardlaw St. Middletown CA 95461-0338,,,False,tested,,Lake County,38.755097,-122.61592399999999,
