district,schoolName,schoolAddress,medianResult,unit,lead,status,city,county,latitude,longitude,maxResult
Morgan Hill Unified,Ann Sobrato High,401 Burnett Avenue Morgan Hill CA 95037-2641,,,False,tested,Morgan Hill,Santa Clara County,37.158903,-121.670427,
Morgan Hill Unified,Barrett Elementary,895 Barrett Avenue Morgan Hill CA 95037-5206,,,False,tested,,Santa Clara County,37.12222,-121.632,
Morgan Hill Unified,Central High (Continuation),85 Tilton Avenue Morgan Hill CA 95037-2504,,,False,tested,Morgan Hill,Santa Clara County,37.153855,-121.67883799999998,
Morgan Hill Unified,Charter School of Morgan Hill,9530 Monterey Road Morgan Hill CA 95037-9356,,,False,tested,San José,Santa Clara County,37.195543,-121.71758100000001,
Morgan Hill Unified,Community Adult,17940 Monterey Street Morgan Hill CA 95037-3660,7.1,ppb,True,tested,,Santa Clara County,37.128057,-121.652414,10.0
Morgan Hill Unified,El Toro Elementary,455 East Main Avenue Morgan Hill CA 95037-3745,,,False,tested,,Santa Clara County,37.135168,-121.648452,
Morgan Hill Unified,Jackson Academy of Music and Math (JAMM),2700 Fountain Oaks Drive Morgan Hill CA 95037-3907,,,False,tested,,Santa Clara County,37.137563,-121.605364,
Morgan Hill Unified,Lewis H. Britton Middle,80 West Central Avenue Morgan Hill CA 95037-4302,,,False,tested,,Santa Clara County,37.131623,-121.65806699999999,
Morgan Hill Unified,Live Oak High,1505 East Main Avenue Morgan Hill CA 95037-3217,10.0,ppb,True,tested,,Santa Clara County,37.148201,-121.63201299999999,10.0
Morgan Hill Unified,Los Paseos Elementary,121 Avenida Grande San Jose CA 95139-1107,,,False,tested,San José,Santa Clara County,37.227451,-121.76885,
Morgan Hill Unified,Martin Murphy Middle,141 Avenida Espana San Jose CA 95139-1164,,,False,tested,San José,Santa Clara County,37.226402,-121.76673400000001,
Morgan Hill Unified,Nordstrom Elementary,1425 East Dunne Avenue Morgan Hill CA 95037-7029,,,False,tested,,Santa Clara County,37.136003,-121.621845,
Morgan Hill Unified,P. A. Walsh STEAM Academy,353 West Main Avenue Morgan Hill CA 95037-4530,33.0,ppb,True,tested,,Santa Clara County,37.126738,-121.661152,110.0
Morgan Hill Unified,Paradise Valley/Machado Elementary,1400 La Crosse Drive Morgan Hill CA 95037-5675,21.0,ppb,True,tested,,Santa Clara County,37.107091,-121.64708799999998,26.0
Morgan Hill Unified,San Martin Gwinn Environmental Science Academy,100 North Street San Martin CA 95046-9517,,,False,tested,,Santa Clara County,37.088437,-121.61154199999999,
