district,schoolName,schoolAddress,medianResult,unit,lead,status,city,county,latitude,longitude
Mount Pleasant Elementary,August Boeger Middle,1944 Flint Avenue San Jose CA 95148-1213,NA,NA,FALSE,tested,San José,Santa Clara County,37.347315,-121.799312
Mount Pleasant Elementary,Ida Jew Academies,1966 Flint Avenue San Jose CA 95148-1213,NA,NA,FALSE,tested,San José,Santa Clara County,37.345827,-121.798319
Mount Pleasant Elementary,Mt. Pleasant Elementary,14275 Candler Drive San Jose CA 95127-4157,NA,NA,FALSE,tested,San Jose,Santa Clara County,37.355147,-121.810925
Mount Pleasant Elementary,Robert Sanders Elementary,3411 Rocky Mountain Drive San Jose CA 95127-4853,NA,NA,FALSE,tested,San José,Santa Clara County,37.352429,-121.801885
Mount Pleasant Elementary,Valle Vista Elementary,2400 Flint Avenue San Jose CA 95148-1719,NA,NA,FALSE,tested,San José,Santa Clara County,37.339021,-121.792081
