district,schoolName,schoolAddress,medianResult,unit,lead,status,city,county,latitude,longitude
Nevada Joint Union High,Bear River High,11130 Magnolia Road Grass Valley CA 95949-8366,NA,NA,FALSE,tested,Grass Valley,Nevada County,39.046881,-121.074798
Nevada Joint Union High,Nevada Union High,11761 Ridge Road B Grass Valley CA 95945-5025,NA,NA,FALSE,tested,Nevada City,Nevada County,39.240002,-121.05492
Nevada Joint Union High,Silver Springs High (Continuation),130 Park Avenue Grass Valley CA 95945-7202,NA,NA,NA,not tested,NA,Nevada County,39.210841,-121.062874
Nevada Joint Union High,William & Marian Ghidotti High,250 Sierra College Drive Grass Valley CA 95945-5726,NA,NA,NA,not tested,Grass Valley,Nevada County,39.235833,-121.047511
