district,schoolName,schoolAddress,medianResult,unit,lead,status,city,county,latitude,longitude
Norris Elementary,Norris Elementary,7110 Old Farm Road Bakersfield CA 93312-9005,NA,NA,FALSE,tested,Bakersfield,Kern County,35.42525,-119.13658
Norris Elementary,Norris Middle,6940 Calloway Drive Bakersfield CA 93312-9005,NA,NA,FALSE,tested,Bakersfield,Kern County,35.423442,-119.109876
Norris Elementary,Olive Drive Elementary,7800 Darrin Avenue Bakersfield CA 93308-7226,NA,NA,FALSE,tested,NA,Kern County,35.414197,-119.088902
Norris Elementary,Veterans Elementary,6301 Old Farm Road Bakersfield CA 93312-5470,NA,NA,FALSE,tested,Bakersfield,Kern County,35.417189,-119.136711
Norris Elementary,William B. Bimat Elementary,8600 Northshore Drive Bakersfield CA 93312-1947,NA,NA,FALSE,tested,Bakersfield,Kern County,35.410197,-119.098159
