district,schoolName,schoolAddress,medianResult,unit,lead,status,city,county,latitude,longitude,maxResult
Oakley Union Elementary,Almond Grove Elementary,5000 Amaryllis Street Oakley CA 94561-2206,,,,not tested,,Contra Costa County,37.974818,-121.725248,
Oakley Union Elementary,Delta Vista Middle,4901 Frank Hengel Way Oakley CA 94561-3712,,,,not tested,,Contra Costa County,37.990899,-121.689527,
Oakley Union Elementary,Gehringer Elementary,100 Simoni Ranch Road Oakley CA 94561-2713,,,,not tested,Oakley,Contra Costa County,37.975273,-121.699951,
Oakley Union Elementary,Iron House Elementary,4801 Frank Hengel Way Oakley CA 94561-4617,,,,not tested,,Contra Costa County,37.997578999999995,-121.695226,
Oakley Union Elementary,Laurel Elementary,1141 Laurel Road Oakley CA 94561-5906,,,,not tested,,Contra Costa County,37.983203,-121.71645600000001,
Oakley Union Elementary,O'Hara Park Middle,1100 O'Hara Avenue Oakley CA 94561-3502,,,,not tested,,Contra Costa County,37.987895,-121.714105,
Oakley Union Elementary,Oakley Elementary,501 Norcross Lane Oakley CA 94561-2189,,,,not tested,,Contra Costa County,37.994983000000005,-121.716284,
Oakley Union Elementary,Vintage Parkway Elementary,1000 Vintage Parkway Oakley CA 94561-3161,,,,not tested,,Contra Costa County,38.004461,-121.719848,
