district,schoolName,schoolAddress,medianResult,unit,lead,status,city,county,latitude,longitude,maxResult
Orinda Union Elementary,Del Rey Elementary,25 El Camino Moraga Orinda CA 94563-4117,9.2,ppb,True,tested,,Contra Costa County,37.846206,-122.154358,11.0
Orinda Union Elementary,Glorietta Elementary,15 Martha Road Orinda CA 94563-3558,13.0,ppb,True,tested,,Contra Costa County,37.872397,-122.16351399999999,13.0
Orinda Union Elementary,Orinda Intermediate,80 Ivy Drive Orinda CA 94563-4244,,,False,tested,,Contra Costa County,37.851294,-122.14548799999999,
Orinda Union Elementary,Sleepy Hollow Elementary,20 Washington Lane Orinda CA 94563-1325,,,False,tested,,Contra Costa County,37.90786,-122.19745400000001,
Orinda Union Elementary,Wagner Ranch Elementary,350 Camino Pablo Orinda CA 94563-1602,,,False,tested,,Contra Costa County,37.897771999999996,-122.20679299999999,
