district,schoolName,schoolAddress,medianResult,unit,lead,status,city,county,latitude,longitude
Orinda Union Elementary,Del Rey Elementary,25 El Camino Moraga Orinda CA 94563-4117,9.2,ppb,TRUE,tested,NA,Contra Costa County,37.846206,-122.154358
Orinda Union Elementary,Glorietta Elementary,15 Martha Road Orinda CA 94563-3558,13,ppb,TRUE,tested,NA,Contra Costa County,37.872397,-122.163514
Orinda Union Elementary,Orinda Intermediate,80 Ivy Drive Orinda CA 94563-4244,NA,NA,FALSE,tested,NA,Contra Costa County,37.851294,-122.145488
Orinda Union Elementary,Sleepy Hollow Elementary,20 Washington Lane Orinda CA 94563-1325,NA,NA,FALSE,tested,NA,Contra Costa County,37.90786,-122.197454
Orinda Union Elementary,Wagner Ranch Elementary,350 Camino Pablo Orinda CA 94563-1602,NA,NA,FALSE,tested,NA,Contra Costa County,37.897772,-122.206793
