district,schoolName,schoolAddress,medianResult,unit,lead,status,city,county,latitude,longitude,maxResult
Oxnard Union High,Adolfo Camarillo High,4660 Mission Oaks Boulevard Camarillo CA 93012-5132,,,,not tested,Camarillo,Ventura County,34.221949,-119.00517099999999,
Oxnard Union High,"Architecture, Construction & Engineering Charter High (ACE)",570 Airport Way Camarillo CA 93010-8500,,,,not tested,Camarillo,Ventura County,34.208374,-119.076202,
Oxnard Union High,Camarillo Academy of Progressive Education,777 Aileen Street Camarillo CA 93010-2959,,,,not tested,Camarillo,Ventura County,34.225916,-119.059498,
Oxnard Union High,Channel Islands High,1400 Raiders Way Oxnard CA 93033-5699,,,False,tested,Oxnard,Ventura County,34.171119,-119.16263899999998,
Oxnard Union High,Condor High,4000 S Rose Ave Oxnard CA 93033,,,,not tested,Oxnard,Ventura County,34.163043,-119.15931599999999,
Oxnard Union High,Frontier High,545 Airport Way Camarillo CA 93010-8581,,,False,tested,Camarillo,Ventura County,34.208443,-119.076396,
Oxnard Union High,Hueneme High,500 West Bard Road Oxnard CA 93033-6306,,,False,tested,Oxnard,Ventura County,34.159094,-119.182326,
Oxnard Union High,Oxnard High,3400 West Gonzales Road Oxnard CA 93036-7768,,,,not tested,Oxnard,Ventura County,34.219366,-119.198599,
Oxnard Union High,Pacifica High,600 East Gonzales Road Oxnard CA 93036-8266,,,False,tested,Oxnard,Ventura County,34.218099,-119.170997,
Oxnard Union High,Rancho Campana High,4235 Mar Vista Drive Camarillo CA 93010,,,,not tested,Camarillo,Ventura County,34.244586,-119.01432,
