district,schoolName,schoolAddress,medianResult,unit,lead,status,city,county,latitude,longitude
Palo Verde Unified,Felix J. Appleby Elementary,10321 Vernon Ave Blythe CA 92225-3113,NA,NA,NA,not tested,Blythe,Riverside County,33.598621,-114.594041
Palo Verde Unified,Margaret White Elementary,610 North Broadway Blythe CA 92225-1331,NA,NA,NA,not tested,NA,Riverside County,33.620344,-114.596904
Palo Verde Unified,Palo Verde High,667 North Lovekin Boulevard Blythe CA 92225-1136,NA,NA,NA,not tested,NA,Riverside County,33.621112,-114.605658
Palo Verde Unified,Ruth Brown Elementary,241 North Seventh Avenue Blythe CA 92225-1825,NA,NA,NA,not tested,Blythe,Riverside County,33.612952,-114.588924
Palo Verde Unified,Twin Palms Continuation,811 West Chanslor Way Blythe CA 92225-1118,NA,NA,NA,not tested,NA,Riverside County,33.61753,-114.607705
