district,schoolName,schoolAddress,medianResult,unit,lead,status,city,county,latitude,longitude
Patterson Joint Unified,Apricot Valley Elementary,1320 Henley Parkway Patterson CA 95363-8800,NA,NA,NA,not tested,NA,Stanislaus County,37.468918,-121.154975
Patterson Joint Unified,Creekside Middle,535 Peregrine Patterson CA 95363-2232,NA,NA,NA,not tested,NA,Stanislaus County,37.473786,-121.146951
Patterson Joint Unified,Del Puerto High,640 M Street Patterson CA 95363-2215,NA,NA,NA,not tested,NA,Stanislaus County,37.476256,-121.139609
Patterson Joint Unified,Grayson Charter,301 Howard Road Westley CA 95387-0007,NA,NA,NA,not tested,NA,Stanislaus County,37.545131,-121.198809
Patterson Joint Unified,Las Palmas Elementary,624 West Las Palmas Avenue Patterson CA 95363-2697,NA,NA,NA,not tested,NA,Stanislaus County,37.469633,-121.134065
Patterson Joint Unified,Northmead Elementary,625 L Street Patterson CA 95363-2230,NA,NA,NA,not tested,NA,Stanislaus County,37.475503,-121.138323
Patterson Joint Unified,Patterson High,200 North Seventh Street Patterson CA 95363-2215,NA,NA,NA,not tested,Patterson,Stanislaus County,37.471492,-121.138193
Patterson Joint Unified,Walnut Grove Elementary,775 North Hartley Street Patterson CA 95363-2477,NA,NA,NA,not tested,NA,Stanislaus County,37.483553,-121.12627
