district,schoolName,schoolAddress,medianResult,unit,lead,status,city,county,latitude,longitude
Belmont-Redwood Shores Elementary,Central Elementary,525 Middle Road Belmont CA 94002-2130,NA,NA,NA,not tested,Belmont,San Mateo County,37.523753,-122.282387
Belmont-Redwood Shores Elementary,Cipriani Elementary,2525 Buena Vista Belmont CA 94002-1454,NA,NA,FALSE,tested,Belmont,San Mateo County,37.515966,-122.306447
Belmont-Redwood Shores Elementary,Fox Elementary,3100 Saint James Road Belmont CA 94002-2956,NA,NA,NA,not tested,Belmont,San Mateo County,37.507815,-122.321761
Belmont-Redwood Shores Elementary,Nesbit Elementary,500 Biddulph Way Belmont CA 94002-2711,NA,NA,NA,not tested,Belmont,San Mateo County,37.525707,-122.274586
Belmont-Redwood Shores Elementary,Ralston Intermediate,2675 Ralston Avenue Belmont CA 94002-1216,NA,NA,NA,not tested,Belmont,San Mateo County,37.515114,-122.283848
Belmont-Redwood Shores Elementary,Redwood Shores Elementary,225 Shearwater Parkway Redwood City CA 94065-7449,NA,NA,FALSE,tested,Redwood City,San Mateo County,37.543329,-122.246267
Belmont-Redwood Shores Elementary,Sandpiper Elementary,801 Redwood Shores Parkway Redwood City CA 94065-2279,NA,NA,FALSE,tested,Redwood City,San Mateo County,37.530382,-122.24563
