district,schoolName,schoolAddress,medianResult,unit,lead,status,city,county,latitude,longitude,maxResult
Reef-Sunset Unified,Avenal Elementary,500 South First Avenue Avenal CA 93204-1501,,,False,tested,Avenal,Kings County,36.003547999999995,-120.13829199999999,
Reef-Sunset Unified,Avenal High,601 Mariposa Street Avenal CA 93204-1413,9.6,ppb,True,tested,Avenal,Kings County,36.009474,-120.129994,9.6
Reef-Sunset Unified,Reef Sunset Middle,608 North First Avenue Avenal CA 93204-1071,14.0,ppb,True,tested,Avenal,Kings County,36.012199,-120.13939599999999,15.0
Reef-Sunset Unified,Reef-Sunset Adult Education,205 North Park Avenue Avenal CA 93204-1425,,,,not tested,Avenal,Kings County,36.009495,-120.125394,
Reef-Sunset Unified,Reef-Sunset Primary Community Day,500 South First Street Avenal CA 93204-1558,,,,not tested,Avenal,Kings County,36.003547999999995,-120.13829199999999,
Reef-Sunset Unified,Reef-Sunset Secondary Community Day,861 Monterey Street Avenal CA 93204-1425,,,False,tested,Avenal,Kings County,36.008068,-120.12489,
Reef-Sunset Unified,Sunrise High (Continuation),209 North Park Avenue Avenal CA 93204-1425,10.0,ppb,True,tested,Avenal,Kings County,36.009514,-120.12539,10.0
Reef-Sunset Unified,Tamarack Elementary,1000 Union Avenue Avenal CA 93204-2046,7.3,ppb,True,tested,Avenal,Kings County,35.998374,-120.12486799999999,7.3
