district,schoolName,schoolAddress,medianResult,unit,lead,status,city,county,latitude,longitude,maxResult
Rincon Valley Union Elementary,Austin Creek Elementary,1480 Snowy Egret Drive Santa Rosa CA 95409-4387,,,False,tested,Santa Rosa,Sonoma County,38.465097,-122.637426,
Rincon Valley Union Elementary,Binkley Elementary Charter,4965 Canyon Drive Santa Rosa CA 95409-3204,,,False,tested,Santa Rosa,Sonoma County,38.473956,-122.663572,
Rincon Valley Union Elementary,Madrone Elementary,4550 Rinconada Drive Santa Rosa CA 95409-3030,,,False,tested,Santa Rosa,Sonoma County,38.468506,-122.67483700000001,
Rincon Valley Union Elementary,Rincon Valley Charter,5305 Dupont Dr Santa Rosa CA 95409-3843,,,False,tested,Santa Rosa,Sonoma County,38.469809000000005,-122.65290800000001,
Rincon Valley Union Elementary,Sequoia Elementary,5305 Dupont Drive Santa Rosa CA 95409-3843,,,False,tested,Santa Rosa,Sonoma County,38.469809000000005,-122.65290800000001,
Rincon Valley Union Elementary,Spring Creek Matanzas Charter,1687 Yulupa Avenue Santa Rosa CA 95405-7778,,,False,tested,Santa Rosa,Sonoma County,38.437492,-122.670745,
Rincon Valley Union Elementary,Village Elementary Charter,900 Yulupa Avenue Santa Rosa CA 95405-7018,,,False,tested,Santa Rosa,Sonoma County,38.445394,-122.675026,
Rincon Valley Union Elementary,Whited Elementary Charter,4995 Sonoma Highway Santa Rosa CA 95409-4240,,,False,tested,Santa Rosa,Sonoma County,38.464696999999994,-122.66282,
