district,schoolName,schoolAddress,medianResult,unit,lead,status,city,county,latitude,longitude
Rio Elementary,Rio Del Mar,3150 Thames River Oxnard CA 93036-5339,NA,NA,FALSE,tested,Oxnard,Ventura County,34.243674,-119.166547
Rio Elementary,Rio del Norte,2500 Lobelia Drive Oxnard CA 93036-1594,NA,NA,FALSE,tested,Oxnard,Ventura County,34.234697,-119.191424
Rio Elementary,Rio del Valle Middle,3100 Rose Avenue Oxnard CA 93036-1807,NA,NA,FALSE,tested,Oxnard,Ventura County,34.232176,-119.155379
Rio Elementary,Rio Lindo Elementary,2131 Snow Avenue Oxnard CA 93036-2503,NA,NA,FALSE,tested,Oxnard,Ventura County,34.223096,-119.165393
Rio Elementary,Rio Plaza Elementary,600 Simon Way Oxnard CA 93036-1451,NA,NA,NA,not tested,Oxnard,Ventura County,34.239949,-119.158044
Rio Elementary,Rio Real Elementary,1140 Kenney Street Oxnard CA 93036-1851,NA,NA,FALSE,tested,Oxnard,Ventura County,34.229059,-119.161044
Rio Elementary,Rio Rosales,1001 Kohala Street Oxnard CA 93030-7305,NA,NA,FALSE,tested,Oxnard,Ventura County,34.211152,-119.150831
Rio Elementary,Rio Vista Middle,3050 Thames River Drive Oxnard CA 93036-5338,NA,NA,FALSE,tested,Oxnard,Ventura County,34.242717,-119.169606
