district,schoolName,schoolAddress,medianResult,unit,lead,status,city,county,latitude,longitude,maxResult
Rio Elementary,Rio Del Mar,3150 Thames River Oxnard CA 93036-5339,,,False,tested,Oxnard,Ventura County,34.243674,-119.166547,
Rio Elementary,Rio del Norte,2500 Lobelia Drive Oxnard CA 93036-1594,,,False,tested,Oxnard,Ventura County,34.234697,-119.191424,
Rio Elementary,Rio del Valle Middle,3100 Rose Avenue Oxnard CA 93036-1807,,,False,tested,Oxnard,Ventura County,34.232176,-119.15537900000001,
Rio Elementary,Rio Lindo Elementary,2131 Snow Avenue Oxnard CA 93036-2503,,,False,tested,Oxnard,Ventura County,34.223096000000005,-119.165393,
Rio Elementary,Rio Plaza Elementary,600 Simon Way Oxnard CA 93036-1451,,,,not tested,Oxnard,Ventura County,34.239948999999996,-119.15804399999999,
Rio Elementary,Rio Real Elementary,1140 Kenney Street Oxnard CA 93036-1851,,,False,tested,Oxnard,Ventura County,34.229059,-119.16104399999999,
Rio Elementary,Rio Rosales,1001 Kohala Street Oxnard CA 93030-7305,,,False,tested,Oxnard,Ventura County,34.211152,-119.15083100000001,
Rio Elementary,Rio Vista Middle,3050 Thames River Drive Oxnard CA 93036-5338,,,False,tested,Oxnard,Ventura County,34.242717,-119.169606,
