district,schoolName,schoolAddress,medianResult,unit,lead,status,city,county,latitude,longitude
Rosemead Elementary,Emma W. Shuey Elementary,8472 East Wells Street Rosemead CA 91770-1600,NA,NA,NA,not tested,Rosemead,Los Angeles County,34.084493,-118.086566
Rosemead Elementary,Encinita Elementary,4515 North Encinita Avenue Rosemead CA 91770-1433,NA,NA,NA,not tested,Rosemead,Los Angeles County,34.087206,-118.067761
Rosemead Elementary,"Encinita Elementary, Savannah Elementary and Muscatel Middle School","3907 Rosemead Blvd, Rosemead, CA 91770",NA,NA,NA,exempt,Rosemead,Los Angeles County,34.073406,-118.073099
Rosemead Elementary,Mildred B. Janson Elementary,8628 East Marshall Rosemead CA 91770-1814,NA,NA,NA,not tested,San Gabriel,Los Angeles County,34.074875,-118.088645
Rosemead Elementary,Muscatel Middle,4201 North Ivar Avenue Rosemead CA 91770-1322,NA,NA,NA,not tested,Rosemead,Los Angeles County,34.082697,-118.075596
Rosemead Elementary,Savannah Elementary,3720 North Rio Hondo Avenue Rosemead CA 91770-2043,NA,NA,NA,not tested,Rosemead,Los Angeles County,34.076059,-118.064302
