district,schoolName,schoolAddress,medianResult,unit,lead,status,city,county,latitude,longitude
Roseville Joint Union High,Adelante High (Continuation),350 Atlantic Street Roseville CA 95678-1849,NA,NA,FALSE,tested,Roseville,Placer County,38.75286,-121.280166
Roseville Joint Union High,Antelope High,7801 Titan Drive Antelope CA 95843-6037,NA,NA,FALSE,tested,Antelope,Sacramento County,38.710849,-121.355861
Roseville Joint Union High,Granite Bay High,1 Grizzly Way Granite Bay CA 95746-7194,NA,NA,FALSE,tested,Granite Bay,Placer County,38.731927,-121.211864
Roseville Joint Union High,Independence High (Alternative),125 Berry Street Roseville CA 95678-1310,NA,NA,FALSE,tested,Roseville,Placer County,38.757944,-121.275097
Roseville Joint Union High,Oakmont High,1710 Cirby Way Roseville CA 95661-5520,NA,NA,FALSE,tested,Roseville,Placer County,38.727676,-121.260288
Roseville Joint Union High,Roseville High,1 Tiger Way Roseville CA 95678-1706,NA,NA,FALSE,tested,Roseville,Placer County,38.756372,-121.275839
Roseville Joint Union High,Woodcreek High,2551 Woodcreek Oaks Boulevard Roseville CA 95747-6074,NA,NA,FALSE,tested,Roseville,Placer County,38.762233,-121.333884
