district,schoolName,schoolAddress,medianResult,unit,lead,status,city,county,latitude,longitude
San Leandro Unified,Bancroft Middle,1150 Bancroft Avenue San Leandro CA 94577-3863,10.65,ppb,TRUE,tested,San Leandro,Alameda County,37.72815,-122.14813
San Leandro Unified,Barbara Lee Center for Health and Wellness,2251 Bancroft Ave San Leandro CA 94577,NA,NA,FALSE,tested,San Leandro,Alameda County,37.721673,-122.145482
San Leandro Unified,Burrell Pacific Sports Complex,Teagarden Street San Leandro CA 94577,NA,NA,FALSE,tested,San Leandro,Alameda County,37.707363,-122.159313
San Leandro Unified,Garfield Elementary,13050 Aurora Drive San Leandro CA 94577-3159,6.5,ppb,TRUE,tested,San Leandro,Alameda County,37.704264,-122.186137
San Leandro Unified,Jefferson Elementary,14300 Bancroft Avenue San Leandro CA 94578-1727,NA,NA,FALSE,tested,San Leandro,Alameda County,37.713036,-122.135659
San Leandro Unified,John Muir Middle,1444 Williams Street San Leandro CA 94577-2403,NA,NA,FALSE,tested,San Leandro,Alameda County,37.721329,-122.150893
San Leandro Unified,Lincoln High (Continuation),2600 Teagarden Street San Leandro CA 94579-1222,NA,NA,FALSE,tested,San Leandro,Alameda County,37.709039,-122.160271
San Leandro Unified,Madison Elementary,14751 Juniper Street San Leandro CA 94579-1222,NA,NA,FALSE,tested,San Leandro,Alameda County,37.695629,-122.160449
San Leandro Unified,McKinley Elementary,2150 East 14th Street San Leandro CA 94577-6025,NA,NA,FALSE,tested,San Leandro,Alameda County,37.71901,-122.147849
San Leandro Unified,Monroe Elementary,3750 Monterey Boulevard San Leandro CA 94578-4116,NA,NA,FALSE,tested,San Leandro,Alameda County,37.698133,-122.146121
San Leandro Unified,Roosevelt Elementary,951 Dowling Boulevard San Leandro CA 94577-2125,NA,NA,FALSE,tested,San Leandro,Alameda County,37.736358,-122.14688
San Leandro Unified,San Leandro Adult,14735 Juniper Street San Leandro CA 94577-6108,NA,NA,FALSE,tested,San Leandro,Alameda County,37.695992,-122.160509
San Leandro Unified,San Leandro High,2200 Bancroft Avenue San Leandro CA 94577-6108,5.8,ppb,TRUE,tested,San Leandro,Alameda County,37.718585,-122.141346
San Leandro Unified,San Leandro High Fred T Korematsu Campus,13701 Bancroft Ave San Leandro CA 94577,NA,NA,FALSE,tested,San Leandro,Alameda County,37.721673,-122.145482
San Leandro Unified,Washington Elementary,250 Dutton Avenue San Leandro CA 94577-2804,7.3,ppb,TRUE,tested,San Leandro,Alameda County,37.732495,-122.156522
San Leandro Unified,Wilson Elementary,1300 Williams Street San Leandro CA 94577-2401,NA,NA,FALSE,tested,San Leandro,Alameda County,37.715301,-122.165543
