district,schoolName,schoolAddress,medianResult,unit,lead,status,city,county,latitude,longitude
San Luis Coastal Unified,Baywood Elementary,1330 Ninth Street Los Osos CA 93402-1350,NA,NA,NA,not tested,Baywood-Los Osos,San Luis Obispo County,35.327118,-120.832577
San Luis Coastal Unified,Bellevue-Santa Fe Charter,1401 San Luis Bay Drive San Luis Obispo CA 93405-8003,NA,NA,FALSE,tested,San Luis Obispo,San Luis Obispo County,35.192931,-120.714422
San Luis Coastal Unified,Bishop's Peak Elementary,451 Jaycee Drive San Luis Obispo CA 93405-1245,NA,NA,FALSE,tested,San Luis Obispo,San Luis Obispo County,35.297098,-120.685695
San Luis Coastal Unified,Del Mar Elementary,501 Sequoia Street Morro Bay CA 93442-1436,NA,NA,FALSE,tested,Morro Bay,San Luis Obispo County,35.397094,-120.858449
San Luis Coastal Unified,Hawthorne Elementary,2125 Story Street San Luis Obispo CA 93401-5232,NA,NA,FALSE,tested,San Luis Obispo,San Luis Obispo County,35.270317,-120.658976
San Luis Coastal Unified,Laguna Middle,11050 Los Osos Valley Road San Luis Obispo CA 93405-6200,NA,NA,FALSE,tested,San Luis Obispo,San Luis Obispo County,35.263534,-120.696129
San Luis Coastal Unified,Los Osos Middle,1555 El Moro Street Los Osos CA 93402-1910,NA,NA,NA,not tested,Baywood-Los Osos,San Luis Obispo County,35.325242,-120.819523
San Luis Coastal Unified,Los Ranchos Elementary,5785 Los Ranchos Road San Luis Obispo CA 93401-8247,NA,NA,NA,not tested,San Luis Obispo,San Luis Obispo County,35.219605,-120.620754
San Luis Coastal Unified,Monarch Grove Elementary,348 Los Osos Valley Road Los Osos CA 93402-3120,NA,NA,NA,not tested,Baywood-Los Osos,San Luis Obispo County,35.31351,-120.848504
San Luis Coastal Unified,Morro Bay High,235 Atascadero Road Morro Bay CA 93442-1516,5.2,ppb,TRUE,tested,Morro Bay,San Luis Obispo County,35.381523,-120.85773
San Luis Coastal Unified,Pacheco Elementary,261 Cuesta Drive San Luis Obispo CA 93405-1184,NA,NA,FALSE,tested,San Luis Obispo,San Luis Obispo County,35.296247,-120.675066
San Luis Coastal Unified,Pacific Beach High,11950 Los Osos Valley Road San Luis Obispo CA 93405-6861,7.1,ppb,TRUE,tested,San Luis Obispo,San Luis Obispo County,35.253582,-120.687442
San Luis Coastal Unified,PEEP - de'Groot - Prepare,1500 Lizzie St. San Luis Obispo CA 93401-3062,NA,NA,FALSE,tested,San Luis Obispo,San Luis Obispo County,35.279867,-120.649071
San Luis Coastal Unified,Sinsheimer Elementary,2755 Augusta Street San Luis Obispo CA 93401-5307,7,ppb,TRUE,tested,San Luis Obispo,San Luis Obispo County,35.267967,-120.643521
San Luis Coastal Unified,Smith (C. L.) Elementary,1375 Balboa Street San Luis Obispo CA 93405-4935,NA,NA,FALSE,tested,San Luis Obispo,San Luis Obispo County,35.261367,-120.689547
San Luis Coastal Unified,Teach Elementary,165 Grand Avenue San Luis Obispo CA 93405-1245,NA,NA,FALSE,tested,San Luis Obispo,San Luis Obispo County,35.295236,-120.653488
