district,schoolName,schoolAddress,medianResult,unit,lead,status,city,county,latitude,longitude,maxResult
San Ramon Valley Unified,Alamo Elementary,100 Wilson Road Alamo CA 94507-1253,,,False,tested,,Contra Costa County,37.866409999999995,-122.03062299999999,
San Ramon Valley Unified,Bella Vista Elementary,1050 Trumpet Vine Lane San Ramon CA 94582,,,False,tested,San Ramon,Contra Costa County,37.752031,-121.91878899999999,
San Ramon Valley Unified,Blue Dot Academy,12998 Hawkins Dr San Ramon CA 94583,,,,not tested,,Contra Costa County,37.748875,-121.961584,
San Ramon Valley Unified,Bollinger Canyon Elementary,2300 Talavera Drive San Ramon CA 94583-2200,,,False,tested,,Contra Costa County,37.760484000000005,-121.97036999999999,
San Ramon Valley Unified,California High,9870 Broadmoor Drive San Ramon CA 94583-2942,,,False,tested,,Contra Costa County,37.746128000000006,-121.947352,
San Ramon Valley Unified,Charlotte Wood Middle,600 El Capitan Drive Danville CA 94526-5000,,,False,tested,,Contra Costa County,37.80018,-121.986104,
San Ramon Valley Unified,Country Club Elementary,7534 Blue Fox Way San Ramon CA 94583-3721,,,False,tested,,Contra Costa County,37.727953,-121.94051499999999,
San Ramon Valley Unified,Coyote Creek Elementary,8700 North Gale Ridge Road San Ramon CA 94582-5081,,,False,tested,,Contra Costa County,37.772381,-121.944236,
San Ramon Valley Unified,Creekside Elementary,6011 Massara Street Danville CA 94506-5004,,,False,tested,Danville,Contra Costa County,37.792321,-121.881254,
San Ramon Valley Unified,Del Amigo High (Continuation),189 Del Amigo Road Danville CA 94526-2399,25.0,ppb,True,tested,,Contra Costa County,37.826492,-122.01136299999999,25.0
San Ramon Valley Unified,Diablo Vista Middle,4100 Camino Tassajara Danville CA 94506-4700,,,False,tested,,Contra Costa County,37.799644,-121.89773000000001,
San Ramon Valley Unified,Dougherty Valley High,10550 Albion Road San Ramon CA 94582-2901,,,False,tested,,Contra Costa County,37.767625,-121.902625,
San Ramon Valley Unified,Ed Center,699 Old Orchard Dr Danville CA 93526-4331,,,False,tested,,Contra Costa County,37.812463,-121.97718799999998,
San Ramon Valley Unified,Gale Ranch Middle,6400 Main Branch Road San Ramon CA 94582-5825,,,False,tested,,Contra Costa County,37.765825,-121.912947,
San Ramon Valley Unified,Golden View Elementary,5025 Canyon Crest Drive San Ramon CA 94582-4848,7.5,ppb,True,tested,,Contra Costa County,37.78533,-121.943293,7.5
San Ramon Valley Unified,Green Valley Elementary,1001 Diablo Road Danville CA 94526-1923,6.1,ppb,True,tested,,Contra Costa County,37.834731,-121.978839,6.1
San Ramon Valley Unified,Greenbrook Elementary,1475 Harlan Drive Danville CA 94526-5248,,,False,tested,,Contra Costa County,37.792249,-121.974112,
San Ramon Valley Unified,Hidden Hills Elementary,12995 Harcourt Way San Ramon CA 94582-2803,,,False,tested,,Contra Costa County,37.764,-121.893225,
San Ramon Valley Unified,Iron Horse Middle,12601 Alcosta Boulevard San Ramon CA 94583-9025,,,False,tested,,Contra Costa County,37.770467,-121.956629,
San Ramon Valley Unified,John Baldwin Elementary,741 Brookside Drive Danville CA 94526-4201,,,False,tested,,Contra Costa County,37.807373999999996,-121.984351,
San Ramon Valley Unified,Lerner Academy,143 Clover Hill Court Danville CA 94526,,,,not tested,,Contra Costa County,37.813758,-121.98304399999999,
San Ramon Valley Unified,Live Oak Elementary,5151 Sherwood Way San Ramon CA 94582-5961,7.45,ppb,True,tested,,Contra Costa County,37.754670000000004,-121.89502900000001,9.0
San Ramon Valley Unified,Los Cerros Middle,968 Blemer Road Danville CA 94526-1502,,,False,tested,,Contra Costa County,37.837749,-121.98131799999999,
San Ramon Valley Unified,Montair Elementary,300 Quinterra Lane Danville CA 94526-3239,,,False,tested,Danville,Contra Costa County,37.819188,-122.004907,
San Ramon Valley Unified,Monte Vista High,3131 Stone Valley Road Danville CA 94526-1129,11.0,ppb,True,tested,,Contra Costa County,37.842615,-121.982307,11.0
San Ramon Valley Unified,Montevideo Elementary,13000 Broadmoor Drive San Ramon CA 94583-2555,11.3,ppb,True,tested,,Contra Costa County,37.754667,-121.95076100000001,53.0
San Ramon Valley Unified,Neil A. Armstrong Elementary,2849 Calais Drive San Ramon CA 94583-3116,,,False,tested,,Contra Costa County,37.740867,-121.947779,
San Ramon Valley Unified,Pine Valley Middle,3000 Pine Valley Road San Ramon CA 94583-3324,,,False,tested,,Contra Costa County,37.737881,-121.942621,
San Ramon Valley Unified,Quail Run Elementary,4000 Goldenbay Avenue San Ramon CA 94582-5814,,,False,tested,,Contra Costa County,37.761633,-121.91447600000001,
San Ramon Valley Unified,Rancho Romero Elementary,180 Hemme Avenue Alamo CA 94507-2144,,,False,tested,,Contra Costa County,37.839907000000004,-122.02797199999999,
San Ramon Valley Unified,San Ramon Valley High,501 Danville Boulevard Danville CA 94526-2404,11.0,ppb,True,tested,,Contra Costa County,37.825825,-122.006628,11.0
San Ramon Valley Unified,Service Center,3280 East Crow Canyon Rd San Ramon CA 94583,,,False,tested,,Contra Costa County,37.78033,-121.967474,
San Ramon Valley Unified,Stone Valley Middle,3001 Miranda Avenue Alamo CA 94507-1646,,,False,tested,,Contra Costa County,37.858525,-122.02053400000001,
San Ramon Valley Unified,Sycamore Valley Elementary,2200 Holbrook Drive Danville CA 94506-4413,,,False,tested,,Contra Costa County,37.806889,-121.94463400000001,
San Ramon Valley Unified,Tassajara Hills Elementary,4675 Camino Tassajara Road Danville CA 94506-5901,9.1,ppb,True,tested,,Contra Costa County,37.809672,-121.95325,9.1
San Ramon Valley Unified,Twin Creeks Elementary,2785 Marsh Drive San Ramon CA 94583-2049,,,False,tested,,Contra Costa County,37.766876,-121.986567,
San Ramon Valley Unified,Venture (Alternative),10540 Albion Road San Ramon CA 94582-2901,,,False,tested,,Contra Costa County,37.7676,-121.902708,
San Ramon Valley Unified,Vista Grande Elementary,667 Diablo Road Danville CA 94526-2801,,,False,tested,,Contra Costa County,37.825192,-121.98721100000002,
San Ramon Valley Unified,Walt Disney Elementary,3250 Pine Valley Road San Ramon CA 94583-3651,,,False,tested,,Contra Costa County,37.741437,-121.93521299999999,
San Ramon Valley Unified,Windemere Ranch Middle,11611 East Branch Parkway San Ramon CA 94582-5805,,,False,tested,,Contra Costa County,37.751858,-121.90679499999999,
