district,schoolName,schoolAddress,medianResult,unit,lead,status,city,county,latitude,longitude
San Ysidro Elementary,La Mirada Elementary,222 Avenida de la Madrid San Ysidro CA 92173-1508,NA,NA,NA,not tested,San Diego,San Diego County,32.562946,-117.046105
San Ysidro Elementary,Ocean View Hills,4919 Del Sol Boulevard San Diego CA 92154-8488,NA,NA,NA,not tested,San Diego,San Diego County,32.571483,-117.024412
San Ysidro Elementary,San Ysidro Middle,4345 Otay Mesa Road San Ysidro CA 92173-1623,NA,NA,NA,not tested,San Diego,San Diego County,32.560113,-117.039141
San Ysidro Elementary,Smythe Elementary,1880 Smythe Avenue San Ysidro CA 92173-1599,NA,NA,NA,not tested,San Diego,San Diego County,32.563896,-117.050209
San Ysidro Elementary,Sunset Elementary,3825 Sunset Lane San Ysidro CA 92173-3334,NA,NA,NA,not tested,San Diego,San Diego County,32.55756,-117.050499
San Ysidro Elementary,Vista Del Mar,4885 Del Sol Blvd San Diego CA 92154-8401,NA,NA,NA,not tested,San Diego,San Diego County,32.57428,-117.064583
San Ysidro Elementary,Willow Elementary,226 Willow Road San Ysidro CA 92173-3096,NA,NA,NA,not tested,San Diego,San Diego County,32.543702,-117.042015
