district,schoolName,schoolAddress,medianResult,unit,lead,status,city,county,latitude,longitude,maxResult
Alameda Unified,Alameda Adult,1300 Third Street Alameda CA 94501,,,,not tested,Alameda,Alameda County,37.770959000000005,-122.288416,
Alameda Unified,Alameda Community Learning Center,1900 3rd Street Alameda CA 94501-1851,,,,not tested,Livermore,Alameda County,37.679195,-121.77167800000001,
Alameda Unified,Alameda High,2201 Encinal Avenue Alameda CA 94501-4406,,,False,tested,Alameda,Alameda County,37.764247999999995,-122.248057,
Alameda Unified,Alameda Science and Technology Institute,555 Atlantic Avenue Alameda CA 94501-2109,,,False,tested,Alameda,Alameda County,37.779937,-122.273448,
Alameda Unified,Alternatives in Action,6221 E 17th Street Oakland CA 94621,,,,not tested,Oakland,Alameda County,37.764799,-122.19558,
Alameda Unified,Amelia Earhart Elementary,400 Packet Landing Road Alameda CA 94502-6534,,,False,tested,Alameda,Alameda County,37.744661,-122.238152,
Alameda Unified,Bay Farm,200 Aughinbaugh Way Alameda CA 94502-7451,,,False,tested,Alameda,Alameda County,37.738034000000006,-122.25202900000001,
Alameda Unified,Donald D. Lum Elementary,1801 Sandcreek Way Alameda CA 94501-6024,,,,not tested,Alameda,Alameda County,37.76204,-122.259003,
Alameda Unified,Edison Elementary,2700 Buena Vista Avenue Alameda CA 94501-1610,,,False,tested,Alameda,Alameda County,37.764441999999995,-122.23483200000001,
Alameda Unified,Encinal Junior/Senior High,210 Central Avenue Alameda CA 94501-3246,,,False,tested,Alameda,Alameda County,37.773607,-122.28995900000001,
Alameda Unified,Frank Otis Elementary,3010 Fillmore Street Alameda CA 94501-5544,,,False,tested,Alameda,Alameda County,37.753753,-122.238297,
Alameda Unified,Franklin Elementary,1433 San Antonio Avenue Alameda CA 94501-4039,,,False,tested,Alameda,Alameda County,37.769179,-122.26185900000002,
Alameda Unified,Henry Haight Elementary,2025 Santa Clara Avenue Alameda CA 94501-2720,,,False,tested,Alameda,Alameda County,37.769866,-122.250234,
Alameda Unified,Island High (Continuation),1900 Third Street Alameda CA 94501-1851,7.6,ppb,True,tested,Alameda,Alameda County,37.779689000000005,-122.28783200000001,7.6
Alameda Unified,Lincoln Middle,1250 Fernside Boulevard Alameda CA 94501-4808,,,False,tested,Alameda,Alameda County,37.766942,-122.23205,
Alameda Unified,Maya Lin,825 Taylor Street Alameda CA 94501-3411,,,False,tested,,Alameda County,37.887464,-122.303546,
Alameda Unified,Nea Community Learning Center,1900 Third St Alameda CA 94501-1851,,,False,tested,Alameda,Alameda County,37.779689000000005,-122.28783200000001,
Alameda Unified,Rising Star Montessori Cottage Campus,770 Santa Clara Avenue Alameda CA 94501,,,False,tested,Alameda,Alameda County,37.773337,-122.27383799999998,
Alameda Unified,Ruby Bridges Elementary,351 Jack London Avenue Alameda CA 94501-3901,,,False,tested,Alameda,Alameda County,37.781841,-122.285496,
Alameda Unified,The Academy of Alameda,401 Pacific Avenue Alameda CA 94501-1837,7.2,ppb,True,tested,Alameda,Alameda County,37.776383,-122.28546899999999,7.2
Alameda Unified,The Academy of Alameda Elementary,401 Pacific Ave. Alameda CA 94501-1837,,,False,tested,Alameda,Alameda County,37.776383,-122.28546899999999,
Alameda Unified,Will C. Wood Middle,420 Grand Street Alameda CA 94501-5941,,,False,tested,Oakland,Alameda County,37.799562,-122.280247,
Alameda Unified,William G. Paden Elementary,444 Central Avenue Alameda CA 94501-3615,,,False,tested,Alameda,Alameda County,37.770809,-122.28369199999999,
