district,schoolName,schoolAddress,medianResult,unit,lead,status,city,county,latitude,longitude,maxResult
Shasta County Office of Education,Chrysalis Charter,21945 Old Forty Four Drive Palo Cedro CA 96073-9760,,,False,tested,Palo Cedro,Shasta County,40.561706,-122.242122,
Shasta County Office of Education,Redding STEM Academy,3711 Oasis Rd. B Redding CA 96003-0397,,,,not tested,Redding,Shasta County,40.631119,-122.397705,
Shasta County Office of Education,Shasta County Independent Study Charter,11555 Oregon Trail Redding CA 96003,,,,not tested,Redding,Shasta County,40.625526,-122.313442,
Shasta County Office of Education,Shasta County Special Education,3711 Oasis Road Redding CA 96003-0397,,,,not tested,Redding,Shasta County,40.631119,-122.397705,
