district,schoolName,schoolAddress,medianResult,unit,lead,status,city,county,latitude,longitude,maxResult
Templeton Unified,Eagle Canyon High,950 Old County Road Templeton CA 93465-9419,5.4,ppb,True,tested,Templeton,San Luis Obispo County,35.544798,-120.711105,5.4
Templeton Unified,Templeton Elementary,215 Eighth Street Templeton CA 93465-9797,,,False,tested,Templeton,San Luis Obispo County,35.546903,-120.70942,
Templeton Unified,Templeton High,1200 Main Street Templeton CA 93465-9421,26.0,ppb,True,tested,Templeton,San Luis Obispo County,35.542486,-120.71118899999999,26.0
Templeton Unified,Templeton Middle,925 Old County Road Templeton CA 93465-9420,6.4,ppb,True,tested,Templeton,San Luis Obispo County,35.546079,-120.709802,6.4
Templeton Unified,Vineyard Elementary,2121 Vineyard Drive Templeton CA 93465-9412,13.3,ppb,True,tested,,San Luis Obispo County,35.541962,-120.74319399999999,13.3
