district,schoolName,schoolAddress,medianResult,unit,lead,status,city,county,latitude,longitude
Wasco Union Elementary,John L. Prueitt Elementary,3501 Seventh Street Wasco CA 93280-9533,NA,NA,FALSE,tested,Wasco,Kern County,35.592595,-119.365904
Wasco Union Elementary,Karl F. Clemens Elementary,523 Broadway Avenue Wasco CA 93280-1838,NA,NA,FALSE,tested,Wasco,Kern County,35.596465,-119.338406
Wasco Union Elementary,Palm Avenue Elementary,1017 Palm Avenue Wasco CA 93280-2112,NA,NA,FALSE,tested,NA,Kern County,35.588222,-119.34922
Wasco Union Elementary,Teresa Burke Elementary,1301 Filburn Street Wasco CA 93280-2793,NA,NA,FALSE,tested,NA,Kern County,35.579677,-119.340081
Wasco Union Elementary,Thomas Jefferson Middle,305 Griffith Avenue Wasco CA 93280-1304,NA,NA,FALSE,tested,NA,Kern County,35.598109,-119.340255
