district,schoolName,schoolAddress,medianResult,unit,lead,status,city,county,latitude,longitude,maxResult
Wasco Union Elementary,John L. Prueitt Elementary,3501 Seventh Street Wasco CA 93280-9533,,,False,tested,Wasco,Kern County,35.592595,-119.365904,
Wasco Union Elementary,Karl F. Clemens Elementary,523 Broadway Avenue Wasco CA 93280-1838,,,False,tested,Wasco,Kern County,35.596465,-119.338406,
Wasco Union Elementary,Palm Avenue Elementary,1017 Palm Avenue Wasco CA 93280-2112,,,False,tested,,Kern County,35.588221999999995,-119.34921999999999,
Wasco Union Elementary,Teresa Burke Elementary,1301 Filburn Street Wasco CA 93280-2793,,,False,tested,,Kern County,35.579677000000004,-119.34008100000001,
Wasco Union Elementary,Thomas Jefferson Middle,305 Griffith Avenue Wasco CA 93280-1304,,,False,tested,,Kern County,35.598109,-119.340255,
