district,schoolName,schoolAddress,medianResult,unit,lead,status,city,county,latitude,longitude
Winters Joint Unified,Winters Elementary,500 West Edwards Street Winters CA 95694-1804,NA,NA,NA,not tested,Winters,Yolo County,38.521166,-121.978004
Winters Joint Unified,Winters High,101 Grant Avenue Winters CA 95694-1617,NA,NA,NA,not tested,Winters,Yolo County,38.518559,-121.988573
Winters Joint Unified,Winters Middle,425 Anderson Avenue Winters CA 95694-1609,NA,NA,NA,not tested,NA,Yolo County,38.527281,-121.978189
Winters Joint Unified,Wolfskill High,200 Baker Street Winters CA 95694-1646,NA,NA,NA,not tested,Winters,Yolo County,38.522536,-121.974375
